time,15ckpitae_s37_0001m,15ckpitae_s37_0025m
2015-07-11 00:00:00,,32.346
2015-07-11 01:00:00,,32.345
2015-07-11 02:00:00,,32.349
2015-07-11 03:00:00,,32.319
2015-07-11 04:00:00,,32.35
2015-07-11 05:00:00,,32.346
2015-07-11 06:00:00,,32.347
2015-07-11 07:00:00,30.821,32.347
2015-07-11 08:00:00,30.824,32.346
2015-07-11 09:00:00,30.825,32.347
2015-07-11 10:00:00,30.829,32.347
2015-07-11 11:00:00,30.832,32.353
2015-07-11 12:00:00,30.818,32.349
2015-07-11 13:00:00,30.8,32.35
2015-07-11 14:00:00,30.765,32.345
2015-07-11 15:00:00,30.692,32.342
2015-07-11 16:00:00,30.679,32.343
2015-07-11 17:00:00,30.685,32.335
2015-07-11 18:00:00,30.696,32.352
2015-07-11 19:00:00,30.701,32.343
2015-07-11 20:00:00,30.703,32.334
2015-07-11 21:00:00,30.704,32.319
2015-07-11 22:00:00,30.704,32.347
2015-07-11 23:00:00,30.706,32.346
2015-07-12 00:00:00,30.699,32.359
2015-07-12 01:00:00,30.693,32.333
2015-07-12 02:00:00,30.701,32.341
2015-07-12 03:00:00,30.69,32.33
2015-07-12 04:00:00,30.69,32.317
2015-07-12 05:00:00,30.693,32.318
2015-07-12 06:00:00,30.697,32.313
2015-07-12 07:00:00,30.7,32.257
2015-07-12 08:00:00,30.703,32.266
2015-07-12 09:00:00,30.711,32.3
2015-07-12 10:00:00,30.719,32.32
2015-07-12 11:00:00,30.739,32.318
2015-07-12 12:00:00,30.773,32.291
2015-07-12 13:00:00,30.796,32.306
2015-07-12 14:00:00,30.814,32.228
2015-07-12 15:00:00,30.847,32.161
2015-07-12 16:00:00,30.885,32.158
2015-07-12 17:00:00,30.906,32.314
2015-07-12 18:00:00,30.914,32.281
2015-07-12 19:00:00,30.918,32.317
2015-07-12 20:00:00,30.918,32.336
2015-07-12 21:00:00,30.916,32.312
2015-07-12 22:00:00,30.914,32.309
2015-07-12 23:00:00,30.902,32.309
2015-07-13 00:00:00,30.918,32.32
2015-07-13 01:00:00,30.966,32.317
2015-07-13 02:00:00,31.028,32.33
2015-07-13 03:00:00,31.048,32.1
2015-07-13 04:00:00,31.041,32.084
2015-07-13 05:00:00,31.049,32.24
2015-07-13 06:00:00,31.052,32.232
2015-07-13 07:00:00,31.049,32.268
2015-07-13 08:00:00,31.022,32.126
2015-07-13 09:00:00,31.01,32.155
2015-07-13 10:00:00,31.008,32.302
2015-07-13 11:00:00,31.004,32.23
2015-07-13 12:00:00,30.995,32.268
2015-07-13 13:00:00,31.001,32.3
2015-07-13 14:00:00,31.034,32.243
2015-07-13 15:00:00,31.059,31.954
2015-07-13 16:00:00,31.078,32.19
2015-07-13 17:00:00,31.081,32.154
2015-07-13 18:00:00,31.084,32.055
2015-07-13 19:00:00,31.087,32.183
2015-07-13 20:00:00,31.087,32.147
2015-07-13 21:00:00,31.086,32.082
2015-07-13 22:00:00,31.097,32.107
2015-07-13 23:00:00,31.101,32.18
2015-07-14 00:00:00,31.101,32.251
2015-07-14 01:00:00,31.1,32.214
2015-07-14 02:00:00,31.096,32.187
2015-07-14 03:00:00,31.093,32.096
2015-07-14 04:00:00,31.092,32.14
2015-07-14 05:00:00,31.091,32.013
2015-07-14 06:00:00,31.091,32.121
2015-07-14 07:00:00,31.09,32.167
2015-07-14 08:00:00,31.09,32.153
2015-07-14 09:00:00,31.093,32.244
2015-07-14 10:00:00,31.099,32.21
2015-07-14 11:00:00,31.105,32.188
2015-07-14 12:00:00,31.109,32.164
2015-07-14 13:00:00,31.125,32.189
2015-07-14 14:00:00,31.155,32.228
2015-07-14 15:00:00,31.17,32.323
2015-07-14 16:00:00,31.16,32.298
2015-07-14 17:00:00,31.159,32.145
2015-07-14 18:00:00,31.161,32.289
2015-07-14 19:00:00,31.162,32.321
2015-07-14 20:00:00,31.16,32.294
2015-07-14 21:00:00,31.156,32.316
2015-07-14 22:00:00,31.146,32.318
2015-07-14 23:00:00,31.138,32.321
2015-07-15 00:00:00,31.135,32.345
2015-07-15 01:00:00,31.129,32.336
2015-07-15 02:00:00,31.118,32.067
2015-07-15 03:00:00,31.115,32.164
2015-07-15 04:00:00,31.119,32.242
2015-07-15 05:00:00,31.126,32.289
2015-07-15 06:00:00,31.139,32.265
2015-07-15 07:00:00,31.148,32.233
2015-07-15 08:00:00,31.007,32.257
2015-07-15 09:00:00,30.985,32.133
2015-07-15 10:00:00,30.972,32.06
2015-07-15 11:00:00,30.984,32.304
2015-07-15 12:00:00,30.992,32.303
2015-07-15 13:00:00,30.997,32.204
2015-07-15 14:00:00,30.99,32.257
2015-07-15 15:00:00,30.966,32.193
2015-07-15 16:00:00,30.968,32.169
2015-07-15 17:00:00,30.989,32.33
2015-07-15 18:00:00,31.057,32.305
2015-07-15 19:00:00,31.058,32.312
2015-07-15 20:00:00,31.051,32.258
2015-07-15 21:00:00,31.004,32.138
2015-07-15 22:00:00,30.998,31.886
2015-07-15 23:00:00,31.008,31.842
2015-07-16 00:00:00,31.017,32.082
2015-07-16 01:00:00,31.021,32.194
2015-07-16 02:00:00,31.053,32.313
2015-07-16 03:00:00,31.071,32.266
2015-07-16 04:00:00,31.09,32.208
2015-07-16 05:00:00,31.118,32.269
2015-07-16 06:00:00,31.143,32.291
2015-07-16 07:00:00,31.167,32.3
2015-07-16 08:00:00,31.178,32.307
2015-07-16 09:00:00,31.19,32.163
2015-07-16 10:00:00,31.19,32.327
2015-07-16 11:00:00,31.198,32.347
2015-07-16 12:00:00,31.206,32.351
2015-07-16 13:00:00,31.204,32.353
2015-07-16 14:00:00,31.19,32.341
2015-07-16 15:00:00,31.159,32.311
2015-07-16 16:00:00,31.156,32.34
2015-07-16 17:00:00,31.151,32.344
2015-07-16 18:00:00,31.173,32.339
2015-07-16 19:00:00,31.205,32.349
2015-07-16 20:00:00,31.231,32.331
2015-07-16 21:00:00,31.238,32.332
2015-07-16 22:00:00,31.229,32.336
2015-07-16 23:00:00,31.217,32.341
2015-07-17 00:00:00,31.214,32.336
2015-07-17 01:00:00,31.206,32.328
2015-07-17 02:00:00,31.194,32.323
2015-07-17 03:00:00,31.2,32.344
2015-07-17 04:00:00,31.204,32.328
2015-07-17 05:00:00,31.212,32.336
2015-07-17 06:00:00,31.2,32.34
2015-07-17 07:00:00,31.151,32.343
2015-07-17 08:00:00,31.164,32.365
2015-07-17 09:00:00,31.19,32.31
2015-07-17 10:00:00,31.194,32.322
2015-07-17 11:00:00,31.192,32.341
2015-07-17 12:00:00,31.188,32.345
2015-07-17 13:00:00,31.186,32.339
2015-07-17 14:00:00,31.164,32.324
2015-07-17 15:00:00,31.044,32.331
2015-07-17 16:00:00,31.034,32.326
2015-07-17 17:00:00,31.01,32.336
2015-07-17 18:00:00,31.018,32.328
2015-07-17 19:00:00,31.04,32.306
2015-07-17 20:00:00,31.056,32.306
2015-07-17 21:00:00,31.066,32.304
2015-07-17 22:00:00,31.068,32.296
2015-07-17 23:00:00,31.067,32.298
2015-07-18 00:00:00,31.067,32.294
2015-07-18 01:00:00,31.07,32.296
2015-07-18 02:00:00,31.071,32.292
2015-07-18 03:00:00,31.067,32.292
2015-07-18 04:00:00,31.065,32.292
2015-07-18 05:00:00,31.079,32.297
2015-07-18 06:00:00,31.09,32.296
2015-07-18 07:00:00,31.086,32.302
2015-07-18 08:00:00,31.077,32.296
2015-07-18 09:00:00,31.112,32.288
2015-07-18 10:00:00,31.058,32.308
2015-07-18 11:00:00,31.078,32.296
2015-07-18 12:00:00,31.051,32.302
2015-07-18 13:00:00,31.079,32.303
2015-07-18 14:00:00,31.102,32.306
2015-07-18 15:00:00,31.102,32.302
2015-07-18 16:00:00,31.099,32.301
2015-07-18 17:00:00,31.094,32.297
2015-07-18 18:00:00,31.059,32.257
2015-07-18 19:00:00,31.095,32.279
2015-07-18 20:00:00,31.081,32.206
2015-07-18 21:00:00,31.057,32.214
2015-07-18 22:00:00,31.037,32.198
2015-07-18 23:00:00,31.024,32.144
2015-07-19 00:00:00,31.02,32.25
2015-07-19 01:00:00,31.015,32.16
2015-07-19 02:00:00,31.01,32.091
2015-07-19 03:00:00,31.014,32.092
2015-07-19 04:00:00,31.029,32.127
2015-07-19 05:00:00,31.055,32.244
2015-07-19 06:00:00,31.08,32.199
2015-07-19 07:00:00,31.107,32.225
2015-07-19 08:00:00,31.11,32.174
2015-07-19 09:00:00,31.112,32.18
2015-07-19 10:00:00,31.042,32.187
2015-07-19 11:00:00,30.995,32.184
2015-07-19 12:00:00,30.996,32.22
2015-07-19 13:00:00,31.031,32.18
2015-07-19 14:00:00,31.036,32.155
2015-07-19 15:00:00,31.031,32.202
2015-07-19 16:00:00,31.004,32.268
2015-07-19 17:00:00,30.984,32.302
2015-07-19 18:00:00,30.986,32.205
2015-07-19 19:00:00,31.016,32.256
2015-07-19 20:00:00,30.997,32.324
2015-07-19 21:00:00,31.006,32.345
2015-07-19 22:00:00,31.011,32.332
2015-07-19 23:00:00,30.996,32.351
2015-07-20 00:00:00,30.998,32.191
2015-07-20 01:00:00,31.013,32.232
2015-07-20 02:00:00,31.0,32.194
2015-07-20 03:00:00,31.015,32.174
2015-07-20 04:00:00,30.997,32.207
2015-07-20 05:00:00,31.007,32.065
2015-07-20 06:00:00,31.027,32.075
2015-07-20 07:00:00,31.053,31.983
2015-07-20 08:00:00,31.126,32.096
2015-07-20 09:00:00,31.132,32.064
2015-07-20 10:00:00,31.15,32.144
2015-07-20 11:00:00,31.146,32.053
2015-07-20 12:00:00,31.232,32.144
2015-07-20 13:00:00,31.264,32.233
2015-07-20 14:00:00,31.262,32.228
2015-07-20 15:00:00,31.296,32.288
2015-07-20 16:00:00,31.31,32.266
2015-07-20 17:00:00,31.31,32.252
2015-07-20 18:00:00,31.314,32.264
2015-07-20 19:00:00,31.313,32.241
2015-07-20 20:00:00,31.304,32.14
2015-07-20 21:00:00,31.296,32.157
2015-07-20 22:00:00,31.272,32.13
2015-07-20 23:00:00,31.264,32.178
2015-07-21 00:00:00,31.265,32.146
2015-07-21 01:00:00,31.267,32.16
2015-07-21 02:00:00,31.266,32.174
2015-07-21 03:00:00,31.262,32.185
2015-07-21 04:00:00,31.276,32.214
2015-07-21 05:00:00,31.288,32.204
2015-07-21 06:00:00,31.296,32.219
2015-07-21 07:00:00,31.311,32.217
2015-07-21 08:00:00,31.286,32.251
2015-07-21 09:00:00,31.284,32.228
2015-07-21 10:00:00,31.287,32.244
2015-07-21 11:00:00,31.292,32.28
2015-07-21 12:00:00,31.296,32.351
2015-07-21 13:00:00,31.288,32.333
2015-07-21 14:00:00,31.281,32.338
2015-07-21 15:00:00,31.274,32.308
2015-07-21 16:00:00,31.27,32.27
2015-07-21 17:00:00,31.272,32.302
2015-07-21 18:00:00,31.276,32.35
2015-07-21 19:00:00,31.265,32.312
2015-07-21 20:00:00,31.266,32.346
2015-07-21 21:00:00,31.238,32.35
2015-07-21 22:00:00,31.216,32.352
2015-07-21 23:00:00,31.209,32.351
2015-07-22 00:00:00,31.255,32.352
2015-07-22 01:00:00,31.209,32.35
2015-07-22 02:00:00,31.178,32.35
2015-07-22 03:00:00,31.18,32.351
2015-07-22 04:00:00,31.216,32.35
2015-07-22 05:00:00,31.241,32.348
2015-07-22 06:00:00,31.273,32.343
2015-07-22 07:00:00,31.288,32.352
2015-07-22 08:00:00,31.284,32.354
2015-07-22 09:00:00,31.294,32.353
2015-07-22 10:00:00,31.31,32.353
2015-07-22 11:00:00,31.318,32.357
2015-07-22 12:00:00,31.309,32.36
2015-07-22 13:00:00,31.284,32.357
2015-07-22 14:00:00,31.226,32.353
2015-07-22 15:00:00,31.217,32.352
2015-07-22 16:00:00,31.207,32.352
2015-07-22 17:00:00,31.204,32.352
2015-07-22 18:00:00,31.198,32.354
2015-07-22 19:00:00,31.191,32.358
2015-07-22 20:00:00,31.18,32.368
2015-07-22 21:00:00,31.154,32.374
2015-07-22 22:00:00,31.139,32.351
2015-07-22 23:00:00,31.097,32.355
2015-07-23 00:00:00,31.088,32.345
2015-07-23 01:00:00,31.09,32.362
2015-07-23 02:00:00,31.095,32.36
2015-07-23 03:00:00,31.109,32.372
2015-07-23 04:00:00,31.119,32.377
2015-07-23 05:00:00,31.126,32.376
2015-07-23 06:00:00,31.132,32.381
2015-07-23 07:00:00,31.141,32.386
2015-07-23 08:00:00,31.141,32.375
2015-07-23 09:00:00,31.16,32.377
2015-07-23 10:00:00,31.197,32.372
2015-07-23 11:00:00,31.248,32.318
2015-07-23 12:00:00,31.28,32.289
2015-07-23 13:00:00,31.299,32.249
2015-07-23 14:00:00,31.324,32.324
2015-07-23 15:00:00,31.335,32.369
2015-07-23 16:00:00,31.349,32.357
2015-07-23 17:00:00,31.353,32.386
2015-07-23 18:00:00,31.349,32.354
2015-07-23 19:00:00,31.352,32.357
2015-07-23 20:00:00,31.381,32.364
2015-07-23 21:00:00,31.382,32.354
2015-07-23 22:00:00,31.343,32.35
2015-07-23 23:00:00,31.335,32.342
2015-07-24 00:00:00,31.346,32.343
2015-07-24 01:00:00,31.352,32.356
2015-07-24 02:00:00,31.355,32.355
2015-07-24 03:00:00,31.356,32.359
2015-07-24 04:00:00,31.358,32.355
2015-07-24 05:00:00,31.363,32.356
2015-07-24 06:00:00,31.369,32.354
2015-07-24 07:00:00,31.372,32.37
2015-07-24 08:00:00,31.373,32.352
2015-07-24 09:00:00,31.387,32.366
2015-07-24 10:00:00,31.384,32.379
2015-07-24 11:00:00,31.366,32.379
2015-07-24 12:00:00,31.375,32.375
2015-07-24 13:00:00,31.381,32.369
2015-07-24 14:00:00,31.359,32.372
2015-07-24 15:00:00,31.346,32.362
2015-07-24 16:00:00,31.334,32.358
2015-07-24 17:00:00,31.329,32.369
2015-07-24 18:00:00,31.32,32.365
2015-07-24 19:00:00,31.3,32.363
2015-07-24 20:00:00,31.296,32.371
2015-07-24 21:00:00,31.274,32.346
2015-07-24 22:00:00,31.103,32.365
2015-07-24 23:00:00,30.959,32.367
2015-07-25 00:00:00,30.961,32.372
2015-07-25 01:00:00,31.011,32.378
2015-07-25 02:00:00,31.054,32.367
2015-07-25 03:00:00,31.08,32.371
2015-07-25 04:00:00,31.095,32.365
2015-07-25 05:00:00,31.108,32.362
2015-07-25 06:00:00,31.116,32.353
2015-07-25 07:00:00,31.132,32.36
2015-07-25 08:00:00,31.176,32.356
2015-07-25 09:00:00,31.274,32.343
2015-07-25 10:00:00,31.336,32.354
2015-07-25 11:00:00,31.396,32.348
2015-07-25 12:00:00,31.402,32.351
2015-07-25 13:00:00,31.421,32.359
2015-07-25 14:00:00,31.445,32.351
2015-07-25 15:00:00,31.462,32.348
2015-07-25 16:00:00,31.473,32.36
2015-07-25 17:00:00,31.431,32.372
2015-07-25 18:00:00,31.408,32.34
2015-07-25 19:00:00,31.396,32.35
2015-07-25 20:00:00,31.381,32.35
2015-07-25 21:00:00,31.313,32.36
2015-07-25 22:00:00,31.316,32.369
2015-07-25 23:00:00,31.334,32.367
2015-07-26 00:00:00,31.35,32.37
2015-07-26 01:00:00,31.358,32.37
2015-07-26 02:00:00,31.357,32.368
2015-07-26 03:00:00,31.354,32.372
2015-07-26 04:00:00,31.359,32.371
2015-07-26 05:00:00,31.354,32.37
2015-07-26 06:00:00,31.344,32.37
2015-07-26 07:00:00,31.34,32.371
2015-07-26 08:00:00,31.341,32.375
2015-07-26 09:00:00,31.346,32.373
2015-07-26 10:00:00,31.364,32.376
2015-07-26 11:00:00,31.372,32.376
2015-07-26 12:00:00,31.101,32.375
2015-07-26 13:00:00,31.051,32.37
2015-07-26 14:00:00,31.005,32.35
2015-07-26 15:00:00,31.006,32.365
2015-07-26 16:00:00,31.023,32.354
2015-07-26 17:00:00,31.025,32.346
2015-07-26 18:00:00,31.031,32.343
2015-07-26 19:00:00,31.036,32.351
2015-07-26 20:00:00,31.039,32.355
2015-07-26 21:00:00,31.042,32.338
2015-07-26 22:00:00,31.047,32.343
2015-07-26 23:00:00,31.053,32.355
2015-07-27 00:00:00,31.058,32.337
2015-07-27 01:00:00,31.068,32.337
2015-07-27 02:00:00,31.083,32.333
2015-07-27 03:00:00,31.098,32.325
2015-07-27 04:00:00,31.111,32.333
2015-07-27 05:00:00,31.118,32.355
2015-07-27 06:00:00,31.118,32.348
2015-07-27 07:00:00,31.117,32.35
2015-07-27 08:00:00,31.122,32.361
2015-07-27 09:00:00,31.139,32.351
2015-07-27 10:00:00,31.152,32.352
2015-07-27 11:00:00,31.161,32.361
2015-07-27 12:00:00,31.173,32.351
2015-07-27 13:00:00,31.194,32.341
2015-07-27 14:00:00,31.204,32.336
2015-07-27 15:00:00,31.212,32.327
2015-07-27 16:00:00,31.229,32.34
2015-07-27 17:00:00,31.24,32.352
2015-07-27 18:00:00,31.248,32.343
2015-07-27 19:00:00,31.256,32.362
2015-07-27 20:00:00,31.262,32.335
2015-07-27 21:00:00,31.264,32.337
2015-07-27 22:00:00,31.255,32.347
2015-07-27 23:00:00,31.266,32.342
2015-07-28 00:00:00,31.289,32.34
2015-07-28 01:00:00,31.31,32.316
2015-07-28 02:00:00,31.319,32.323
2015-07-28 03:00:00,31.325,32.326
2015-07-28 04:00:00,31.321,32.334
2015-07-28 05:00:00,31.32,32.341
2015-07-28 06:00:00,31.318,32.317
2015-07-28 07:00:00,31.313,32.329
2015-07-28 08:00:00,31.306,32.301
2015-07-28 09:00:00,31.301,32.303
2015-07-28 10:00:00,31.302,32.318
2015-07-28 11:00:00,31.298,32.32
2015-07-28 12:00:00,31.316,32.334
2015-07-28 13:00:00,31.353,32.35
2015-07-28 14:00:00,31.409,32.335
2015-07-28 15:00:00,31.421,32.34
2015-07-28 16:00:00,31.228,32.343
2015-07-28 17:00:00,31.211,32.356
2015-07-28 18:00:00,31.188,32.365
2015-07-28 19:00:00,31.112,32.345
2015-07-28 20:00:00,31.103,32.339
2015-07-28 21:00:00,31.11,32.334
2015-07-28 22:00:00,31.129,32.327
2015-07-28 23:00:00,31.139,32.323
2015-07-29 00:00:00,31.125,32.307
2015-07-29 01:00:00,31.115,32.338
2015-07-29 02:00:00,31.138,32.339
2015-07-29 03:00:00,31.192,32.347
2015-07-29 04:00:00,31.219,32.356
2015-07-29 05:00:00,31.24,32.306
2015-07-29 06:00:00,31.258,32.292
2015-07-29 07:00:00,31.27,32.317
2015-07-29 08:00:00,31.273,32.308
2015-07-29 09:00:00,31.275,32.325
2015-07-29 10:00:00,31.278,32.331
2015-07-29 11:00:00,31.276,32.344
2015-07-29 12:00:00,31.256,32.348
2015-07-29 13:00:00,31.272,32.321
2015-07-29 14:00:00,31.301,32.208
2015-07-29 15:00:00,31.346,32.272
2015-07-29 16:00:00,31.383,32.173
2015-07-29 17:00:00,31.41,32.171
2015-07-29 18:00:00,31.419,32.228
2015-07-29 19:00:00,31.382,32.208
2015-07-29 20:00:00,31.361,32.141
2015-07-29 21:00:00,31.35,32.242
2015-07-29 22:00:00,31.342,32.267
2015-07-29 23:00:00,31.357,32.151
2015-07-30 00:00:00,31.501,32.205
2015-07-30 01:00:00,31.581,32.247
2015-07-30 02:00:00,31.534,32.228
2015-07-30 03:00:00,31.53,32.294
2015-07-30 04:00:00,31.548,32.321
2015-07-30 05:00:00,31.558,32.35
2015-07-30 06:00:00,31.531,32.355
2015-07-30 07:00:00,31.516,32.335
2015-07-30 08:00:00,31.503,32.322
2015-07-30 09:00:00,31.473,32.237
2015-07-30 10:00:00,31.471,32.353
2015-07-30 11:00:00,31.454,32.247
2015-07-30 12:00:00,31.456,32.27
2015-07-30 13:00:00,31.453,32.309
2015-07-30 14:00:00,31.495,32.31
2015-07-30 15:00:00,31.548,32.268
2015-07-30 16:00:00,31.549,32.259
2015-07-30 17:00:00,31.54,32.286
2015-07-30 18:00:00,31.529,32.325
2015-07-30 19:00:00,31.524,32.273
2015-07-30 20:00:00,31.522,32.216
2015-07-30 21:00:00,31.524,32.271
2015-07-30 22:00:00,31.524,32.313
2015-07-30 23:00:00,31.518,32.322
2015-07-31 00:00:00,31.518,32.339
2015-07-31 01:00:00,31.529,32.342
2015-07-31 02:00:00,31.556,32.346
2015-07-31 03:00:00,31.523,32.355
2015-07-31 04:00:00,31.542,32.325
2015-07-31 05:00:00,31.567,32.317
2015-07-31 06:00:00,31.522,32.296
2015-07-31 07:00:00,31.497,32.273
2015-07-31 08:00:00,31.362,32.295
2015-07-31 09:00:00,31.226,32.314
2015-07-31 10:00:00,31.2,32.317
2015-07-31 11:00:00,31.202,32.324
2015-07-31 12:00:00,31.225,32.334
2015-07-31 13:00:00,31.175,32.344
2015-07-31 14:00:00,31.112,32.373
2015-07-31 15:00:00,31.094,32.363
2015-07-31 16:00:00,31.049,32.366
2015-07-31 17:00:00,31.021,32.364
2015-07-31 18:00:00,31.01,32.348
2015-07-31 19:00:00,31.03,32.342
2015-07-31 20:00:00,31.053,32.369
2015-07-31 21:00:00,31.051,32.369
2015-07-31 22:00:00,30.997,32.363
2015-07-31 23:00:00,30.976,32.355
2015-08-01 00:00:00,30.97,32.358
2015-08-01 01:00:00,30.98,32.383
2015-08-01 02:00:00,30.992,32.397
2015-08-01 03:00:00,31.001,32.407
2015-08-01 04:00:00,31.013,32.395
2015-08-01 05:00:00,31.034,32.364
2015-08-01 06:00:00,31.025,32.38
2015-08-01 07:00:00,30.997,32.387
2015-08-01 08:00:00,30.979,32.401
2015-08-01 09:00:00,30.978,32.404
2015-08-01 10:00:00,30.983,32.41
2015-08-01 11:00:00,30.99,32.386
2015-08-01 12:00:00,30.976,32.387
2015-08-01 13:00:00,30.901,32.368
2015-08-01 14:00:00,30.794,32.395
2015-08-01 15:00:00,30.846,32.371
2015-08-01 16:00:00,30.905,32.37
2015-08-01 17:00:00,30.784,32.362
2015-08-01 18:00:00,30.689,32.356
2015-08-01 19:00:00,30.631,32.344
2015-08-01 20:00:00,30.639,32.347
2015-08-01 21:00:00,30.653,32.352
2015-08-01 22:00:00,30.668,32.354
2015-08-01 23:00:00,30.68,32.284
2015-08-02 00:00:00,30.68,32.176
2015-08-02 01:00:00,30.71,32.213
2015-08-02 02:00:00,30.716,32.287
2015-08-02 03:00:00,30.691,32.348
2015-08-02 04:00:00,30.686,32.356
2015-08-02 05:00:00,30.708,32.359
2015-08-02 06:00:00,30.747,32.351
2015-08-02 07:00:00,30.762,32.311
2015-08-02 08:00:00,30.806,32.301
2015-08-02 09:00:00,30.852,32.3
2015-08-02 10:00:00,30.849,32.26
2015-08-02 11:00:00,30.82,32.239
2015-08-02 12:00:00,30.83,32.218
2015-08-02 13:00:00,30.852,32.313
2015-08-02 14:00:00,30.917,32.339
2015-08-02 15:00:00,30.99,32.343
2015-08-02 16:00:00,30.974,32.341
2015-08-02 17:00:00,30.965,32.317
2015-08-02 18:00:00,30.954,32.232
2015-08-02 19:00:00,30.961,32.277
2015-08-02 20:00:00,30.99,32.205
2015-08-02 21:00:00,30.96,32.139
2015-08-02 22:00:00,30.863,32.203
2015-08-02 23:00:00,30.949,32.304
2015-08-03 00:00:00,31.064,32.331
2015-08-03 01:00:00,31.076,32.345
2015-08-03 02:00:00,30.994,32.347
2015-08-03 03:00:00,30.998,32.284
2015-08-03 04:00:00,30.943,32.299
2015-08-03 05:00:00,30.941,32.297
2015-08-03 06:00:00,30.699,32.248
2015-08-03 07:00:00,30.639,32.23
2015-08-03 08:00:00,30.613,32.211
2015-08-03 09:00:00,30.61,32.132
2015-08-03 10:00:00,30.615,32.114
2015-08-03 11:00:00,30.617,32.13
2015-08-03 12:00:00,30.64,32.139
2015-08-03 13:00:00,30.668,32.107
2015-08-03 14:00:00,30.697,32.131
2015-08-03 15:00:00,30.758,32.168
2015-08-03 16:00:00,30.798,32.157
2015-08-03 17:00:00,30.688,32.198
2015-08-03 18:00:00,30.718,32.123
2015-08-03 19:00:00,30.842,32.175
2015-08-03 20:00:00,30.908,32.142
2015-08-03 21:00:00,30.737,32.173
2015-08-03 22:00:00,30.452,32.154
2015-08-03 23:00:00,30.446,32.165
2015-08-04 00:00:00,30.519,32.151
2015-08-04 01:00:00,30.718,32.166
2015-08-04 02:00:00,30.679,32.142
2015-08-04 03:00:00,30.55,32.046
2015-08-04 04:00:00,30.319,32.241
2015-08-04 05:00:00,30.256,32.23
2015-08-04 06:00:00,30.255,32.181
2015-08-04 07:00:00,30.278,32.163
2015-08-04 08:00:00,30.223,32.148
2015-08-04 09:00:00,30.228,32.132
2015-08-04 10:00:00,30.24,32.135
2015-08-04 11:00:00,30.269,32.173
2015-08-04 12:00:00,30.265,32.196
2015-08-04 13:00:00,30.29,32.211
2015-08-04 14:00:00,30.297,32.202
2015-08-04 15:00:00,30.288,32.22
2015-08-04 16:00:00,30.275,32.22
2015-08-04 17:00:00,30.179,32.218
2015-08-04 18:00:00,29.877,32.219
2015-08-04 19:00:00,29.673,32.258
2015-08-04 20:00:00,29.494,32.274
2015-08-04 21:00:00,29.465,32.261
2015-08-04 22:00:00,29.47,32.256
2015-08-04 23:00:00,29.492,32.267
2015-08-05 00:00:00,29.488,32.266
2015-08-05 01:00:00,29.489,32.212
2015-08-05 02:00:00,29.479,32.24
2015-08-05 03:00:00,29.458,32.124
2015-08-05 04:00:00,29.4,32.084
2015-08-05 05:00:00,29.321,32.226
2015-08-05 06:00:00,29.265,32.245
2015-08-05 07:00:00,29.25,32.269
2015-08-05 08:00:00,29.284,32.242
2015-08-05 09:00:00,29.383,32.16
2015-08-05 10:00:00,29.439,32.058
2015-08-05 11:00:00,29.486,31.922
2015-08-05 12:00:00,29.523,31.892
2015-08-05 13:00:00,29.53,31.994
2015-08-05 14:00:00,29.526,32.203
2015-08-05 15:00:00,29.507,32.19
2015-08-05 16:00:00,29.48,31.929
2015-08-05 17:00:00,29.403,31.862
2015-08-05 18:00:00,29.415,31.869
2015-08-05 19:00:00,29.5,31.989
2015-08-05 20:00:00,29.471,31.889
2015-08-05 21:00:00,29.462,31.938
2015-08-05 22:00:00,29.443,31.969
2015-08-05 23:00:00,29.434,32.161
2015-08-06 00:00:00,29.439,32.277
2015-08-06 01:00:00,29.458,32.227
2015-08-06 02:00:00,29.446,32.043
2015-08-06 03:00:00,29.451,32.126
2015-08-06 04:00:00,29.427,32.163
2015-08-06 05:00:00,29.43,32.234
2015-08-06 06:00:00,29.462,32.266
2015-08-06 07:00:00,29.433,32.226
2015-08-06 08:00:00,29.44,32.221
2015-08-06 09:00:00,29.446,32.294
2015-08-06 10:00:00,29.445,32.279
2015-08-06 11:00:00,29.504,32.229
2015-08-06 12:00:00,29.557,32.182
2015-08-06 13:00:00,29.518,32.279
2015-08-06 14:00:00,29.499,32.286
2015-08-06 15:00:00,29.508,32.284
2015-08-06 16:00:00,29.49,32.305
2015-08-06 17:00:00,29.497,32.3
2015-08-06 18:00:00,29.496,32.291
2015-08-06 19:00:00,29.556,32.254
2015-08-06 20:00:00,29.652,32.279
2015-08-06 21:00:00,29.7,32.312
2015-08-06 22:00:00,29.757,32.243
2015-08-06 23:00:00,29.824,32.214
2015-08-07 00:00:00,29.928,32.219
2015-08-07 01:00:00,30.016,32.118
2015-08-07 02:00:00,30.111,32.12
2015-08-07 03:00:00,30.058,32.175
2015-08-07 04:00:00,29.76,32.18
2015-08-07 05:00:00,29.253,32.166
2015-08-07 06:00:00,29.174,32.142
2015-08-07 07:00:00,29.175,32.126
2015-08-07 08:00:00,29.167,32.189
2015-08-07 09:00:00,29.183,32.128
2015-08-07 10:00:00,29.231,32.191
2015-08-07 11:00:00,29.257,32.179
2015-08-07 12:00:00,29.304,32.079
2015-08-07 13:00:00,29.257,32.104
2015-08-07 14:00:00,29.227,32.158
2015-08-07 15:00:00,29.22,32.214
2015-08-07 16:00:00,29.266,32.183
2015-08-07 17:00:00,29.326,32.194
2015-08-07 18:00:00,29.389,32.244
2015-08-07 19:00:00,29.432,32.169
2015-08-07 20:00:00,29.496,32.158
2015-08-07 21:00:00,29.492,32.123
2015-08-07 22:00:00,29.459,32.233
2015-08-07 23:00:00,29.455,32.235
2015-08-08 00:00:00,29.456,32.214
2015-08-08 01:00:00,29.47,32.255
2015-08-08 02:00:00,29.478,32.237
2015-08-08 03:00:00,29.536,32.216
2015-08-08 04:00:00,29.582,32.222
2015-08-08 05:00:00,29.721,32.216
2015-08-08 06:00:00,29.751,32.222
2015-08-08 07:00:00,29.764,32.22
2015-08-08 08:00:00,29.629,32.214
2015-08-08 09:00:00,29.479,32.201
2015-08-08 10:00:00,29.372,32.201
2015-08-08 11:00:00,29.31,32.215
2015-08-08 12:00:00,29.328,32.19
2015-08-08 13:00:00,29.457,32.184
2015-08-08 14:00:00,29.659,32.217
2015-08-08 15:00:00,29.739,32.229
2015-08-08 16:00:00,29.828,32.222
2015-08-08 17:00:00,29.858,32.221
2015-08-08 18:00:00,29.873,32.212
2015-08-08 19:00:00,29.918,32.191
2015-08-08 20:00:00,29.969,32.194
2015-08-08 21:00:00,30.007,32.186
2015-08-08 22:00:00,30.049,32.18
2015-08-08 23:00:00,30.085,32.19
2015-08-09 00:00:00,30.011,32.172
2015-08-09 01:00:00,29.998,32.161
2015-08-09 02:00:00,30.156,32.151
2015-08-09 03:00:00,30.404,32.155
2015-08-09 04:00:00,30.371,32.144
2015-08-09 05:00:00,30.366,32.146
2015-08-09 06:00:00,30.418,32.132
2015-08-09 07:00:00,30.45,32.139
2015-08-09 08:00:00,30.465,32.125
2015-08-09 09:00:00,30.532,32.135
2015-08-09 10:00:00,30.597,32.133
2015-08-09 11:00:00,30.903,32.117
2015-08-09 12:00:00,30.743,32.11
2015-08-09 13:00:00,30.613,32.113
2015-08-09 14:00:00,30.596,32.172
2015-08-09 15:00:00,30.634,32.176
2015-08-09 16:00:00,30.647,32.178
2015-08-09 17:00:00,30.663,32.175
2015-08-09 18:00:00,30.682,32.169
2015-08-09 19:00:00,30.757,32.165
2015-08-09 20:00:00,30.833,32.171
2015-08-09 21:00:00,30.875,32.18
2015-08-09 22:00:00,30.965,32.178
2015-08-09 23:00:00,31.059,32.182
2015-08-10 00:00:00,31.054,32.196
2015-08-10 01:00:00,31.056,32.2
2015-08-10 02:00:00,31.065,32.2
2015-08-10 03:00:00,31.073,32.189
2015-08-10 04:00:00,31.078,32.188
2015-08-10 05:00:00,31.083,32.182
2015-08-10 06:00:00,31.09,32.174
2015-08-10 07:00:00,31.097,32.167
2015-08-10 08:00:00,31.104,32.173
2015-08-10 09:00:00,31.111,32.182
2015-08-10 10:00:00,31.118,32.182
2015-08-10 11:00:00,31.126,32.189
2015-08-10 12:00:00,31.13,32.186
2015-08-10 13:00:00,31.13,32.185
2015-08-10 14:00:00,31.125,32.194
2015-08-10 15:00:00,31.122,32.192
2015-08-10 16:00:00,31.109,32.191
2015-08-10 17:00:00,31.103,32.191
2015-08-10 18:00:00,31.1,32.191
2015-08-10 19:00:00,31.097,32.195
2015-08-10 20:00:00,31.088,32.201
2015-08-10 21:00:00,31.081,32.191
2015-08-10 22:00:00,31.074,32.192
2015-08-10 23:00:00,31.056,32.193
2015-08-11 00:00:00,31.033,32.189
2015-08-11 01:00:00,31.014,32.19
2015-08-11 02:00:00,31.011,32.181
2015-08-11 03:00:00,31.006,32.172
2015-08-11 04:00:00,30.996,32.17
2015-08-11 05:00:00,31.008,32.164
2015-08-11 06:00:00,30.934,32.166
2015-08-11 07:00:00,30.87,32.166
2015-08-11 08:00:00,30.856,32.167
2015-08-11 09:00:00,30.858,32.167
2015-08-11 10:00:00,30.861,32.166
2015-08-11 11:00:00,30.859,32.164
2015-08-11 12:00:00,30.854,32.163
2015-08-11 13:00:00,30.853,32.159
2015-08-11 14:00:00,30.858,32.156
2015-08-11 15:00:00,30.865,32.155
2015-08-11 16:00:00,30.879,32.154
2015-08-11 17:00:00,30.895,32.155
2015-08-11 18:00:00,30.901,32.155
2015-08-11 19:00:00,30.906,32.158
2015-08-11 20:00:00,30.906,32.159
2015-08-11 21:00:00,30.903,32.16
2015-08-11 22:00:00,30.896,32.159
2015-08-11 23:00:00,30.901,32.159
2015-08-12 00:00:00,30.927,32.158
2015-08-12 01:00:00,30.94,32.159
2015-08-12 02:00:00,30.947,32.153
2015-08-12 03:00:00,30.951,32.147
2015-08-12 04:00:00,30.953,32.148
2015-08-12 05:00:00,30.932,32.141
2015-08-12 06:00:00,30.922,32.146
2015-08-12 07:00:00,30.913,32.152
2015-08-12 08:00:00,30.901,32.157
2015-08-12 09:00:00,30.895,32.159
2015-08-12 10:00:00,30.909,32.154
2015-08-12 11:00:00,30.916,32.153
2015-08-12 12:00:00,30.916,32.146
2015-08-12 13:00:00,30.913,32.144
2015-08-12 14:00:00,30.908,32.138
2015-08-12 15:00:00,30.908,32.127
2015-08-12 16:00:00,30.917,32.11
2015-08-12 17:00:00,30.93,32.1
2015-08-12 18:00:00,30.933,32.088
2015-08-12 19:00:00,30.929,32.087
2015-08-12 20:00:00,30.929,32.086
2015-08-12 21:00:00,30.952,32.081
2015-08-12 22:00:00,30.909,32.077
2015-08-12 23:00:00,30.765,32.067
2015-08-13 00:00:00,30.686,32.06
2015-08-13 01:00:00,30.672,32.031
2015-08-13 02:00:00,30.655,32.02
2015-08-13 03:00:00,30.636,32.011
2015-08-13 04:00:00,30.6,32.032
2015-08-13 05:00:00,30.575,32.072
2015-08-13 06:00:00,30.569,32.095
2015-08-13 07:00:00,30.555,32.008
2015-08-13 08:00:00,30.544,32.004
2015-08-13 09:00:00,30.545,32.012
2015-08-13 10:00:00,30.588,32.009
2015-08-13 11:00:00,30.587,32.018
2015-08-13 12:00:00,30.594,31.994
2015-08-13 13:00:00,30.612,31.981
2015-08-13 14:00:00,30.623,31.981
2015-08-13 15:00:00,30.65,31.977
2015-08-13 16:00:00,30.665,31.972
2015-08-13 17:00:00,30.677,31.967
2015-08-13 18:00:00,30.662,31.967
2015-08-13 19:00:00,30.652,31.952
2015-08-13 20:00:00,30.632,31.947
2015-08-13 21:00:00,30.618,31.941
2015-08-13 22:00:00,30.639,31.938
2015-08-13 23:00:00,30.673,31.934
2015-08-14 00:00:00,30.681,31.933
2015-08-14 01:00:00,30.697,31.929
2015-08-14 02:00:00,30.696,31.926
2015-08-14 03:00:00,30.698,31.919
2015-08-14 04:00:00,30.688,31.911
2015-08-14 05:00:00,30.678,31.903
2015-08-14 06:00:00,30.656,31.903
2015-08-14 07:00:00,30.656,31.9
2015-08-14 08:00:00,30.674,31.899
2015-08-14 09:00:00,30.706,31.9
2015-08-14 10:00:00,30.71,31.896
2015-08-14 11:00:00,30.691,31.927
2015-08-14 12:00:00,30.665,31.97
2015-08-14 13:00:00,30.644,31.978
2015-08-14 14:00:00,30.607,31.943
2015-08-14 15:00:00,30.564,31.935
2015-08-14 16:00:00,30.531,31.948
2015-08-14 17:00:00,30.514,31.953
2015-08-14 18:00:00,30.517,31.973
2015-08-14 19:00:00,30.533,31.972
2015-08-14 20:00:00,30.542,31.978
2015-08-14 21:00:00,30.547,31.968
2015-08-14 22:00:00,30.55,31.96
2015-08-14 23:00:00,30.552,31.951
2015-08-15 00:00:00,30.553,31.937
2015-08-15 01:00:00,30.558,31.926
2015-08-15 02:00:00,30.569,31.933
2015-08-15 03:00:00,30.584,31.971
2015-08-15 04:00:00,30.565,31.985
2015-08-15 05:00:00,30.566,31.986
2015-08-15 06:00:00,30.57,31.967
2015-08-15 07:00:00,30.583,31.971
2015-08-15 08:00:00,30.582,31.979
2015-08-15 09:00:00,30.603,31.976
2015-08-15 10:00:00,30.625,31.979
2015-08-15 11:00:00,30.616,32.028
2015-08-15 12:00:00,30.613,32.02
2015-08-15 13:00:00,30.613,32.022
2015-08-15 14:00:00,30.624,32.03
2015-08-15 15:00:00,30.638,32.02
2015-08-15 16:00:00,30.633,32.009
2015-08-15 17:00:00,30.618,32.002
2015-08-15 18:00:00,30.592,32.014
2015-08-15 19:00:00,30.586,32.013
2015-08-15 20:00:00,30.582,32.007
2015-08-15 21:00:00,30.575,32.033
2015-08-15 22:00:00,30.577,32.049
2015-08-15 23:00:00,30.58,32.045
2015-08-16 00:00:00,30.583,32.057
2015-08-16 01:00:00,30.588,32.052
2015-08-16 02:00:00,30.595,32.045
2015-08-16 03:00:00,30.608,32.057
2015-08-16 04:00:00,30.63,32.089
2015-08-16 05:00:00,30.634,32.084
2015-08-16 06:00:00,30.635,32.013
2015-08-16 07:00:00,30.634,31.997
2015-08-16 08:00:00,30.63,31.997
2015-08-16 09:00:00,30.631,32.04
2015-08-16 10:00:00,30.633,32.16
2015-08-16 11:00:00,30.637,32.169
2015-08-16 12:00:00,30.643,32.177
2015-08-16 13:00:00,30.647,32.187
2015-08-16 14:00:00,30.653,32.193
2015-08-16 15:00:00,30.655,32.19
2015-08-16 16:00:00,30.649,32.192
2015-08-16 17:00:00,30.64,32.195
2015-08-16 18:00:00,30.646,32.184
2015-08-16 19:00:00,30.662,32.184
2015-08-16 20:00:00,30.681,32.191
2015-08-16 21:00:00,30.695,32.193
2015-08-16 22:00:00,30.718,32.192
2015-08-16 23:00:00,30.737,32.197
2015-08-17 00:00:00,30.757,32.183
2015-08-17 01:00:00,30.766,32.191
2015-08-17 02:00:00,30.777,32.185
2015-08-17 03:00:00,30.781,32.145
2015-08-17 04:00:00,30.787,32.075
2015-08-17 05:00:00,30.789,32.023
2015-08-17 06:00:00,30.79,32.046
2015-08-17 07:00:00,30.792,32.118
2015-08-17 08:00:00,30.794,32.147
2015-08-17 09:00:00,30.799,32.073
2015-08-17 10:00:00,30.802,32.033
2015-08-17 11:00:00,30.807,32.021
2015-08-17 12:00:00,30.812,32.008
2015-08-17 13:00:00,30.815,32.017
2015-08-17 14:00:00,30.821,32.092
2015-08-17 15:00:00,30.826,32.085
2015-08-17 16:00:00,30.83,32.015
2015-08-17 17:00:00,30.838,32.048
2015-08-17 18:00:00,30.848,32.071
2015-08-17 19:00:00,30.857,32.084
2015-08-17 20:00:00,30.861,32.076
2015-08-17 21:00:00,30.865,32.036
2015-08-17 22:00:00,30.873,32.071
2015-08-17 23:00:00,30.876,32.114
2015-08-18 00:00:00,30.879,32.083
2015-08-18 01:00:00,30.884,32.045
2015-08-18 02:00:00,30.888,32.04
2015-08-18 03:00:00,30.893,32.072
2015-08-18 04:00:00,30.895,32.105
2015-08-18 05:00:00,30.89,32.056
2015-08-18 06:00:00,30.882,32.038
2015-08-18 07:00:00,30.883,32.012
2015-08-18 08:00:00,30.882,32.028
2015-08-18 09:00:00,30.884,31.989
2015-08-18 10:00:00,30.888,32.125
2015-08-18 11:00:00,30.89,32.013
2015-08-18 12:00:00,30.896,32.056
2015-08-18 13:00:00,30.901,32.045
2015-08-18 14:00:00,30.903,32.021
2015-08-18 15:00:00,30.905,32.036
2015-08-18 16:00:00,30.906,32.049
2015-08-18 17:00:00,30.906,32.048
2015-08-18 18:00:00,30.906,32.068
2015-08-18 19:00:00,30.906,32.039
2015-08-18 20:00:00,30.9,32.037
2015-08-18 21:00:00,30.896,32.035
2015-08-18 22:00:00,30.895,32.005
2015-08-18 23:00:00,30.897,32.049
2015-08-19 00:00:00,30.898,32.05
2015-08-19 01:00:00,30.913,32.031
2015-08-19 02:00:00,30.917,32.027
2015-08-19 03:00:00,30.919,32.007
2015-08-19 04:00:00,30.921,31.99
2015-08-19 05:00:00,30.923,32.001
2015-08-19 06:00:00,30.926,31.985
2015-08-19 07:00:00,30.929,31.961
2015-08-19 08:00:00,30.93,31.966
2015-08-19 09:00:00,30.93,31.942
2015-08-19 10:00:00,30.928,31.957
2015-08-19 11:00:00,30.928,31.93
2015-08-19 12:00:00,30.927,31.931
2015-08-19 13:00:00,30.926,31.933
2015-08-19 14:00:00,30.928,32.003
2015-08-19 15:00:00,30.935,32.057
2015-08-19 16:00:00,30.942,31.931
2015-08-19 17:00:00,30.947,31.991
2015-08-19 18:00:00,30.952,31.992
2015-08-19 19:00:00,30.956,32.008
2015-08-19 20:00:00,30.967,31.978
2015-08-19 21:00:00,30.984,31.888
2015-08-19 22:00:00,31.029,31.986
2015-08-19 23:00:00,31.042,31.912
2015-08-20 00:00:00,30.999,31.925
2015-08-20 01:00:00,30.957,31.888
2015-08-20 02:00:00,30.926,31.898
2015-08-20 03:00:00,30.915,31.853
2015-08-20 04:00:00,30.899,31.931
2015-08-20 05:00:00,30.889,31.997
2015-08-20 06:00:00,30.875,31.877
2015-08-20 07:00:00,30.875,31.971
2015-08-20 08:00:00,30.88,31.903
2015-08-20 09:00:00,30.888,31.953
2015-08-20 10:00:00,30.908,31.853
2015-08-20 11:00:00,30.916,31.84
2015-08-20 12:00:00,30.902,31.823
2015-08-20 13:00:00,30.896,31.82
2015-08-20 14:00:00,30.886,31.833
2015-08-20 15:00:00,30.945,31.765
2015-08-20 16:00:00,31.004,31.848
2015-08-20 17:00:00,31.047,31.912
2015-08-20 18:00:00,31.042,31.82
2015-08-20 19:00:00,31.052,31.817
2015-08-20 20:00:00,31.064,31.809
2015-08-20 21:00:00,31.027,31.849
2015-08-20 22:00:00,30.925,31.714
2015-08-20 23:00:00,30.883,31.713
2015-08-21 00:00:00,30.915,31.691
2015-08-21 01:00:00,30.92,31.655
2015-08-21 02:00:00,30.89,31.66
2015-08-21 03:00:00,30.879,31.73
2015-08-21 04:00:00,30.88,31.782
2015-08-21 05:00:00,30.89,31.794
2015-08-21 06:00:00,30.909,31.742
2015-08-21 07:00:00,30.935,31.797
2015-08-21 08:00:00,30.958,31.761
2015-08-21 09:00:00,30.971,31.681
2015-08-21 10:00:00,30.971,31.615
2015-08-21 11:00:00,30.969,31.52
2015-08-21 12:00:00,30.967,31.587
2015-08-21 13:00:00,30.964,31.622
2015-08-21 14:00:00,30.964,31.611
2015-08-21 15:00:00,30.968,31.54
2015-08-21 16:00:00,30.972,31.455
2015-08-21 17:00:00,30.973,31.606
2015-08-21 18:00:00,30.97,31.601
2015-08-21 19:00:00,30.967,31.474
2015-08-21 20:00:00,30.964,31.521
2015-08-21 21:00:00,30.96,31.485
2015-08-21 22:00:00,30.954,31.536
2015-08-21 23:00:00,30.955,31.519
2015-08-22 00:00:00,30.957,31.571
2015-08-22 01:00:00,30.96,31.559
2015-08-22 02:00:00,30.962,31.513
2015-08-22 03:00:00,30.968,31.511
2015-08-22 04:00:00,30.971,31.528
2015-08-22 05:00:00,30.976,31.503
2015-08-22 06:00:00,30.973,31.507
2015-08-22 07:00:00,30.968,31.495
2015-08-22 08:00:00,30.966,31.58
2015-08-22 09:00:00,30.965,31.689
2015-08-22 10:00:00,30.964,31.665
2015-08-22 11:00:00,30.965,31.774
2015-08-22 12:00:00,30.968,31.737
2015-08-22 13:00:00,30.97,31.734
2015-08-22 14:00:00,30.973,31.783
2015-08-22 15:00:00,30.975,31.731
2015-08-22 16:00:00,30.978,31.763
2015-08-22 17:00:00,30.986,31.746
2015-08-22 18:00:00,30.98,31.784
2015-08-22 19:00:00,30.983,31.759
2015-08-22 20:00:00,30.983,31.701
2015-08-22 21:00:00,30.977,31.736
2015-08-22 22:00:00,30.976,31.864
2015-08-22 23:00:00,30.981,31.788
2015-08-23 00:00:00,30.987,31.705
2015-08-23 01:00:00,30.986,31.682
2015-08-23 02:00:00,30.983,31.702
2015-08-23 03:00:00,30.985,31.719
2015-08-23 04:00:00,30.988,31.776
2015-08-23 05:00:00,30.988,31.65
2015-08-23 06:00:00,30.988,31.728
2015-08-23 07:00:00,30.982,31.853
2015-08-23 08:00:00,30.98,32.121
2015-08-23 09:00:00,30.977,31.849
2015-08-23 10:00:00,30.977,31.921
2015-08-23 11:00:00,30.978,31.845
2015-08-23 12:00:00,30.973,31.765
2015-08-23 13:00:00,30.976,31.813
2015-08-23 14:00:00,30.976,31.77
2015-08-23 15:00:00,30.983,31.952
2015-08-23 16:00:00,31.001,32.028
2015-08-23 17:00:00,31.004,32.166
2015-08-23 18:00:00,31.004,32.115
2015-08-23 19:00:00,31.004,32.183
2015-08-23 20:00:00,30.987,32.19
2015-08-23 21:00:00,30.988,32.184
2015-08-23 22:00:00,30.974,32.056
2015-08-23 23:00:00,30.979,32.097
2015-08-24 00:00:00,30.978,32.02
2015-08-24 01:00:00,30.982,31.971
2015-08-24 02:00:00,30.985,32.173
2015-08-24 03:00:00,31.003,32.211
2015-08-24 04:00:00,31.033,32.178
2015-08-24 05:00:00,31.085,32.15
2015-08-24 06:00:00,31.113,32.147
2015-08-24 07:00:00,31.092,32.148
2015-08-24 08:00:00,31.096,32.14
2015-08-24 09:00:00,31.097,32.161
2015-08-24 10:00:00,31.096,32.158
2015-08-24 11:00:00,31.101,32.155
2015-08-24 12:00:00,31.113,32.183
2015-08-24 13:00:00,31.13,32.186
2015-08-24 14:00:00,31.11,32.2
2015-08-24 15:00:00,31.1,32.172
2015-08-24 16:00:00,31.066,32.188
2015-08-24 17:00:00,31.098,32.181
2015-08-24 18:00:00,31.115,32.184
2015-08-24 19:00:00,31.124,32.19
2015-08-24 20:00:00,31.11,32.181
2015-08-24 21:00:00,31.109,32.172
2015-08-24 22:00:00,31.085,32.155
2015-08-24 23:00:00,31.044,32.138
2015-08-25 00:00:00,31.042,32.184
2015-08-25 01:00:00,31.055,32.13
2015-08-25 02:00:00,31.059,32.142
2015-08-25 03:00:00,31.073,32.143
2015-08-25 04:00:00,31.084,32.205
2015-08-25 05:00:00,31.102,32.174
2015-08-25 06:00:00,31.117,32.097
2015-08-25 07:00:00,31.121,32.095
2015-08-25 08:00:00,31.109,32.125
2015-08-25 09:00:00,31.113,32.145
2015-08-25 10:00:00,31.117,32.201
2015-08-25 11:00:00,31.086,32.134
2015-08-25 12:00:00,31.081,32.16
2015-08-25 13:00:00,31.106,32.104
2015-08-25 14:00:00,31.113,32.095
2015-08-25 15:00:00,31.116,32.098
2015-08-25 16:00:00,31.149,32.089
2015-08-25 17:00:00,31.13,32.077
2015-08-25 18:00:00,31.133,32.069
2015-08-25 19:00:00,31.148,32.092
2015-08-25 20:00:00,31.185,32.062
2015-08-25 21:00:00,31.317,32.075
2015-08-25 22:00:00,31.344,32.056
2015-08-25 23:00:00,31.326,32.018
2015-08-26 00:00:00,31.317,32.062
2015-08-26 01:00:00,31.32,31.956
2015-08-26 02:00:00,31.331,31.945
2015-08-26 03:00:00,31.335,31.972
2015-08-26 04:00:00,31.308,31.951
2015-08-26 05:00:00,31.248,31.931
2015-08-26 06:00:00,31.26,31.91
2015-08-26 07:00:00,31.287,31.904
2015-08-26 08:00:00,31.249,31.902
2015-08-26 09:00:00,31.209,31.912
2015-08-26 10:00:00,31.14,31.923
2015-08-26 11:00:00,31.138,31.918
2015-08-26 12:00:00,31.136,31.917
2015-08-26 13:00:00,31.129,31.959
2015-08-26 14:00:00,31.122,32.019
2015-08-26 15:00:00,31.107,32.041
2015-08-26 16:00:00,31.085,32.073
2015-08-26 17:00:00,31.075,32.07
2015-08-26 18:00:00,31.069,32.049
2015-08-26 19:00:00,31.049,32.017
2015-08-26 20:00:00,31.047,31.988
2015-08-26 21:00:00,31.099,31.987
2015-08-26 22:00:00,31.122,31.971
2015-08-26 23:00:00,31.155,31.94
2015-08-27 00:00:00,31.25,31.938
2015-08-27 01:00:00,31.326,31.931
2015-08-27 02:00:00,31.423,31.954
2015-08-27 03:00:00,31.452,31.944
2015-08-27 04:00:00,31.45,31.913
2015-08-27 05:00:00,31.42,31.936
2015-08-27 06:00:00,31.383,31.924
2015-08-27 07:00:00,31.374,31.935
2015-08-27 08:00:00,31.374,31.906
2015-08-27 09:00:00,31.348,31.964
2015-08-27 10:00:00,31.311,31.948
2015-08-27 11:00:00,31.282,31.463
2015-08-27 12:00:00,31.273,31.988
2015-08-27 13:00:00,31.258,31.56
2015-08-27 14:00:00,31.256,31.279
2015-08-27 15:00:00,31.278,31.298
2015-08-27 16:00:00,31.311,31.336
2015-08-27 17:00:00,31.304,31.33
2015-08-27 18:00:00,31.309,31.345
2015-08-27 19:00:00,31.325,31.338
2015-08-27 20:00:00,31.367,31.431
2015-08-27 21:00:00,31.388,31.466
2015-08-27 22:00:00,31.392,31.399
2015-08-27 23:00:00,31.412,31.502
2015-08-28 00:00:00,31.436,31.503
2015-08-28 01:00:00,31.488,31.526
2015-08-28 02:00:00,31.534,31.563
2015-08-28 03:00:00,31.542,31.557
2015-08-28 04:00:00,31.568,31.582
2015-08-28 05:00:00,31.598,31.62
2015-08-28 06:00:00,31.597,31.634
2015-08-28 07:00:00,31.582,31.624
2015-08-28 08:00:00,31.562,31.878
2015-08-28 09:00:00,31.592,31.83
2015-08-28 10:00:00,31.639,31.658
2015-08-28 11:00:00,31.673,31.69
2015-08-28 12:00:00,31.691,31.703
2015-08-28 13:00:00,31.705,31.723
2015-08-28 14:00:00,31.705,31.721
2015-08-28 15:00:00,31.671,31.686
2015-08-28 16:00:00,31.648,31.66
2015-08-28 17:00:00,31.65,31.66
2015-08-28 18:00:00,31.654,31.662
2015-08-28 19:00:00,31.661,31.671
2015-08-28 20:00:00,31.663,31.672
2015-08-28 21:00:00,31.66,31.672
2015-08-28 22:00:00,31.665,31.676
2015-08-28 23:00:00,31.677,31.691
2015-08-29 00:00:00,31.684,31.699
2015-08-29 01:00:00,31.692,31.709
2015-08-29 02:00:00,31.72,31.729
2015-08-29 03:00:00,31.77,31.78
2015-08-29 04:00:00,31.803,31.813
2015-08-29 05:00:00,31.824,31.835
2015-08-29 06:00:00,31.837,31.848
2015-08-29 07:00:00,31.85,31.86
2015-08-29 08:00:00,31.863,31.871
2015-08-29 09:00:00,31.869,31.878
2015-08-29 10:00:00,31.868,31.879
2015-08-29 11:00:00,31.869,31.881
2015-08-29 12:00:00,31.869,31.885
2015-08-29 13:00:00,31.871,31.885
2015-08-29 14:00:00,31.872,31.884
2015-08-29 15:00:00,31.86,31.874
2015-08-29 16:00:00,31.849,31.863
2015-08-29 17:00:00,31.837,31.85
2015-08-29 18:00:00,31.836,31.846
2015-08-29 19:00:00,31.85,31.86
2015-08-29 20:00:00,31.874,31.884
2015-08-29 21:00:00,31.876,31.89
2015-08-29 22:00:00,31.875,31.894
2015-08-29 23:00:00,31.873,31.903
2015-08-30 00:00:00,31.874,31.898
2015-08-30 01:00:00,31.874,31.896
2015-08-30 02:00:00,31.866,31.908
2015-08-30 03:00:00,31.861,31.908
2015-08-30 04:00:00,31.857,31.907
2015-08-30 05:00:00,31.852,31.909
2015-08-30 06:00:00,31.854,31.908
2015-08-30 07:00:00,31.857,31.911
2015-08-30 08:00:00,31.846,31.9
2015-08-30 09:00:00,31.808,31.906
2015-08-30 10:00:00,31.777,31.916
2015-08-30 11:00:00,31.752,31.91
2015-08-30 12:00:00,31.738,31.915
2015-08-30 13:00:00,31.729,31.923
2015-08-30 14:00:00,31.728,31.93
2015-08-30 15:00:00,31.729,31.935
2015-08-30 16:00:00,31.734,31.926
2015-08-30 17:00:00,31.741,31.926
2015-08-30 18:00:00,31.744,31.921
2015-08-30 19:00:00,31.75,31.929
2015-08-30 20:00:00,31.748,31.931
2015-08-30 21:00:00,31.733,31.932
2015-08-30 22:00:00,31.715,31.932
2015-08-30 23:00:00,31.705,31.909
2015-08-31 00:00:00,31.701,31.89
2015-08-31 01:00:00,31.7,31.885
2015-08-31 02:00:00,31.7,31.899
2015-08-31 03:00:00,31.701,31.953
2015-08-31 04:00:00,31.703,31.889
2015-08-31 05:00:00,31.704,31.877
2015-08-31 06:00:00,31.706,31.886
2015-08-31 07:00:00,31.711,31.892
2015-08-31 08:00:00,31.719,31.893
2015-08-31 09:00:00,31.725,31.898
2015-08-31 10:00:00,31.736,31.905
2015-08-31 11:00:00,31.741,31.913
2015-08-31 12:00:00,31.744,31.914
2015-08-31 13:00:00,31.744,31.913
2015-08-31 14:00:00,31.745,31.916
2015-08-31 15:00:00,31.749,31.918
2015-08-31 16:00:00,31.752,31.919
2015-08-31 17:00:00,31.753,31.92
2015-08-31 18:00:00,31.755,31.916
2015-08-31 19:00:00,31.773,31.921
2015-08-31 20:00:00,31.78,31.916
2015-08-31 21:00:00,31.778,31.905
2015-08-31 22:00:00,31.767,31.903
2015-08-31 23:00:00,31.759,31.909
2015-09-01 00:00:00,31.758,31.92
2015-09-01 01:00:00,31.758,31.878
2015-09-01 02:00:00,31.761,31.781
2015-09-01 03:00:00,31.763,31.778
2015-09-01 04:00:00,31.764,31.782
2015-09-01 05:00:00,31.761,31.776
2015-09-01 06:00:00,31.761,31.778
2015-09-01 07:00:00,31.764,31.788
2015-09-01 08:00:00,31.766,31.785
2015-09-01 09:00:00,31.768,31.784
2015-09-01 10:00:00,31.77,31.786
2015-09-01 11:00:00,31.77,31.786
2015-09-01 12:00:00,31.771,31.791
2015-09-01 13:00:00,31.772,31.801
2015-09-01 14:00:00,31.772,31.834
2015-09-01 15:00:00,31.772,31.908
2015-09-01 16:00:00,31.775,31.909
2015-09-01 17:00:00,31.777,31.911
2015-09-01 18:00:00,31.78,31.916
2015-09-01 19:00:00,31.784,31.914
2015-09-01 20:00:00,31.789,31.912
2015-09-01 21:00:00,31.792,31.908
2015-09-01 22:00:00,31.796,31.907
2015-09-01 23:00:00,31.799,31.905
2015-09-02 00:00:00,31.8,31.904
2015-09-02 01:00:00,31.801,31.904
2015-09-02 02:00:00,31.8,31.903
2015-09-02 03:00:00,31.801,31.904
2015-09-02 04:00:00,31.805,31.904
2015-09-02 05:00:00,31.789,31.904
2015-09-02 06:00:00,31.768,31.905
2015-09-02 07:00:00,31.772,31.922
2015-09-02 08:00:00,31.787,31.92
2015-09-02 09:00:00,31.794,31.916
2015-09-02 10:00:00,31.803,31.916
2015-09-02 11:00:00,31.81,31.91
2015-09-02 12:00:00,31.807,31.908
2015-09-02 13:00:00,31.818,31.911
2015-09-02 14:00:00,31.821,31.882
2015-09-02 15:00:00,31.827,31.911
2015-09-02 16:00:00,31.832,31.902
2015-09-02 17:00:00,31.835,31.912
2015-09-02 18:00:00,31.841,31.913
2015-09-02 19:00:00,31.848,31.909
2015-09-02 20:00:00,31.854,31.9
2015-09-02 21:00:00,31.864,31.907
2015-09-02 22:00:00,31.867,31.909
2015-09-02 23:00:00,31.856,31.886
2015-09-03 00:00:00,31.848,31.875
2015-09-03 01:00:00,31.848,31.873
2015-09-03 02:00:00,31.85,31.867
2015-09-03 03:00:00,31.852,31.872
2015-09-03 04:00:00,31.851,31.883
2015-09-03 05:00:00,31.851,31.881
2015-09-03 06:00:00,31.853,31.871
2015-09-03 07:00:00,31.856,31.875
2015-09-03 08:00:00,31.851,31.876
2015-09-03 09:00:00,31.845,31.872
2015-09-03 10:00:00,31.835,31.883
2015-09-03 11:00:00,31.837,31.887
2015-09-03 12:00:00,31.844,31.885
2015-09-03 13:00:00,31.85,31.879
2015-09-03 14:00:00,31.856,31.875
2015-09-03 15:00:00,31.859,31.876
2015-09-03 16:00:00,31.86,31.885
2015-09-03 17:00:00,31.859,31.898
2015-09-03 18:00:00,31.862,31.897
2015-09-03 19:00:00,31.874,31.908
2015-09-03 20:00:00,31.888,31.904
2015-09-03 21:00:00,31.894,31.904
2015-09-03 22:00:00,31.867,31.887
2015-09-03 23:00:00,31.864,31.874
2015-09-04 00:00:00,31.861,31.891
2015-09-04 01:00:00,31.846,31.91
2015-09-04 02:00:00,31.829,31.893
2015-09-04 03:00:00,31.814,31.896
2015-09-04 04:00:00,31.795,31.897
2015-09-04 05:00:00,31.791,31.905
2015-09-04 06:00:00,31.797,31.901
2015-09-04 07:00:00,31.81,31.871
2015-09-04 08:00:00,31.824,31.886
2015-09-04 09:00:00,31.845,31.898
2015-09-04 10:00:00,31.86,31.902
2015-09-04 11:00:00,31.889,31.901
2015-09-04 12:00:00,31.891,31.904
2015-09-04 13:00:00,31.894,31.904
2015-09-04 14:00:00,31.892,31.902
2015-09-04 15:00:00,31.891,31.902
2015-09-04 16:00:00,31.89,31.902
2015-09-04 17:00:00,31.89,31.901
2015-09-04 18:00:00,31.888,31.9
2015-09-04 19:00:00,31.888,31.9
2015-09-04 20:00:00,31.886,31.898
2015-09-04 21:00:00,31.892,31.903
2015-09-04 22:00:00,31.895,31.907
2015-09-04 23:00:00,31.897,31.909
2015-09-05 00:00:00,31.907,31.923
2015-09-05 01:00:00,31.916,31.929
2015-09-05 02:00:00,31.915,31.925
2015-09-05 03:00:00,31.911,31.92
2015-09-05 04:00:00,31.902,31.916
2015-09-05 05:00:00,31.895,31.912
2015-09-05 06:00:00,31.892,31.914
2015-09-05 07:00:00,31.893,31.912
2015-09-05 08:00:00,31.898,31.91
2015-09-05 09:00:00,31.891,31.904
2015-09-05 10:00:00,31.89,31.902
2015-09-05 11:00:00,31.888,31.899
2015-09-05 12:00:00,31.889,31.901
2015-09-05 13:00:00,31.886,31.898
2015-09-05 14:00:00,31.89,31.907
2015-09-05 15:00:00,31.897,31.91
2015-09-05 16:00:00,31.903,31.915
2015-09-05 17:00:00,31.901,31.917
2015-09-05 18:00:00,31.899,31.918
2015-09-05 19:00:00,31.898,31.919
2015-09-05 20:00:00,31.898,31.911
2015-09-05 21:00:00,31.889,31.916
2015-09-05 22:00:00,31.887,31.917
2015-09-05 23:00:00,31.89,31.916
2015-09-06 00:00:00,31.893,31.905
2015-09-06 01:00:00,31.893,31.908
2015-09-06 02:00:00,31.894,31.917
2015-09-06 03:00:00,31.897,31.921
2015-09-06 04:00:00,31.903,31.922
2015-09-06 05:00:00,31.905,31.924
2015-09-06 06:00:00,31.905,31.925
2015-09-06 07:00:00,31.903,31.926
2015-09-06 08:00:00,31.902,31.925
2015-09-06 09:00:00,31.902,31.918
2015-09-06 10:00:00,31.9,31.915
2015-09-06 11:00:00,31.9,31.917
2015-09-06 12:00:00,31.901,31.919
2015-09-06 13:00:00,31.902,31.92
2015-09-06 14:00:00,31.901,31.917
2015-09-06 15:00:00,31.903,31.917
2015-09-06 16:00:00,31.887,31.919
2015-09-06 17:00:00,31.862,31.914
2015-09-06 18:00:00,31.854,31.916
2015-09-06 19:00:00,31.861,31.917
2015-09-06 20:00:00,31.855,31.905
2015-09-06 21:00:00,31.85,31.9
2015-09-06 22:00:00,31.848,31.885
2015-09-06 23:00:00,31.852,31.885
2015-09-07 00:00:00,31.857,31.89
2015-09-07 01:00:00,31.857,31.89
2015-09-07 02:00:00,31.859,31.891
2015-09-07 03:00:00,31.857,31.891
2015-09-07 04:00:00,31.856,31.89
2015-09-07 05:00:00,31.856,31.891
2015-09-07 06:00:00,31.858,31.891
2015-09-07 07:00:00,31.86,31.891
2015-09-07 08:00:00,31.864,31.893
2015-09-07 09:00:00,31.867,31.905
2015-09-07 10:00:00,31.867,31.907
2015-09-07 11:00:00,31.853,31.905
2015-09-07 12:00:00,31.849,31.907
2015-09-07 13:00:00,31.843,31.896
2015-09-07 14:00:00,31.84,31.905
2015-09-07 15:00:00,31.834,31.9
2015-09-07 16:00:00,31.829,31.899
2015-09-07 17:00:00,31.831,31.9
2015-09-07 18:00:00,31.832,31.904
2015-09-07 19:00:00,31.833,31.907
2015-09-07 20:00:00,31.831,31.905
2015-09-07 21:00:00,31.831,31.896
2015-09-07 22:00:00,31.832,31.89
2015-09-07 23:00:00,31.833,31.892
2015-09-08 00:00:00,31.834,31.905
2015-09-08 01:00:00,31.836,31.9
2015-09-08 02:00:00,31.838,31.9
2015-09-08 03:00:00,31.84,31.899
2015-09-08 04:00:00,31.84,31.898
2015-09-08 05:00:00,31.841,31.897
2015-09-08 06:00:00,31.842,31.88
2015-09-08 07:00:00,31.842,31.879
2015-09-08 08:00:00,31.841,31.882
2015-09-08 09:00:00,31.84,31.877
2015-09-08 10:00:00,31.841,31.882
2015-09-08 11:00:00,31.84,31.872
2015-09-08 12:00:00,31.842,31.866
2015-09-08 13:00:00,31.838,31.869
2015-09-08 14:00:00,31.835,31.866
2015-09-08 15:00:00,31.834,31.869
2015-09-08 16:00:00,31.835,31.874
2015-09-08 17:00:00,31.808,31.876
2015-09-08 18:00:00,31.759,31.872
2015-09-08 19:00:00,31.767,31.842
2015-09-08 20:00:00,31.753,31.84
2015-09-08 21:00:00,31.743,31.842
2015-09-08 22:00:00,31.74,31.841
2015-09-08 23:00:00,31.746,31.854
2015-09-09 00:00:00,31.747,31.853
2015-09-09 01:00:00,31.746,31.834
2015-09-09 02:00:00,31.754,31.842
2015-09-09 03:00:00,31.754,31.842
2015-09-09 04:00:00,31.756,31.87
2015-09-09 05:00:00,31.758,31.87
2015-09-09 06:00:00,31.762,31.873
2015-09-09 07:00:00,31.771,31.874
2015-09-09 08:00:00,31.777,31.866
2015-09-09 09:00:00,31.782,31.866
2015-09-09 10:00:00,31.789,31.839
2015-09-09 11:00:00,31.804,31.834
2015-09-09 12:00:00,31.822,31.84
2015-09-09 13:00:00,31.835,31.847
2015-09-09 14:00:00,31.85,31.862
2015-09-09 15:00:00,31.856,31.867
2015-09-09 16:00:00,31.86,31.872
2015-09-09 17:00:00,31.861,31.871
2015-09-09 18:00:00,31.862,31.875
2015-09-09 19:00:00,31.862,31.874
2015-09-09 20:00:00,31.862,31.874
2015-09-09 21:00:00,31.863,31.874
2015-09-09 22:00:00,31.863,31.876
2015-09-09 23:00:00,31.863,31.875
2015-09-10 00:00:00,31.865,31.877
2015-09-10 01:00:00,31.867,31.877
2015-09-10 02:00:00,31.868,31.878
2015-09-10 03:00:00,31.868,31.879
2015-09-10 04:00:00,31.869,31.881
2015-09-10 05:00:00,31.868,31.879
2015-09-10 06:00:00,31.868,31.879
2015-09-10 07:00:00,31.868,31.879
2015-09-10 08:00:00,31.869,31.879
2015-09-10 09:00:00,31.865,31.878
2015-09-10 10:00:00,31.86,31.876
2015-09-10 11:00:00,31.864,31.875
2015-09-10 12:00:00,31.867,31.877
2015-09-10 13:00:00,31.867,31.878
2015-09-10 14:00:00,31.867,31.878
2015-09-10 15:00:00,31.868,31.879
2015-09-10 16:00:00,31.867,31.878
2015-09-10 17:00:00,31.868,31.879
2015-09-10 18:00:00,31.869,31.879
2015-09-10 19:00:00,31.869,31.88
2015-09-10 20:00:00,31.87,31.881
2015-09-10 21:00:00,31.871,31.882
2015-09-10 22:00:00,31.873,31.883
2015-09-10 23:00:00,31.873,31.884
2015-09-11 00:00:00,31.872,31.883
2015-09-11 01:00:00,31.871,31.881
2015-09-11 02:00:00,31.868,31.879
2015-09-11 03:00:00,31.866,31.876
2015-09-11 04:00:00,31.864,31.874
2015-09-11 05:00:00,31.862,31.873
2015-09-11 06:00:00,31.867,31.876
2015-09-11 07:00:00,31.867,31.879
2015-09-11 08:00:00,31.868,31.878
2015-09-11 09:00:00,31.868,31.878
2015-09-11 10:00:00,31.864,31.876
2015-09-11 11:00:00,31.863,31.875
2015-09-11 12:00:00,31.863,31.874
2015-09-11 13:00:00,31.851,31.867
2015-09-11 14:00:00,31.828,31.85
2015-09-11 15:00:00,31.816,31.833
2015-09-11 16:00:00,31.81,31.823
2015-09-11 17:00:00,31.833,31.846
2015-09-11 18:00:00,31.837,31.856
2015-09-11 19:00:00,31.836,31.851
2015-09-11 20:00:00,31.837,31.849
2015-09-11 21:00:00,31.829,31.842
2015-09-11 22:00:00,31.831,31.843
2015-09-11 23:00:00,31.822,31.835
2015-09-12 00:00:00,31.837,31.847
2015-09-12 01:00:00,31.836,31.847
2015-09-12 02:00:00,31.836,31.848
2015-09-12 03:00:00,31.851,31.862
2015-09-12 04:00:00,31.862,31.872
2015-09-12 05:00:00,31.858,31.872
2015-09-12 06:00:00,31.856,31.867
2015-09-12 07:00:00,31.855,31.865
2015-09-12 08:00:00,31.852,31.863
2015-09-12 09:00:00,31.848,31.859
2015-09-12 10:00:00,31.854,31.866
2015-09-12 11:00:00,31.889,31.899
2015-09-12 12:00:00,31.888,31.898
2015-09-12 13:00:00,31.88,31.893
2015-09-12 14:00:00,31.872,31.887
2015-09-12 15:00:00,31.862,31.883
2015-09-12 16:00:00,31.859,31.879
2015-09-12 17:00:00,31.85,31.873
2015-09-12 18:00:00,31.842,31.871
2015-09-12 19:00:00,31.825,31.87
2015-09-12 20:00:00,31.821,31.863
2015-09-12 21:00:00,31.821,31.872
2015-09-12 22:00:00,31.836,31.849
2015-09-12 23:00:00,31.839,31.851
2015-09-13 00:00:00,31.845,31.859
2015-09-13 01:00:00,31.847,31.863
2015-09-13 02:00:00,31.834,31.866
2015-09-13 03:00:00,31.836,31.876
2015-09-13 04:00:00,31.854,31.892
2015-09-13 05:00:00,31.845,31.875
2015-09-13 06:00:00,31.836,31.87
2015-09-13 07:00:00,31.836,31.867
2015-09-13 08:00:00,31.831,31.865
2015-09-13 09:00:00,31.829,31.867
2015-09-13 10:00:00,31.826,31.865
2015-09-13 11:00:00,31.829,31.875
2015-09-13 12:00:00,31.833,31.887
2015-09-13 13:00:00,31.837,31.886
2015-09-13 14:00:00,31.828,31.881
2015-09-13 15:00:00,31.829,31.875
2015-09-13 16:00:00,31.83,31.869
2015-09-13 17:00:00,31.834,31.859
2015-09-13 18:00:00,31.838,31.867
2015-09-13 19:00:00,31.842,31.872
2015-09-13 20:00:00,31.848,31.869
2015-09-13 21:00:00,31.842,31.866
2015-09-13 22:00:00,31.844,31.867
2015-09-13 23:00:00,31.842,31.868
2015-09-14 00:00:00,31.839,31.871
2015-09-14 01:00:00,31.841,31.872
2015-09-14 02:00:00,31.841,31.87
2015-09-14 03:00:00,31.84,31.866
2015-09-14 04:00:00,31.84,31.863
2015-09-14 05:00:00,31.838,31.859
2015-09-14 06:00:00,31.836,31.856
2015-09-14 07:00:00,31.833,31.846
2015-09-14 08:00:00,31.831,31.843
2015-09-14 09:00:00,31.83,31.841
2015-09-14 10:00:00,31.832,31.843
2015-09-14 11:00:00,31.835,31.849
2015-09-14 12:00:00,31.844,31.855
2015-09-14 13:00:00,31.846,31.857
2015-09-14 14:00:00,31.847,31.859
2015-09-14 15:00:00,31.847,31.86
2015-09-14 16:00:00,31.849,31.861
2015-09-14 17:00:00,31.851,31.861
2015-09-14 18:00:00,31.851,31.862
2015-09-14 19:00:00,31.851,31.862
2015-09-14 20:00:00,31.852,31.862
2015-09-14 21:00:00,31.853,31.864
2015-09-14 22:00:00,31.852,31.864
2015-09-14 23:00:00,31.85,31.862
2015-09-15 00:00:00,31.85,31.862
2015-09-15 01:00:00,31.851,31.861
2015-09-15 02:00:00,31.851,31.862
2015-09-15 03:00:00,31.85,31.861
2015-09-15 04:00:00,31.85,31.862
2015-09-15 05:00:00,31.851,31.863
2015-09-15 06:00:00,31.85,31.861
2015-09-15 07:00:00,31.852,31.863
2015-09-15 08:00:00,31.849,31.86
2015-09-15 09:00:00,31.847,31.858
2015-09-15 10:00:00,31.847,31.858
2015-09-15 11:00:00,31.848,31.859
2015-09-15 12:00:00,31.847,31.858
2015-09-15 13:00:00,31.847,31.858
2015-09-15 14:00:00,31.849,31.86
2015-09-15 15:00:00,31.85,31.864
2015-09-15 16:00:00,31.851,31.865
2015-09-15 17:00:00,31.85,31.862
2015-09-15 18:00:00,31.849,31.86
2015-09-15 19:00:00,31.848,31.859
2015-09-15 20:00:00,31.848,31.859
2015-09-15 21:00:00,31.849,31.874
2015-09-15 22:00:00,31.851,31.881
2015-09-15 23:00:00,31.852,31.882
2015-09-16 00:00:00,31.853,31.878
2015-09-16 01:00:00,31.857,31.878
2015-09-16 02:00:00,31.863,31.878
2015-09-16 03:00:00,31.863,31.877
2015-09-16 04:00:00,31.861,31.876
2015-09-16 05:00:00,31.858,31.875
2015-09-16 06:00:00,31.858,31.875
2015-09-16 07:00:00,31.859,31.873
2015-09-16 08:00:00,31.862,31.876
2015-09-16 09:00:00,31.864,31.879
2015-09-16 10:00:00,31.866,31.881
2015-09-16 11:00:00,31.866,31.881
2015-09-16 12:00:00,31.867,31.881
2015-09-16 13:00:00,31.866,31.882
2015-09-16 14:00:00,31.865,31.881
2015-09-16 15:00:00,31.867,31.881
2015-09-16 16:00:00,31.868,31.88
2015-09-16 17:00:00,31.866,31.882
2015-09-16 18:00:00,31.86,31.883
2015-09-16 19:00:00,31.849,31.883
2015-09-16 20:00:00,31.845,31.883
2015-09-16 21:00:00,31.846,31.883
2015-09-16 22:00:00,31.846,31.883
2015-09-16 23:00:00,31.847,
