time,24bspr2a_rcmsg_0052m,24bspr2a_s16_0001m
2024-05-17 05:00:00,340.897,388.238
2024-05-17 06:00:00,336.28,400.918
2024-05-17 07:00:00,333.245,404.751
2024-05-17 08:00:00,330.679,394.749
2024-05-17 09:00:00,331.673,398.342
2024-05-17 10:00:00,333.716,390.015
2024-05-17 11:00:00,334.889,387.414
2024-05-17 12:00:00,336.689,380.6
2024-05-17 13:00:00,338.064,377.734
2024-05-17 14:00:00,338.79,377.929
2024-05-17 15:00:00,339.123,376.54
2024-05-17 16:00:00,339.516,375.557
2024-05-17 17:00:00,340.044,376.347
2024-05-17 18:00:00,339.261,377.777
2024-05-17 19:00:00,337.83,388.453
2024-05-17 20:00:00,336.126,388.545
2024-05-17 21:00:00,334.645,379.613
2024-05-17 22:00:00,333.458,373.657
2024-05-17 23:00:00,334.697,375.037
2024-05-18 00:00:00,335.495,376.612
2024-05-18 01:00:00,335.975,373.031
2024-05-18 02:00:00,336.629,370.196
2024-05-18 03:00:00,336.663,372.156
2024-05-18 04:00:00,336.94,372.348
2024-05-18 05:00:00,331.16,372.527
2024-05-18 06:00:00,324.202,371.231
2024-05-18 07:00:00,323.259,372.095
2024-05-18 08:00:00,322.363,378.006
2024-05-18 09:00:00,322.328,377.453
2024-05-18 10:00:00,322.641,372.537
2024-05-18 11:00:00,323.664,367.392
2024-05-18 12:00:00,330.87,368.223
2024-05-18 13:00:00,336.21,365.107
2024-05-18 14:00:00,337.222,365.465
2024-05-18 15:00:00,337.655,365.625
2024-05-18 16:00:00,337.813,367.137
2024-05-18 17:00:00,337.51,370.1
2024-05-18 18:00:00,336.546,373.296
2024-05-18 19:00:00,333.956,375.218
2024-05-18 20:00:00,328.685,378.556
2024-05-18 21:00:00,324.324,388.461
2024-05-18 22:00:00,323.467,387.789
2024-05-18 23:00:00,327.318,386.267
2024-05-19 00:00:00,333.397,383.227
2024-05-19 01:00:00,333.333,381.641
2024-05-19 02:00:00,332.914,383.094
2024-05-19 03:00:00,333.195,376.58
2024-05-19 04:00:00,333.718,376.287
2024-05-19 05:00:00,334.476,376.26
2024-05-19 06:00:00,334.755,381.033
2024-05-19 07:00:00,334.321,378.721
2024-05-19 08:00:00,333.354,378.555
2024-05-19 09:00:00,333.321,378.186
2024-05-19 10:00:00,332.38,380.207
2024-05-19 11:00:00,330.737,379.272
2024-05-19 12:00:00,329.515,375.501
2024-05-19 13:00:00,331.261,372.83
2024-05-19 14:00:00,335.218,373.102
2024-05-19 15:00:00,336.442,369.247
2024-05-19 16:00:00,336.865,369.587
2024-05-19 17:00:00,336.887,371.028
2024-05-19 18:00:00,334.642,372.992
2024-05-19 19:00:00,330.84,379.704
2024-05-19 20:00:00,329.369,385.506
2024-05-19 21:00:00,329.558,394.317
2024-05-19 22:00:00,328.956,396.446
2024-05-19 23:00:00,327.574,398.54
2024-05-20 00:00:00,326.688,401.802
2024-05-20 01:00:00,327.34,404.537
2024-05-20 02:00:00,325.841,409.899
2024-05-20 03:00:00,326.02,403.42
2024-05-20 04:00:00,327.355,408.578
2024-05-20 05:00:00,327.885,412.443
2024-05-20 06:00:00,327.782,418.05
2024-05-20 07:00:00,326.961,418.866
2024-05-20 08:00:00,326.847,418.001
2024-05-20 09:00:00,326.423,416.112
2024-05-20 10:00:00,326.165,413.756
2024-05-20 11:00:00,326.116,405.132
2024-05-20 12:00:00,326.871,403.845
2024-05-20 13:00:00,328.671,400.043
2024-05-20 14:00:00,331.18,392.889
2024-05-20 15:00:00,333.238,390.458
2024-05-20 16:00:00,333.515,385.284
2024-05-20 17:00:00,333.545,384.081
2024-05-20 18:00:00,332.755,384.996
2024-05-20 19:00:00,329.963,386.77
2024-05-20 20:00:00,327.386,392.364
2024-05-20 21:00:00,325.303,389.071
2024-05-20 22:00:00,325.386,390.86
2024-05-20 23:00:00,324.226,394.715
2024-05-21 00:00:00,322.381,392.653
2024-05-21 01:00:00,321.365,390.632
2024-05-21 02:00:00,321.48,387.596
2024-05-21 03:00:00,322.343,386.661
2024-05-21 04:00:00,323.894,386.215
2024-05-21 05:00:00,326.715,385.079
2024-05-21 06:00:00,331.277,387.03
2024-05-21 07:00:00,332.083,386.232
2024-05-21 08:00:00,331.467,385.15
2024-05-21 09:00:00,330.919,384.36
2024-05-21 10:00:00,331.183,383.448
2024-05-21 11:00:00,331.375,382.647
2024-05-21 12:00:00,332.015,382.514
2024-05-21 13:00:00,333.514,382.022
2024-05-21 14:00:00,334.611,381.9
2024-05-21 15:00:00,334.91,381.082
2024-05-21 16:00:00,334.862,380.367
2024-05-21 17:00:00,334.897,379.785
2024-05-21 18:00:00,334.816,380.697
2024-05-21 19:00:00,334.396,381.579
2024-05-21 20:00:00,331.989,382.545
2024-05-21 21:00:00,325.786,382.497
2024-05-21 22:00:00,321.38,382.201
2024-05-21 23:00:00,320.166,381.486
2024-05-22 00:00:00,319.728,380.759
2024-05-22 01:00:00,319.575,381.074
2024-05-22 02:00:00,319.72,380.084
2024-05-22 03:00:00,320.306,379.642
2024-05-22 04:00:00,320.752,378.181
2024-05-22 05:00:00,327.428,375.346
2024-05-22 06:00:00,333.04,372.572
2024-05-22 07:00:00,333.683,369.8
2024-05-22 08:00:00,333.891,370.046
2024-05-22 09:00:00,333.764,369.423
2024-05-22 10:00:00,333.718,368.592
2024-05-22 11:00:00,333.699,367.614
2024-05-22 12:00:00,333.669,366.804
2024-05-22 13:00:00,333.6,366.016
2024-05-22 14:00:00,333.657,365.056
2024-05-22 15:00:00,333.63,364.584
2024-05-22 16:00:00,333.434,364.115
2024-05-22 17:00:00,333.478,363.891
2024-05-22 18:00:00,333.517,363.831
2024-05-22 19:00:00,333.518,364.678
2024-05-22 20:00:00,333.227,365.396
2024-05-22 21:00:00,332.524,366.314
2024-05-22 22:00:00,330.402,370.476
2024-05-22 23:00:00,325.379,371.841
2024-05-23 00:00:00,327.456,370.5
2024-05-23 01:00:00,327.549,368.899
2024-05-23 02:00:00,327.463,369.143
2024-05-23 03:00:00,328.034,371.772
2024-05-23 04:00:00,328.708,373.595
2024-05-23 05:00:00,330.219,374.528
2024-05-23 06:00:00,331.288,373.615
2024-05-23 07:00:00,331.936,370.94
2024-05-23 08:00:00,331.962,370.03
2024-05-23 09:00:00,332.098,369.606
2024-05-23 10:00:00,331.793,369.335
2024-05-23 11:00:00,331.628,368.738
2024-05-23 12:00:00,331.556,368.072
2024-05-23 13:00:00,331.939,367.267
2024-05-23 14:00:00,332.006,366.237
2024-05-23 15:00:00,331.733,365.623
2024-05-23 16:00:00,331.531,365.475
2024-05-23 17:00:00,331.361,365.808
2024-05-23 18:00:00,331.53,366.197
2024-05-23 19:00:00,331.605,366.924
2024-05-23 20:00:00,331.376,368.47
2024-05-23 21:00:00,329.358,371.031
2024-05-23 22:00:00,323.162,374.505
2024-05-23 23:00:00,318.885,376.729
2024-05-24 00:00:00,318.818,373.247
2024-05-24 01:00:00,318.503,370.307
2024-05-24 02:00:00,320.509,371.469
2024-05-24 03:00:00,322.24,373.342
2024-05-24 04:00:00,323.579,375.488
2024-05-24 05:00:00,325.919,376.572
2024-05-24 06:00:00,326.81,374.981
2024-05-24 07:00:00,328.236,373.682
2024-05-24 08:00:00,329.124,371.344
2024-05-24 09:00:00,329.474,369.69
2024-05-24 10:00:00,329.795,368.319
2024-05-24 11:00:00,329.595,367.695
2024-05-24 12:00:00,330.037,367.24
2024-05-24 13:00:00,330.217,366.462
2024-05-24 14:00:00,330.359,365.456
2024-05-24 15:00:00,330.577,364.522
2024-05-24 16:00:00,330.628,363.515
2024-05-24 17:00:00,330.592,363.229
2024-05-24 18:00:00,330.54,363.143
2024-05-24 19:00:00,330.543,363.389
2024-05-24 20:00:00,330.223,364.249
2024-05-24 21:00:00,329.099,365.565
2024-05-24 22:00:00,326.758,367.567
2024-05-24 23:00:00,322.976,369.325
2024-05-25 00:00:00,322.344,368.54
2024-05-25 01:00:00,321.225,359.064
2024-05-25 02:00:00,322.121,357.888
2024-05-25 03:00:00,323.598,358.918
2024-05-25 04:00:00,323.966,366.816
2024-05-25 05:00:00,324.519,369.954
2024-05-25 06:00:00,325.427,370.474
2024-05-25 07:00:00,326.894,367.962
2024-05-25 08:00:00,328.269,366.233
2024-05-25 09:00:00,328.513,365.445
2024-05-25 10:00:00,328.572,364.737
2024-05-25 11:00:00,328.745,363.884
2024-05-25 12:00:00,328.819,363.81
2024-05-25 13:00:00,328.933,363.388
2024-05-25 14:00:00,328.907,362.934
2024-05-25 15:00:00,328.687,362.308
2024-05-25 16:00:00,328.728,361.981
2024-05-25 17:00:00,328.91,361.881
2024-05-25 18:00:00,328.915,361.892
2024-05-25 19:00:00,328.791,362.49
2024-05-25 20:00:00,328.724,363.233
2024-05-25 21:00:00,328.095,365.229
2024-05-25 22:00:00,327.564,365.713
2024-05-25 23:00:00,325.655,365.617
2024-05-26 00:00:00,322.923,358.594
2024-05-26 01:00:00,319.38,359.471
2024-05-26 02:00:00,315.815,360.745
2024-05-26 03:00:00,313.502,361.46
2024-05-26 04:00:00,313.085,361.993
2024-05-26 05:00:00,314.582,361.921
2024-05-26 06:00:00,316.95,361.991
2024-05-26 07:00:00,320.798,360.454
2024-05-26 08:00:00,324.114,359.711
2024-05-26 09:00:00,326.311,360.993
2024-05-26 10:00:00,327.296,360.013
2024-05-26 11:00:00,327.656,359.253
2024-05-26 12:00:00,327.817,358.632
2024-05-26 13:00:00,327.873,357.845
2024-05-26 14:00:00,329.72,356.823
2024-05-26 15:00:00,330.884,355.963
2024-05-26 16:00:00,330.19,355.445
2024-05-26 17:00:00,331.823,355.463
2024-05-26 18:00:00,331.835,354.883
2024-05-26 19:00:00,331.571,354.721
2024-05-26 20:00:00,335.899,354.934
2024-05-26 21:00:00,336.752,355.069
2024-05-26 22:00:00,337.758,354.805
2024-05-26 23:00:00,328.264,353.886
2024-05-27 00:00:00,326.869,355.092
2024-05-27 01:00:00,321.697,357.964
2024-05-27 02:00:00,329.581,358.169
2024-05-27 03:00:00,338.612,357.944
2024-05-27 04:00:00,315.665,357.786
2024-05-27 05:00:00,323.946,357.327
2024-05-27 06:00:00,330.711,357.099
2024-05-27 07:00:00,335.15,356.852
2024-05-27 08:00:00,328.785,357.065
2024-05-27 09:00:00,330.836,356.282
2024-05-27 10:00:00,329.651,353.803
2024-05-27 11:00:00,333.322,353.694
2024-05-27 12:00:00,336.953,354.106
2024-05-27 13:00:00,333.534,353.926
2024-05-27 14:00:00,331.125,353.78
2024-05-27 15:00:00,337.94,353.852
2024-05-27 16:00:00,334.783,354.107
2024-05-27 17:00:00,333.149,355.277
2024-05-27 18:00:00,333.693,357.306
2024-05-27 19:00:00,334.946,360.569
2024-05-27 20:00:00,335.014,364.408
2024-05-27 21:00:00,331.942,366.826
2024-05-27 22:00:00,331.912,369.003
2024-05-27 23:00:00,331.137,369.417
2024-05-28 00:00:00,329.054,371.728
2024-05-28 01:00:00,324.436,376.323
2024-05-28 02:00:00,318.982,375.946
2024-05-28 03:00:00,317.217,376.888
2024-05-28 04:00:00,316.986,380.779
2024-05-28 05:00:00,315.316,377.441
2024-05-28 06:00:00,314.594,382.992
2024-05-28 07:00:00,316.152,378.678
2024-05-28 08:00:00,319.551,368.118
2024-05-28 09:00:00,323.765,374.649
2024-05-28 10:00:00,326.879,371.405
2024-05-28 11:00:00,328.413,369.949
2024-05-28 12:00:00,328.972,365.854
2024-05-28 13:00:00,330.154,363.561
2024-05-28 14:00:00,329.532,362.23
2024-05-28 15:00:00,329.696,362.376
2024-05-28 16:00:00,329.515,362.263
2024-05-28 17:00:00,329.841,362.108
2024-05-28 18:00:00,329.624,362.674
2024-05-28 19:00:00,330.271,363.652
2024-05-28 20:00:00,331.14,363.953
2024-05-28 21:00:00,331.006,364.656
2024-05-28 22:00:00,330.545,365.774
2024-05-28 23:00:00,329.172,365.954
2024-05-29 00:00:00,327.998,366.445
2024-05-29 01:00:00,325.865,367.914
2024-05-29 02:00:00,319.054,365.502
2024-05-29 03:00:00,314.408,367.534
2024-05-29 04:00:00,311.97,366.699
2024-05-29 05:00:00,309.482,367.006
2024-05-29 06:00:00,309.165,366.122
2024-05-29 07:00:00,311.565,371.428
2024-05-29 08:00:00,314.499,372.601
2024-05-29 09:00:00,318.412,366.623
2024-05-29 10:00:00,323.974,377.061
2024-05-29 11:00:00,326.385,376.547
2024-05-29 12:00:00,326.883,375.715
2024-05-29 13:00:00,327.505,375.143
2024-05-29 14:00:00,327.67,375.061
2024-05-29 15:00:00,327.995,375.255
2024-05-29 16:00:00,327.307,377.783
2024-05-29 17:00:00,327.222,380.803
2024-05-29 18:00:00,327.742,382.603
2024-05-29 19:00:00,329.177,384.098
2024-05-29 20:00:00,329.761,385.615
2024-05-29 21:00:00,330.416,384.91
2024-05-29 22:00:00,330.61,385.674
2024-05-29 23:00:00,330.326,385.988
2024-05-30 00:00:00,329.903,386.276
2024-05-30 01:00:00,328.022,386.969
2024-05-30 02:00:00,323.051,387.904
2024-05-30 03:00:00,316.362,381.127
2024-05-30 04:00:00,313.298,383.529
2024-05-30 05:00:00,314.748,387.387
2024-05-30 06:00:00,315.605,386.529
2024-05-30 07:00:00,315.942,388.042
2024-05-30 08:00:00,318.658,395.595
2024-05-30 09:00:00,320.152,399.923
2024-05-30 10:00:00,325.508,401.115
2024-05-30 11:00:00,327.376,399.758
2024-05-30 12:00:00,328.154,399.374
2024-05-30 13:00:00,327.782,398.354
2024-05-30 14:00:00,327.439,398.883
2024-05-30 15:00:00,326.965,399.082
2024-05-30 16:00:00,326.136,399.672
2024-05-30 17:00:00,325.572,401.549
2024-05-30 18:00:00,325.592,402.56
2024-05-30 19:00:00,326.433,404.263
2024-05-30 20:00:00,327.573,404.62
2024-05-30 21:00:00,328.651,408.634
2024-05-30 22:00:00,329.33,412.81
2024-05-30 23:00:00,329.742,415.106
2024-05-31 00:00:00,329.507,416.103
2024-05-31 01:00:00,328.466,416.78
2024-05-31 02:00:00,326.591,418.827
2024-05-31 03:00:00,322.508,418.853
2024-05-31 04:00:00,319.492,417.579
2024-05-31 05:00:00,316.372,420.613
2024-05-31 06:00:00,313.59,421.375
2024-05-31 07:00:00,312.327,421.555
2024-05-31 08:00:00,313.728,422.446
2024-05-31 09:00:00,319.63,423.738
2024-05-31 10:00:00,325.614,424.873
2024-05-31 11:00:00,327.362,425.97
2024-05-31 12:00:00,328.424,426.139
2024-05-31 13:00:00,328.546,424.967
2024-05-31 14:00:00,327.14,423.09
2024-05-31 15:00:00,326.258,422.469
2024-05-31 16:00:00,325.288,423.076
2024-05-31 17:00:00,323.781,424.583
2024-05-31 18:00:00,322.653,425.105
2024-05-31 19:00:00,322.292,426.191
2024-05-31 20:00:00,322.753,429.454
2024-05-31 21:00:00,324.726,433.471
2024-05-31 22:00:00,326.774,436.103
2024-05-31 23:00:00,327.743,437.558
2024-06-01 00:00:00,328.24,438.358
2024-06-01 01:00:00,327.992,439.247
2024-06-01 02:00:00,327.139,439.557
2024-06-01 03:00:00,325.005,440.38
2024-06-01 04:00:00,322.168,440.129
2024-06-01 05:00:00,320.298,437.236
2024-06-01 06:00:00,315.884,429.469
2024-06-01 07:00:00,312.714,425.446
2024-06-01 08:00:00,313.16,433.753
2024-06-01 09:00:00,319.28,436.814
2024-06-01 10:00:00,322.788,436.288
2024-06-01 11:00:00,326.163,434.136
2024-06-01 12:00:00,327.239,431.536
2024-06-01 13:00:00,326.645,428.306
2024-06-01 14:00:00,326.613,426.598
2024-06-01 15:00:00,325.093,426.059
2024-06-01 16:00:00,324.057,427.17
2024-06-01 17:00:00,323.319,429.183
2024-06-01 18:00:00,322.815,432.512
2024-06-01 19:00:00,321.203,434.993
2024-06-01 20:00:00,319.861,436.927
2024-06-01 21:00:00,319.3,437.984
2024-06-01 22:00:00,320.76,439.57
2024-06-01 23:00:00,323.0,441.285
2024-06-02 00:00:00,325.249,442.721
2024-06-02 01:00:00,325.897,443.963
2024-06-02 02:00:00,325.372,446.233
2024-06-02 03:00:00,323.939,447.918
2024-06-02 04:00:00,322.531,447.949
2024-06-02 05:00:00,321.363,447.584
2024-06-02 06:00:00,321.359,445.694
2024-06-02 07:00:00,321.456,444.559
2024-06-02 08:00:00,321.087,442.028
2024-06-02 09:00:00,319.907,440.242
2024-06-02 10:00:00,319.814,442.231
2024-06-02 11:00:00,322.165,443.295
2024-06-02 12:00:00,323.667,447.356
2024-06-02 13:00:00,323.433,447.464
2024-06-02 14:00:00,323.137,443.696
2024-06-02 15:00:00,323.874,439.981
2024-06-02 16:00:00,324.366,437.909
2024-06-02 17:00:00,324.076,438.638
2024-06-02 18:00:00,322.861,438.558
2024-06-02 19:00:00,321.942,439.796
2024-06-02 20:00:00,319.578,434.461
2024-06-02 21:00:00,315.846,434.413
2024-06-02 22:00:00,314.242,429.584
2024-06-02 23:00:00,317.056,427.316
2024-06-03 00:00:00,318.529,434.875
2024-06-03 01:00:00,320.342,440.696
2024-06-03 02:00:00,321.853,444.053
2024-06-03 03:00:00,321.421,444.071
2024-06-03 04:00:00,320.78,446.122
2024-06-03 05:00:00,322.152,443.847
2024-06-03 06:00:00,323.619,435.733
2024-06-03 07:00:00,324.129,431.512
2024-06-03 08:00:00,323.622,425.893
2024-06-03 09:00:00,323.235,422.746
2024-06-03 10:00:00,322.638,421.943
2024-06-03 11:00:00,321.638,423.699
2024-06-03 12:00:00,321.918,420.277
2024-06-03 13:00:00,324.252,414.679
2024-06-03 14:00:00,324.424,407.307
2024-06-03 15:00:00,326.332,401.658
2024-06-03 16:00:00,328.629,395.242
2024-06-03 17:00:00,331.989,385.894
2024-06-03 18:00:00,331.87,373.115
2024-06-03 19:00:00,330.024,368.922
2024-06-03 20:00:00,327.741,362.157
2024-06-03 21:00:00,323.662,356.483
2024-06-03 22:00:00,319.601,359.212
2024-06-03 23:00:00,319.011,358.383
2024-06-04 00:00:00,318.36,355.602
2024-06-04 01:00:00,319.527,356.502
2024-06-04 02:00:00,322.147,358.739
2024-06-04 03:00:00,321.584,357.907
2024-06-04 04:00:00,322.582,358.154
2024-06-04 05:00:00,324.213,355.099
2024-06-04 06:00:00,326.717,350.882
2024-06-04 07:00:00,329.501,345.96
2024-06-04 08:00:00,329.373,343.159
2024-06-04 09:00:00,328.469,342.355
2024-06-04 10:00:00,327.09,340.789
2024-06-04 11:00:00,328.737,341.494
2024-06-04 12:00:00,330.414,344.302
2024-06-04 13:00:00,333.83,346.61
2024-06-04 14:00:00,336.186,346.411
2024-06-04 15:00:00,337.044,345.866
2024-06-04 16:00:00,337.401,345.011
2024-06-04 17:00:00,337.81,343.396
2024-06-04 18:00:00,336.599,342.87
2024-06-04 19:00:00,334.481,342.128
2024-06-04 20:00:00,327.496,338.74
2024-06-04 21:00:00,322.562,336.943
2024-06-04 22:00:00,320.336,336.296
2024-06-04 23:00:00,320.633,336.774
2024-06-05 00:00:00,322.48,336.55
2024-06-05 01:00:00,324.132,336.462
2024-06-05 02:00:00,325.079,337.238
2024-06-05 03:00:00,325.158,338.408
2024-06-05 04:00:00,322.684,339.569
2024-06-05 05:00:00,322.923,339.567
2024-06-05 06:00:00,327.592,340.892
2024-06-05 07:00:00,330.302,341.602
2024-06-05 08:00:00,330.723,341.123
2024-06-05 09:00:00,330.865,340.096
2024-06-05 10:00:00,330.241,339.014
2024-06-05 11:00:00,329.181,338.624
2024-06-05 12:00:00,330.168,339.057
2024-06-05 13:00:00,332.278,339.743
2024-06-05 14:00:00,333.314,340.522
2024-06-05 15:00:00,333.361,341.08
2024-06-05 16:00:00,333.692,341.347
2024-06-05 17:00:00,333.87,341.689
2024-06-05 18:00:00,333.964,341.575
2024-06-05 19:00:00,333.284,340.476
2024-06-05 20:00:00,326.369,337.991
2024-06-05 21:00:00,320.395,337.108
2024-06-05 22:00:00,319.863,336.028
2024-06-05 23:00:00,319.365,335.345
2024-06-06 00:00:00,318.699,335.038
2024-06-06 01:00:00,319.722,334.74
2024-06-06 02:00:00,321.66,334.656
2024-06-06 03:00:00,322.478,335.452
2024-06-06 04:00:00,323.099,338.135
2024-06-06 05:00:00,322.319,338.869
2024-06-06 06:00:00,320.999,340.266
2024-06-06 07:00:00,320.766,339.405
2024-06-06 08:00:00,325.44,339.072
2024-06-06 09:00:00,327.464,338.906
2024-06-06 10:00:00,327.415,338.28
2024-06-06 11:00:00,327.894,337.811
2024-06-06 12:00:00,328.016,337.285
2024-06-06 13:00:00,328.814,337.132
2024-06-06 14:00:00,329.487,336.922
2024-06-06 15:00:00,330.544,337.295
2024-06-06 16:00:00,331.135,338.206
2024-06-06 17:00:00,331.605,338.961
2024-06-06 18:00:00,331.77,339.405
2024-06-06 19:00:00,330.801,339.015
2024-06-06 20:00:00,325.29,338.596
2024-06-06 21:00:00,320.902,335.46
2024-06-06 22:00:00,318.426,333.864
2024-06-06 23:00:00,317.496,333.264
2024-06-07 00:00:00,313.415,332.706
2024-06-07 01:00:00,315.133,331.883
2024-06-07 02:00:00,316.084,331.99
2024-06-07 03:00:00,316.229,332.616
2024-06-07 04:00:00,316.551,333.821
2024-06-07 05:00:00,316.896,337.556
2024-06-07 06:00:00,317.643,341.77
2024-06-07 07:00:00,317.982,343.142
2024-06-07 08:00:00,319.617,341.195
2024-06-07 09:00:00,320.613,338.503
2024-06-07 10:00:00,321.819,339.092
2024-06-07 11:00:00,321.401,337.766
2024-06-07 12:00:00,321.162,336.959
2024-06-07 13:00:00,321.286,337.158
2024-06-07 14:00:00,321.367,335.992
2024-06-07 15:00:00,322.46,335.58
2024-06-07 16:00:00,323.675,341.357
2024-06-07 17:00:00,324.602,349.436
2024-06-07 18:00:00,325.342,350.275
2024-06-07 19:00:00,325.092,349.811
2024-06-07 20:00:00,322.531,348.69
2024-06-07 21:00:00,319.067,346.966
2024-06-07 22:00:00,318.154,336.705
2024-06-07 23:00:00,316.506,335.747
2024-06-08 00:00:00,310.164,332.038
2024-06-08 01:00:00,305.694,331.525
2024-06-08 02:00:00,302.977,331.687
2024-06-08 03:00:00,308.588,332.299
2024-06-08 04:00:00,307.963,332.532
2024-06-08 05:00:00,310.113,333.279
2024-06-08 06:00:00,314.966,337.55
2024-06-08 07:00:00,316.022,341.998
2024-06-08 08:00:00,317.739,343.876
2024-06-08 09:00:00,318.725,345.624
2024-06-08 10:00:00,319.131,347.2
2024-06-08 11:00:00,319.137,346.634
2024-06-08 12:00:00,319.104,342.412
2024-06-08 13:00:00,319.196,338.148
2024-06-08 14:00:00,319.601,337.956
2024-06-08 15:00:00,320.647,343.783
2024-06-08 16:00:00,322.281,345.28
2024-06-08 17:00:00,324.289,345.994
2024-06-08 18:00:00,325.393,348.982
2024-06-08 19:00:00,325.831,349.497
2024-06-08 20:00:00,324.735,348.185
2024-06-08 21:00:00,322.783,345.359
2024-06-08 22:00:00,319.469,343.712
2024-06-08 23:00:00,317.485,342.022
2024-06-09 00:00:00,314.806,337.606
2024-06-09 01:00:00,310.657,331.933
2024-06-09 02:00:00,306.263,330.311
2024-06-09 03:00:00,303.468,330.433
2024-06-09 04:00:00,302.968,330.72
2024-06-09 05:00:00,304.096,330.668
2024-06-09 06:00:00,308.417,331.759
2024-06-09 07:00:00,314.05,334.569
2024-06-09 08:00:00,316.796,338.171
2024-06-09 09:00:00,317.904,339.898
2024-06-09 10:00:00,318.24,340.625
2024-06-09 11:00:00,318.813,339.409
2024-06-09 12:00:00,321.22,334.439
2024-06-09 13:00:00,320.729,331.628
2024-06-09 14:00:00,320.111,331.339
2024-06-09 15:00:00,319.721,331.501
2024-06-09 16:00:00,319.159,334.436
2024-06-09 17:00:00,319.366,338.169
2024-06-09 18:00:00,320.092,339.873
2024-06-09 19:00:00,320.692,339.933
2024-06-09 20:00:00,320.655,339.985
2024-06-09 21:00:00,319.924,340.241
2024-06-09 22:00:00,318.439,339.531
2024-06-09 23:00:00,317.725,338.134
2024-06-10 00:00:00,317.251,334.901
2024-06-10 01:00:00,316.092,330.804
2024-06-10 02:00:00,314.573,328.786
2024-06-10 03:00:00,313.228,328.675
2024-06-10 04:00:00,312.375,329.592
2024-06-10 05:00:00,312.026,329.97
2024-06-10 06:00:00,310.879,330.007
2024-06-10 07:00:00,311.109,331.76
2024-06-10 08:00:00,314.935,335.656
2024-06-10 09:00:00,318.272,337.73
2024-06-10 10:00:00,317.329,338.642
2024-06-10 11:00:00,317.817,338.615
2024-06-10 12:00:00,318.175,338.094
2024-06-10 13:00:00,318.171,337.58
2024-06-10 14:00:00,317.477,336.625
2024-06-10 15:00:00,317.776,335.948
2024-06-10 16:00:00,317.505,336.162
2024-06-10 17:00:00,317.525,336.921
2024-06-10 18:00:00,318.144,338.132
2024-06-10 19:00:00,319.434,339.305
2024-06-10 20:00:00,320.144,340.046
2024-06-10 21:00:00,320.11,340.508
2024-06-10 22:00:00,319.548,339.897
2024-06-10 23:00:00,318.924,339.612
2024-06-11 00:00:00,317.119,337.967
2024-06-11 01:00:00,314.607,335.566
2024-06-11 02:00:00,313.745,330.244
2024-06-11 03:00:00,313.004,328.669
2024-06-11 04:00:00,310.902,329.023
2024-06-11 05:00:00,308.184,329.385
2024-06-11 06:00:00,308.326,329.567
2024-06-11 07:00:00,312.698,330.862
2024-06-11 08:00:00,317.162,333.61
2024-06-11 09:00:00,320.404,335.043
2024-06-11 10:00:00,320.493,335.96
2024-06-11 11:00:00,318.947,337.154
2024-06-11 12:00:00,317.928,337.736
2024-06-11 13:00:00,317.275,337.297
2024-06-11 14:00:00,316.623,336.459
2024-06-11 15:00:00,316.438,334.841
2024-06-11 16:00:00,316.343,334.195
2024-06-11 17:00:00,317.031,334.125
2024-06-11 18:00:00,318.28,334.699
2024-06-11 19:00:00,319.317,336.086
2024-06-11 20:00:00,319.963,336.095
2024-06-11 21:00:00,320.213,335.588
2024-06-11 22:00:00,320.28,335.439
2024-06-11 23:00:00,320.039,335.633
2024-06-12 00:00:00,319.503,335.155
2024-06-12 01:00:00,319.284,333.181
2024-06-12 02:00:00,318.07,329.91
2024-06-12 03:00:00,313.519,328.378
2024-06-12 04:00:00,310.857,328.22
2024-06-12 05:00:00,310.347,327.984
2024-06-12 06:00:00,309.514,328.142
2024-06-12 07:00:00,312.131,328.732
2024-06-12 08:00:00,317.814,328.805
2024-06-12 09:00:00,318.897,329.503
2024-06-12 10:00:00,319.146,330.425
2024-06-12 11:00:00,319.311,332.191
2024-06-12 12:00:00,319.026,332.858
2024-06-12 13:00:00,318.625,330.784
2024-06-12 14:00:00,317.334,328.59
2024-06-12 15:00:00,316.67,328.053
2024-06-12 16:00:00,315.718,327.714
2024-06-12 17:00:00,315.779,327.403
2024-06-12 18:00:00,316.782,327.656
2024-06-12 19:00:00,317.871,328.052
2024-06-12 20:00:00,318.488,328.73
2024-06-12 21:00:00,319.077,329.493
2024-06-12 22:00:00,318.969,329.923
2024-06-12 23:00:00,318.745,330.036
2024-06-13 00:00:00,318.573,329.135
2024-06-13 01:00:00,317.869,328.622
2024-06-13 02:00:00,317.027,327.802
2024-06-13 03:00:00,315.019,326.818
2024-06-13 04:00:00,311.562,325.822
2024-06-13 05:00:00,310.535,325.531
2024-06-13 06:00:00,310.213,325.274
2024-06-13 07:00:00,310.353,325.141
2024-06-13 08:00:00,313.431,325.241
2024-06-13 09:00:00,316.694,326.059
2024-06-13 10:00:00,317.442,328.198
2024-06-13 11:00:00,317.062,329.158
2024-06-13 12:00:00,316.875,329.153
2024-06-13 13:00:00,314.326,328.792
2024-06-13 14:00:00,313.615,328.05
2024-06-13 15:00:00,315.211,327.316
2024-06-13 16:00:00,314.898,326.615
2024-06-13 17:00:00,312.928,326.33
2024-06-13 18:00:00,312.736,326.093
2024-06-13 19:00:00,312.578,326.59
2024-06-13 20:00:00,313.404,327.425
2024-06-13 21:00:00,314.803,328.61
2024-06-13 22:00:00,315.462,329.588
2024-06-13 23:00:00,315.83,329.91
2024-06-14 00:00:00,315.836,330.106
2024-06-14 01:00:00,314.682,329.822
2024-06-14 02:00:00,312.541,329.077
2024-06-14 03:00:00,311.938,328.351
2024-06-14 04:00:00,311.551,327.695
2024-06-14 05:00:00,309.806,327.063
2024-06-14 06:00:00,308.707,326.334
2024-06-14 07:00:00,309.253,325.898
2024-06-14 08:00:00,310.281,326.021
2024-06-14 09:00:00,310.483,326.932
2024-06-14 10:00:00,312.772,328.337
2024-06-14 11:00:00,312.968,329.208
2024-06-14 12:00:00,312.932,330.057
2024-06-14 13:00:00,317.911,330.164
2024-06-14 14:00:00,320.03,329.262
2024-06-14 15:00:00,316.944,328.24
2024-06-14 16:00:00,312.171,327.382
2024-06-14 17:00:00,312.517,326.893
2024-06-14 18:00:00,313.807,326.631
2024-06-14 19:00:00,310.892,326.091
2024-06-14 20:00:00,310.754,325.637
2024-06-14 21:00:00,310.779,326.317
2024-06-14 22:00:00,310.993,326.925
2024-06-14 23:00:00,311.43,327.517
2024-06-15 00:00:00,311.109,328.054
2024-06-15 01:00:00,311.741,328.183
2024-06-15 02:00:00,313.913,328.025
2024-06-15 03:00:00,315.944,327.678
2024-06-15 04:00:00,313.148,327.324
2024-06-15 05:00:00,309.98,326.879
2024-06-15 06:00:00,307.646,326.443
2024-06-15 07:00:00,307.88,326.34
2024-06-15 08:00:00,307.699,325.852
2024-06-15 09:00:00,309.66,325.937
2024-06-15 10:00:00,311.063,325.67
2024-06-15 11:00:00,312.402,325.892
2024-06-15 12:00:00,311.398,326.571
2024-06-15 13:00:00,314.014,327.079
2024-06-15 14:00:00,314.481,327.852
2024-06-15 15:00:00,309.293,328.25
2024-06-15 16:00:00,304.59,327.941
2024-06-15 17:00:00,308.706,327.596
2024-06-15 18:00:00,310.873,326.997
2024-06-15 19:00:00,309.931,325.922
2024-06-15 20:00:00,308.462,325.532
2024-06-15 21:00:00,307.509,325.172
2024-06-15 22:00:00,307.832,324.552
2024-06-15 23:00:00,308.151,324.199
2024-06-16 00:00:00,308.922,323.692
2024-06-16 01:00:00,309.752,323.378
2024-06-16 02:00:00,310.449,323.232
2024-06-16 03:00:00,309.558,323.607
2024-06-16 04:00:00,310.869,323.857
2024-06-16 05:00:00,311.177,323.811
2024-06-16 06:00:00,310.138,323.754
2024-06-16 07:00:00,306.969,324.175
2024-06-16 08:00:00,306.621,323.614
2024-06-16 09:00:00,308.213,323.877
2024-06-16 10:00:00,309.622,324.567
2024-06-16 11:00:00,308.18,325.267
2024-06-16 12:00:00,305.613,326.046
2024-06-16 13:00:00,304.7,326.207
2024-06-16 14:00:00,304.048,326.86
2024-06-16 15:00:00,303.727,325.657
2024-06-16 16:00:00,306.541,325.348
2024-06-16 17:00:00,309.003,324.218
2024-06-16 18:00:00,309.999,323.053
2024-06-16 19:00:00,309.017,322.029
2024-06-16 20:00:00,307.893,321.428
2024-06-16 21:00:00,304.516,321.673
2024-06-16 22:00:00,300.396,320.875
2024-06-16 23:00:00,300.183,320.602
2024-06-17 00:00:00,299.494,319.776
2024-06-17 01:00:00,304.192,319.905
2024-06-17 02:00:00,306.381,320.323
2024-06-17 03:00:00,306.747,320.756
2024-06-17 04:00:00,306.521,322.011
2024-06-17 05:00:00,307.332,322.524
2024-06-17 06:00:00,307.587,323.175
2024-06-17 07:00:00,307.323,321.581
2024-06-17 08:00:00,307.437,321.364
2024-06-17 09:00:00,306.949,321.222
2024-06-17 10:00:00,306.835,320.428
2024-06-17 11:00:00,305.771,320.449
2024-06-17 12:00:00,306.925,321.797
2024-06-17 13:00:00,306.173,323.669
2024-06-17 14:00:00,304.99,325.907
2024-06-17 15:00:00,304.838,325.724
2024-06-17 16:00:00,305.846,324.98
2024-06-17 17:00:00,307.327,323.691
2024-06-17 18:00:00,307.173,320.969
2024-06-17 19:00:00,306.814,318.645
2024-06-17 20:00:00,304.998,318.445
2024-06-17 21:00:00,303.498,317.592
2024-06-17 22:00:00,302.401,316.116
2024-06-17 23:00:00,300.705,315.785
2024-06-18 00:00:00,301.014,315.138
2024-06-18 01:00:00,301.39,315.706
2024-06-18 02:00:00,304.039,317.806
2024-06-18 03:00:00,305.221,317.678
2024-06-18 04:00:00,305.083,318.556
2024-06-18 05:00:00,305.549,320.218
2024-06-18 06:00:00,306.379,321.712
2024-06-18 07:00:00,306.745,322.135
2024-06-18 08:00:00,306.936,321.633
2024-06-18 09:00:00,306.711,321.739
2024-06-18 10:00:00,306.603,322.291
2024-06-18 11:00:00,306.632,323.659
2024-06-18 12:00:00,306.735,325.071
2024-06-18 13:00:00,306.062,325.413
2024-06-18 14:00:00,306.899,325.262
2024-06-18 15:00:00,308.8,324.867
2024-06-18 16:00:00,308.562,324.648
2024-06-18 17:00:00,306.986,324.755
2024-06-18 18:00:00,305.842,324.614
2024-06-18 19:00:00,305.98,322.694
2024-06-18 20:00:00,305.934,319.1
2024-06-18 21:00:00,303.932,315.546
2024-06-18 22:00:00,303.303,315.889
2024-06-18 23:00:00,302.256,315.865
2024-06-19 00:00:00,302.049,316.117
2024-06-19 01:00:00,302.134,315.893
2024-06-19 02:00:00,301.996,316.074
2024-06-19 03:00:00,302.445,316.624
2024-06-19 04:00:00,303.229,319.016
2024-06-19 05:00:00,304.889,323.272
2024-06-19 06:00:00,306.368,323.047
2024-06-19 07:00:00,307.803,321.807
2024-06-19 08:00:00,309.51,320.67
2024-06-19 09:00:00,311.404,320.958
2024-06-19 10:00:00,313.791,321.245
2024-06-19 11:00:00,313.475,321.411
2024-06-19 12:00:00,313.268,319.535
2024-06-19 13:00:00,313.326,319.778
2024-06-19 14:00:00,313.913,319.644
2024-06-19 15:00:00,314.306,320.019
2024-06-19 16:00:00,314.131,320.578
2024-06-19 17:00:00,313.722,320.115
2024-06-19 18:00:00,313.643,319.116
2024-06-19 19:00:00,313.339,318.508
2024-06-19 20:00:00,308.868,317.801
2024-06-19 21:00:00,304.384,320.177
2024-06-19 22:00:00,302.806,319.912
2024-06-19 23:00:00,301.682,319.665
2024-06-20 00:00:00,300.835,319.768
2024-06-20 01:00:00,301.53,319.171
2024-06-20 02:00:00,301.357,317.366
2024-06-20 03:00:00,301.926,317.617
2024-06-20 04:00:00,304.824,318.185
2024-06-20 05:00:00,311.345,319.173
2024-06-20 06:00:00,312.148,319.701
2024-06-20 07:00:00,312.053,319.408
2024-06-20 08:00:00,312.342,321.228
2024-06-20 09:00:00,313.278,322.597
2024-06-20 10:00:00,313.524,323.994
2024-06-20 11:00:00,313.838,325.167
2024-06-20 12:00:00,313.707,325.704
2024-06-20 13:00:00,313.791,325.613
2024-06-20 14:00:00,313.462,325.767
2024-06-20 15:00:00,313.273,326.194
2024-06-20 16:00:00,313.2,327.046
2024-06-20 17:00:00,313.301,326.231
2024-06-20 18:00:00,312.911,324.633
2024-06-20 19:00:00,312.512,323.284
2024-06-20 20:00:00,311.577,319.067
2024-06-20 21:00:00,311.695,316.095
2024-06-20 22:00:00,304.786,315.985
2024-06-20 23:00:00,301.518,316.344
2024-06-21 00:00:00,300.198,316.259
2024-06-21 01:00:00,299.925,316.926
2024-06-21 02:00:00,300.089,316.594
2024-06-21 03:00:00,300.89,316.374
2024-06-21 04:00:00,306.506,315.837
2024-06-21 05:00:00,310.202,317.071
2024-06-21 06:00:00,310.867,316.812
2024-06-21 07:00:00,311.741,317.122
2024-06-21 08:00:00,313.144,318.726
2024-06-21 09:00:00,314.968,321.742
2024-06-21 10:00:00,315.78,323.588
2024-06-21 11:00:00,316.684,325.977
2024-06-21 12:00:00,316.681,325.447
2024-06-21 13:00:00,317.018,323.748
2024-06-21 14:00:00,317.714,321.426
2024-06-21 15:00:00,317.723,320.557
2024-06-21 16:00:00,317.344,320.603
2024-06-21 17:00:00,316.861,320.129
2024-06-21 18:00:00,316.344,318.992
2024-06-21 19:00:00,315.131,317.292
2024-06-21 20:00:00,313.234,317.629
2024-06-21 21:00:00,311.239,317.591
2024-06-21 22:00:00,310.456,316.838
2024-06-21 23:00:00,307.655,316.441
2024-06-22 00:00:00,301.303,315.5
2024-06-22 01:00:00,299.781,314.997
2024-06-22 02:00:00,300.007,315.834
2024-06-22 03:00:00,301.733,316.006
2024-06-22 04:00:00,307.019,315.418
2024-06-22 05:00:00,309.029,315.895
2024-06-22 06:00:00,310.088,317.478
2024-06-22 07:00:00,311.662,320.481
2024-06-22 08:00:00,313.723,317.478
2024-06-22 09:00:00,315.109,320.021
2024-06-22 10:00:00,315.257,321.071
2024-06-22 11:00:00,315.794,320.657
2024-06-22 12:00:00,316.435,321.207
2024-06-22 13:00:00,317.106,320.709
2024-06-22 14:00:00,317.645,320.412
2024-06-22 15:00:00,317.761,320.189
2024-06-22 16:00:00,317.647,321.155
2024-06-22 17:00:00,317.595,321.256
2024-06-22 18:00:00,317.316,321.422
2024-06-22 19:00:00,316.999,319.516
2024-06-22 20:00:00,316.309,316.572
2024-06-22 21:00:00,314.437,318.847
2024-06-22 22:00:00,312.394,316.409
2024-06-22 23:00:00,310.451,315.523
2024-06-23 00:00:00,306.498,314.138
2024-06-23 01:00:00,302.102,313.826
2024-06-23 02:00:00,301.027,312.325
2024-06-23 03:00:00,302.443,311.997
2024-06-23 04:00:00,307.178,312.438
2024-06-23 05:00:00,309.608,314.272
2024-06-23 06:00:00,310.194,314.604
2024-06-23 07:00:00,311.565,315.546
2024-06-23 08:00:00,313.041,316.403
2024-06-23 09:00:00,313.655,317.25
2024-06-23 10:00:00,314.512,318.403
2024-06-23 11:00:00,313.704,316.489
2024-06-23 12:00:00,314.601,316.943
2024-06-23 13:00:00,314.838,316.956
2024-06-23 14:00:00,315.583,316.519
2024-06-23 15:00:00,316.68,315.252
2024-06-23 16:00:00,317.06,315.255
2024-06-23 17:00:00,316.792,316.487
2024-06-23 18:00:00,316.804,315.809
2024-06-23 19:00:00,316.604,316.06
2024-06-23 20:00:00,316.325,318.05
2024-06-23 21:00:00,315.489,315.854
2024-06-23 22:00:00,312.738,311.494
2024-06-23 23:00:00,308.903,309.642
2024-06-24 00:00:00,306.795,308.172
2024-06-24 01:00:00,305.552,307.793
2024-06-24 02:00:00,304.571,307.501
2024-06-24 03:00:00,303.74,307.791
2024-06-24 04:00:00,303.301,307.404
2024-06-24 05:00:00,303.827,307.732
2024-06-24 06:00:00,305.952,308.344
2024-06-24 07:00:00,308.477,309.54
2024-06-24 08:00:00,309.559,309.661
2024-06-24 09:00:00,309.575,310.516
2024-06-24 10:00:00,310.107,310.824
2024-06-24 11:00:00,310.306,310.006
2024-06-24 12:00:00,310.653,309.064
2024-06-24 13:00:00,310.828,308.707
2024-06-24 14:00:00,311.267,308.511
2024-06-24 15:00:00,311.692,308.82
2024-06-24 16:00:00,312.767,309.787
2024-06-24 17:00:00,313.994,310.573
2024-06-24 18:00:00,314.384,311.752
2024-06-24 19:00:00,314.327,312.123
2024-06-24 20:00:00,314.264,310.788
2024-06-24 21:00:00,312.814,309.371
2024-06-24 22:00:00,310.402,308.001
2024-06-24 23:00:00,306.843,305.282
2024-06-25 00:00:00,306.75,303.109
2024-06-25 01:00:00,305.172,302.975
2024-06-25 02:00:00,301.67,301.072
2024-06-25 03:00:00,300.29,300.736
2024-06-25 04:00:00,299.483,300.026
2024-06-25 05:00:00,300.696,300.271
2024-06-25 06:00:00,305.133,301.24
2024-06-25 07:00:00,306.592,302.703
2024-06-25 08:00:00,306.512,305.505
2024-06-25 09:00:00,306.187,306.736
2024-06-25 10:00:00,307.221,307.342
2024-06-25 11:00:00,307.652,307.83
2024-06-25 12:00:00,308.289,307.162
2024-06-25 13:00:00,308.342,307.838
2024-06-25 14:00:00,308.364,309.865
2024-06-25 15:00:00,308.35,312.448
2024-06-25 16:00:00,308.437,313.592
2024-06-25 17:00:00,308.93,316.821
2024-06-25 18:00:00,310.407,319.524
2024-06-25 19:00:00,311.978,319.764
2024-06-25 20:00:00,312.152,325.139
2024-06-25 21:00:00,311.261,329.573
2024-06-25 22:00:00,308.856,334.439
2024-06-25 23:00:00,308.024,338.241
2024-06-26 00:00:00,307.501,340.16
2024-06-26 01:00:00,304.342,342.442
2024-06-26 02:00:00,302.254,341.826
2024-06-26 03:00:00,301.49,339.484
2024-06-26 04:00:00,300.701,336.232
2024-06-26 05:00:00,300.164,337.985
2024-06-26 06:00:00,300.518,343.075
2024-06-26 07:00:00,301.853,341.425
2024-06-26 08:00:00,304.078,343.471
2024-06-26 09:00:00,303.256,348.025
2024-06-26 10:00:00,304.681,348.689
2024-06-26 11:00:00,306.856,346.652
2024-06-26 12:00:00,306.923,347.514
2024-06-26 13:00:00,307.208,347.402
2024-06-26 14:00:00,306.807,346.944
2024-06-26 15:00:00,306.9,345.77
2024-06-26 16:00:00,306.677,344.546
2024-06-26 17:00:00,306.203,343.961
2024-06-26 18:00:00,305.555,344.204
2024-06-26 19:00:00,307.946,344.896
2024-06-26 20:00:00,309.093,343.788
2024-06-26 21:00:00,309.382,343.629
2024-06-26 22:00:00,307.879,344.105
2024-06-26 23:00:00,305.426,342.488
2024-06-27 00:00:00,304.866,342.857
2024-06-27 01:00:00,302.375,342.487
2024-06-27 02:00:00,302.929,343.807
2024-06-27 03:00:00,299.322,342.423
2024-06-27 04:00:00,296.882,340.787
2024-06-27 05:00:00,294.849,339.924
2024-06-27 06:00:00,296.119,339.009
2024-06-27 07:00:00,300.74,339.134
2024-06-27 08:00:00,304.033,339.733
2024-06-27 09:00:00,304.004,337.285
2024-06-27 10:00:00,303.211,338.224
2024-06-27 11:00:00,304.297,335.391
2024-06-27 12:00:00,306.002,336.858
2024-06-27 13:00:00,305.798,339.31
2024-06-27 14:00:00,305.523,339.94
2024-06-27 15:00:00,302.919,338.427
2024-06-27 16:00:00,300.376,336.781
2024-06-27 17:00:00,301.138,335.306
2024-06-27 18:00:00,302.673,333.396
2024-06-27 19:00:00,303.478,332.496
2024-06-27 20:00:00,302.866,332.148
2024-06-27 21:00:00,302.651,332.019
2024-06-27 22:00:00,302.987,332.398
2024-06-27 23:00:00,303.004,332.811
2024-06-28 00:00:00,302.847,333.492
2024-06-28 01:00:00,300.795,333.971
2024-06-28 02:00:00,296.716,333.225
2024-06-28 03:00:00,291.149,334.516
2024-06-28 04:00:00,290.474,333.797
2024-06-28 05:00:00,292.473,334.363
2024-06-28 06:00:00,294.835,334.409
2024-06-28 07:00:00,294.796,333.664
2024-06-28 08:00:00,294.478,332.487
2024-06-28 09:00:00,292.363,332.576
2024-06-28 10:00:00,297.365,330.944
2024-06-28 11:00:00,302.145,332.046
2024-06-28 12:00:00,301.429,332.997
2024-06-28 13:00:00,299.82,333.24
2024-06-28 14:00:00,297.199,332.452
2024-06-28 15:00:00,296.29,331.671
2024-06-28 16:00:00,295.246,330.986
2024-06-28 17:00:00,292.306,331.519
2024-06-28 18:00:00,290.084,331.371
2024-06-28 19:00:00,290.146,331.019
2024-06-28 20:00:00,292.937,330.908
2024-06-28 21:00:00,293.164,330.712
2024-06-28 22:00:00,292.092,330.87
2024-06-28 23:00:00,291.155,329.885
2024-06-29 00:00:00,290.041,331.12
2024-06-29 01:00:00,289.895,331.419
2024-06-29 02:00:00,291.134,331.329
2024-06-29 03:00:00,291.51,332.37
2024-06-29 04:00:00,288.578,332.479
2024-06-29 05:00:00,284.306,332.065
2024-06-29 06:00:00,282.109,330.71
2024-06-29 07:00:00,281.995,330.929
2024-06-29 08:00:00,283.656,330.467
2024-06-29 09:00:00,286.187,329.765
2024-06-29 10:00:00,287.772,329.241
2024-06-29 11:00:00,289.049,328.754
2024-06-29 12:00:00,291.26,328.819
2024-06-29 13:00:00,295.568,328.519
2024-06-29 14:00:00,296.186,328.467
2024-06-29 15:00:00,295.474,328.192
2024-06-29 16:00:00,294.099,328.261
2024-06-29 17:00:00,291.404,328.616
2024-06-29 18:00:00,286.925,328.662
2024-06-29 19:00:00,282.256,328.04
2024-06-29 20:00:00,280.613,329.009
2024-06-29 21:00:00,280.529,328.429
2024-06-29 22:00:00,282.215,328.036
2024-06-29 23:00:00,284.33,327.87
2024-06-30 00:00:00,285.981,327.9
2024-06-30 01:00:00,288.86,327.792
2024-06-30 02:00:00,290.615,328.111
2024-06-30 03:00:00,290.808,328.276
2024-06-30 04:00:00,289.677,329.025
2024-06-30 05:00:00,286.957,329.077
2024-06-30 06:00:00,283.845,328.696
2024-06-30 07:00:00,282.673,328.013
2024-06-30 08:00:00,282.843,327.683
2024-06-30 09:00:00,285.534,327.519
2024-06-30 10:00:00,288.991,326.689
2024-06-30 11:00:00,290.521,325.423
2024-06-30 12:00:00,292.619,323.699
2024-06-30 13:00:00,294.985,323.515
2024-06-30 14:00:00,295.329,323.447
2024-06-30 15:00:00,294.447,323.909
2024-06-30 16:00:00,293.866,325.532
2024-06-30 17:00:00,292.34,326.615
2024-06-30 18:00:00,287.761,326.441
2024-06-30 19:00:00,281.309,326.34
2024-06-30 20:00:00,279.106,327.341
2024-06-30 21:00:00,278.255,326.235
2024-06-30 22:00:00,279.142,325.376
2024-06-30 23:00:00,282.316,324.478
2024-07-01 00:00:00,284.286,321.465
2024-07-01 01:00:00,285.596,324.663
2024-07-01 02:00:00,288.244,325.445
2024-07-01 03:00:00,290.343,325.089
2024-07-01 04:00:00,291.344,325.01
2024-07-01 05:00:00,290.901,326.302
2024-07-01 06:00:00,290.149,326.836
2024-07-01 07:00:00,289.289,326.972
2024-07-01 08:00:00,288.971,326.787
2024-07-01 09:00:00,289.766,326.003
2024-07-01 10:00:00,289.663,325.413
2024-07-01 11:00:00,289.288,322.65
2024-07-01 12:00:00,289.369,320.687
2024-07-01 13:00:00,291.32,321.142
2024-07-01 14:00:00,293.236,320.137
2024-07-01 15:00:00,293.511,320.097
2024-07-01 16:00:00,293.435,323.596
2024-07-01 17:00:00,292.683,325.933
2024-07-01 18:00:00,290.912,327.612
2024-07-01 19:00:00,284.207,327.266
2024-07-01 20:00:00,279.681,326.4
2024-07-01 21:00:00,278.958,322.858
2024-07-01 22:00:00,285.346,321.836
2024-07-01 23:00:00,288.269,321.804
2024-07-02 00:00:00,288.777,322.345
2024-07-02 01:00:00,289.184,325.476
2024-07-02 02:00:00,288.442,324.241
2024-07-02 03:00:00,287.317,325.021
2024-07-02 04:00:00,289.065,325.381
2024-07-02 05:00:00,290.884,324.55
2024-07-02 06:00:00,290.708,324.533
2024-07-02 07:00:00,290.375,324.597
2024-07-02 08:00:00,289.811,324.339
2024-07-02 09:00:00,289.796,324.296
2024-07-02 10:00:00,289.176,324.602
2024-07-02 11:00:00,287.968,323.894
2024-07-02 12:00:00,287.325,322.14
2024-07-02 13:00:00,287.308,320.643
2024-07-02 14:00:00,287.285,319.581
2024-07-02 15:00:00,287.488,319.508
2024-07-02 16:00:00,288.049,320.398
2024-07-02 17:00:00,288.246,321.971
2024-07-02 18:00:00,288.962,324.609
2024-07-02 19:00:00,286.762,326.235
2024-07-02 20:00:00,283.424,325.859
2024-07-02 21:00:00,285.078,326.19
2024-07-02 22:00:00,288.579,325.943
2024-07-02 23:00:00,289.916,324.434
2024-07-03 00:00:00,290.576,324.573
2024-07-03 01:00:00,289.857,323.815
2024-07-03 02:00:00,289.838,325.073
2024-07-03 03:00:00,290.233,324.166
2024-07-03 04:00:00,289.796,322.732
2024-07-03 05:00:00,287.529,323.498
2024-07-03 06:00:00,286.624,324.285
2024-07-03 07:00:00,287.107,323.832
2024-07-03 08:00:00,288.087,323.263
2024-07-03 09:00:00,288.095,322.671
2024-07-03 10:00:00,287.664,321.336
2024-07-03 11:00:00,287.381,319.154
2024-07-03 12:00:00,287.365,315.345
2024-07-03 13:00:00,288.364,311.764
2024-07-03 14:00:00,290.648,307.903
2024-07-03 15:00:00,291.349,307.027
2024-07-03 16:00:00,290.481,307.258
2024-07-03 17:00:00,288.807,308.814
2024-07-03 18:00:00,287.011,314.699
2024-07-03 19:00:00,286.988,319.577
2024-07-03 20:00:00,287.537,322.715
2024-07-03 21:00:00,287.161,322.767
2024-07-03 22:00:00,288.145,322.932
2024-07-03 23:00:00,288.883,323.506
2024-07-04 00:00:00,289.389,324.126
2024-07-04 01:00:00,288.958,324.067
2024-07-04 02:00:00,288.997,321.618
2024-07-04 03:00:00,289.161,315.674
2024-07-04 04:00:00,288.948,311.856
2024-07-04 05:00:00,288.08,308.791
2024-07-04 06:00:00,287.4,308.846
2024-07-04 07:00:00,286.274,313.087
2024-07-04 08:00:00,285.955,320.917
2024-07-04 09:00:00,286.096,322.436
2024-07-04 10:00:00,286.422,322.351
2024-07-04 11:00:00,286.486,321.688
2024-07-04 12:00:00,286.597,319.237
2024-07-04 13:00:00,287.341,310.155
2024-07-04 14:00:00,288.219,306.902
2024-07-04 15:00:00,288.441,307.342
2024-07-04 16:00:00,288.06,307.632
2024-07-04 17:00:00,287.508,307.533
2024-07-04 18:00:00,286.617,308.021
2024-07-04 19:00:00,285.949,311.136
2024-07-04 20:00:00,284.909,315.832
2024-07-04 21:00:00,283.289,321.528
2024-07-04 22:00:00,282.86,322.142
2024-07-04 23:00:00,285.046,321.849
2024-07-05 00:00:00,286.814,321.252
2024-07-05 01:00:00,287.579,322.062
2024-07-05 02:00:00,287.565,322.415
2024-07-05 03:00:00,287.453,318.794
2024-07-05 04:00:00,287.292,314.731
2024-07-05 05:00:00,286.891,316.651
2024-07-05 06:00:00,286.073,317.569
2024-07-05 07:00:00,284.46,321.613
2024-07-05 08:00:00,284.267,318.229
2024-07-05 09:00:00,284.333,313.386
2024-07-05 10:00:00,285.029,312.063
2024-07-05 11:00:00,285.193,311.713
2024-07-05 12:00:00,285.199,311.729
2024-07-05 13:00:00,285.177,311.748
2024-07-05 14:00:00,285.534,313.071
2024-07-05 15:00:00,285.887,314.974
2024-07-05 16:00:00,286.193,316.559
2024-07-05 17:00:00,286.163,316.623
2024-07-05 18:00:00,285.251,315.78
2024-07-05 19:00:00,284.64,315.541
2024-07-05 20:00:00,283.496,315.624
2024-07-05 21:00:00,280.96,316.451
2024-07-05 22:00:00,279.229,318.121
2024-07-05 23:00:00,281.317,317.724
2024-07-06 00:00:00,284.453,318.091
2024-07-06 01:00:00,285.94,317.778
2024-07-06 02:00:00,285.933,317.351
2024-07-06 03:00:00,286.337,317.143
2024-07-06 04:00:00,285.869,317.967
2024-07-06 05:00:00,285.202,318.886
2024-07-06 06:00:00,284.786,319.225
2024-07-06 07:00:00,282.666,315.552
2024-07-06 08:00:00,281.337,312.427
2024-07-06 09:00:00,281.955,309.842
2024-07-06 10:00:00,282.734,307.7
2024-07-06 11:00:00,283.022,307.32
2024-07-06 12:00:00,283.07,307.139
2024-07-06 13:00:00,282.761,307.3
2024-07-06 14:00:00,282.883,307.441
2024-07-06 15:00:00,283.701,308.249
2024-07-06 16:00:00,284.572,309.152
2024-07-06 17:00:00,285.294,309.831
2024-07-06 18:00:00,285.194,309.996
2024-07-06 19:00:00,284.757,310.204
2024-07-06 20:00:00,283.713,310.307
2024-07-06 21:00:00,281.454,309.907
2024-07-06 22:00:00,279.244,311.497
2024-07-06 23:00:00,279.673,312.961
2024-07-07 00:00:00,282.493,314.758
2024-07-07 01:00:00,283.961,315.441
2024-07-07 02:00:00,284.375,315.767
2024-07-07 03:00:00,284.789,314.259
2024-07-07 04:00:00,284.796,314.438
2024-07-07 05:00:00,285.137,313.691
2024-07-07 06:00:00,285.193,313.874
2024-07-07 07:00:00,284.198,312.623
2024-07-07 08:00:00,282.074,309.541
2024-07-07 09:00:00,279.531,307.05
2024-07-07 10:00:00,279.426,306.653
2024-07-07 11:00:00,279.886,305.781
2024-07-07 12:00:00,279.661,305.332
2024-07-07 13:00:00,279.902,305.907
2024-07-07 14:00:00,279.82,306.061
2024-07-07 15:00:00,280.175,306.924
2024-07-07 16:00:00,281.249,307.638
2024-07-07 17:00:00,283.339,308.141
2024-07-07 18:00:00,284.266,309.078
2024-07-07 19:00:00,284.114,309.356
2024-07-07 20:00:00,283.4,309.366
2024-07-07 21:00:00,280.813,309.833
2024-07-07 22:00:00,278.838,310.369
2024-07-07 23:00:00,280.212,311.15
2024-07-08 00:00:00,281.535,313.088
2024-07-08 01:00:00,281.738,314.404
2024-07-08 02:00:00,282.394,314.475
2024-07-08 03:00:00,282.963,314.355
2024-07-08 04:00:00,283.832,314.368
2024-07-08 05:00:00,284.089,314.202
2024-07-08 06:00:00,284.694,313.821
2024-07-08 07:00:00,284.826,313.148
2024-07-08 08:00:00,284.225,312.944
2024-07-08 09:00:00,279.882,311.917
2024-07-08 10:00:00,277.307,310.725
2024-07-08 11:00:00,277.398,309.305
2024-07-08 12:00:00,277.726,308.413
2024-07-08 13:00:00,277.474,307.348
2024-07-08 14:00:00,277.598,307.314
2024-07-08 15:00:00,277.181,307.348
2024-07-08 16:00:00,277.466,308.171
2024-07-08 17:00:00,278.905,309.295
2024-07-08 18:00:00,281.054,309.976
2024-07-08 19:00:00,281.92,310.944
2024-07-08 20:00:00,281.651,311.179
2024-07-08 21:00:00,280.45,310.883
2024-07-08 22:00:00,278.1,310.702
2024-07-08 23:00:00,276.858,310.798
2024-07-09 00:00:00,279.498,310.955
2024-07-09 01:00:00,281.75,311.722
2024-07-09 02:00:00,281.988,311.767
2024-07-09 03:00:00,281.988,311.706
2024-07-09 04:00:00,282.408,311.432
2024-07-09 05:00:00,282.87,311.932
2024-07-09 06:00:00,284.368,312.557
2024-07-09 07:00:00,285.583,312.815
2024-07-09 08:00:00,285.021,312.457
2024-07-09 09:00:00,281.289,309.933
2024-07-09 10:00:00,277.957,307.383
2024-07-09 11:00:00,276.51,305.753
2024-07-09 12:00:00,275.924,304.82
2024-07-09 13:00:00,276.202,304.58
2024-07-09 14:00:00,275.984,304.3
2024-07-09 15:00:00,275.879,303.946
2024-07-09 16:00:00,276.042,303.564
2024-07-09 17:00:00,277.951,303.155
2024-07-09 18:00:00,281.389,302.994
2024-07-09 19:00:00,283.679,303.055
2024-07-09 20:00:00,284.708,303.887
2024-07-09 21:00:00,284.636,304.929
2024-07-09 22:00:00,283.704,305.525
2024-07-09 23:00:00,281.131,305.632
2024-07-10 00:00:00,279.432,306.38
2024-07-10 01:00:00,280.18,307.23
2024-07-10 02:00:00,283.206,308.145
2024-07-10 03:00:00,283.887,309.019
2024-07-10 04:00:00,284.223,309.163
2024-07-10 05:00:00,284.857,309.15
2024-07-10 06:00:00,285.196,308.786
2024-07-10 07:00:00,285.233,307.19
2024-07-10 08:00:00,284.918,306.083
2024-07-10 09:00:00,284.751,305.641
2024-07-10 10:00:00,283.552,305.51
2024-07-10 11:00:00,282.163,306.229
2024-07-10 12:00:00,280.727,305.791
2024-07-10 13:00:00,279.369,305.656
2024-07-10 14:00:00,278.607,305.53
2024-07-10 15:00:00,278.328,305.421
2024-07-10 16:00:00,279.68,305.55
2024-07-10 17:00:00,282.687,306.179
2024-07-10 18:00:00,284.508,307.601
2024-07-10 19:00:00,284.973,308.817
2024-07-10 20:00:00,284.929,309.526
2024-07-10 21:00:00,284.793,309.802
2024-07-10 22:00:00,284.761,309.657
2024-07-10 23:00:00,284.599,308.932
2024-07-11 00:00:00,284.616,308.146
2024-07-11 01:00:00,284.382,308.055
2024-07-11 02:00:00,284.104,307.983
2024-07-11 03:00:00,283.77,306.838
2024-07-11 04:00:00,284.106,305.963
2024-07-11 05:00:00,284.221,305.708
2024-07-11 06:00:00,284.325,305.855
2024-07-11 07:00:00,284.101,306.502
2024-07-11 08:00:00,284.14,307.285
2024-07-11 09:00:00,284.291,307.562
2024-07-11 10:00:00,284.152,308.303
2024-07-11 11:00:00,283.735,307.601
2024-07-11 12:00:00,283.024,306.511
2024-07-11 13:00:00,282.368,305.99
2024-07-11 14:00:00,281.727,305.393
2024-07-11 15:00:00,281.361,305.103
2024-07-11 16:00:00,281.613,305.075
2024-07-11 17:00:00,282.544,305.159
2024-07-11 18:00:00,283.639,305.173
2024-07-11 19:00:00,283.645,306.063
2024-07-11 20:00:00,283.62,306.506
2024-07-11 21:00:00,283.53,307.326
2024-07-11 22:00:00,283.5,307.981
2024-07-11 23:00:00,283.511,308.291
2024-07-12 00:00:00,283.568,308.004
2024-07-12 01:00:00,283.532,307.077
2024-07-12 02:00:00,283.476,306.494
2024-07-12 03:00:00,283.412,305.595
2024-07-12 04:00:00,283.305,305.03
2024-07-12 05:00:00,283.37,305.684
2024-07-12 06:00:00,283.384,305.619
2024-07-12 07:00:00,283.187,305.538
2024-07-12 08:00:00,283.046,305.655
2024-07-12 09:00:00,282.962,306.165
2024-07-12 10:00:00,282.832,305.91
2024-07-12 11:00:00,282.96,305.493
2024-07-12 12:00:00,282.788,306.985
2024-07-12 13:00:00,282.445,307.433
2024-07-12 14:00:00,282.445,306.795
2024-07-12 15:00:00,282.488,306.232
2024-07-12 16:00:00,282.644,306.398
2024-07-12 17:00:00,282.385,306.873
2024-07-12 18:00:00,281.924,306.907
2024-07-12 19:00:00,281.459,307.111
2024-07-12 20:00:00,280.859,307.165
2024-07-12 21:00:00,281.309,306.921
2024-07-12 22:00:00,281.488,306.612
2024-07-12 23:00:00,281.577,306.703
2024-07-13 00:00:00,281.446,306.747
2024-07-13 01:00:00,281.565,307.34
2024-07-13 02:00:00,281.21,307.982
2024-07-13 03:00:00,280.258,308.343
2024-07-13 04:00:00,279.193,308.216
2024-07-13 05:00:00,278.078,307.578
2024-07-13 06:00:00,278.564,307.094
2024-07-13 07:00:00,279.308,306.861
2024-07-13 08:00:00,278.821,306.837
2024-07-13 09:00:00,280.291,306.701
2024-07-13 10:00:00,281.075,306.773
2024-07-13 11:00:00,281.381,306.398
2024-07-13 12:00:00,281.403,305.954
2024-07-13 13:00:00,281.189,305.607
2024-07-13 14:00:00,281.03,305.346
2024-07-13 15:00:00,280.774,305.433
2024-07-13 16:00:00,280.228,305.546
2024-07-13 17:00:00,278.088,305.683
2024-07-13 18:00:00,278.194,305.639
2024-07-13 19:00:00,278.983,305.117
2024-07-13 20:00:00,278.452,305.213
2024-07-13 21:00:00,278.52,305.315
2024-07-13 22:00:00,278.917,305.299
2024-07-13 23:00:00,279.424,305.409
2024-07-14 00:00:00,279.783,305.494
2024-07-14 01:00:00,279.859,305.518
2024-07-14 02:00:00,279.912,305.635
2024-07-14 03:00:00,279.943,305.844
2024-07-14 04:00:00,279.638,305.581
2024-07-14 05:00:00,278.959,305.389
2024-07-14 06:00:00,278.605,305.201
2024-07-14 07:00:00,279.103,304.92
2024-07-14 08:00:00,279.42,304.733
2024-07-14 09:00:00,279.878,304.217
2024-07-14 10:00:00,280.557,303.909
2024-07-14 11:00:00,281.671,303.186
2024-07-14 12:00:00,280.921,302.828
2024-07-14 13:00:00,280.722,303.057
2024-07-14 14:00:00,280.944,303.149
2024-07-14 15:00:00,280.875,303.353
2024-07-14 16:00:00,280.817,303.095
2024-07-14 17:00:00,280.615,303.137
2024-07-14 18:00:00,279.799,302.574
2024-07-14 19:00:00,279.366,302.382
2024-07-14 20:00:00,279.776,301.627
2024-07-14 21:00:00,279.767,300.924
2024-07-14 22:00:00,279.71,300.751
2024-07-14 23:00:00,279.45,301.126
2024-07-15 00:00:00,279.669,302.203
2024-07-15 01:00:00,280.077,302.816
2024-07-15 02:00:00,280.364,303.29
2024-07-15 03:00:00,280.616,303.588
2024-07-15 04:00:00,280.355,303.789
2024-07-15 05:00:00,280.211,303.716
2024-07-15 06:00:00,279.951,303.672
2024-07-15 07:00:00,279.757,303.403
2024-07-15 08:00:00,280.18,303.102
2024-07-15 09:00:00,280.396,302.669
2024-07-15 10:00:00,280.248,302.378
2024-07-15 11:00:00,280.277,301.969
2024-07-15 12:00:00,281.267,301.714
2024-07-15 13:00:00,281.143,301.232
2024-07-15 14:00:00,281.113,300.953
2024-07-15 15:00:00,281.612,300.758
2024-07-15 16:00:00,281.58,300.777
2024-07-15 17:00:00,279.858,300.826
2024-07-15 18:00:00,278.656,300.868
2024-07-15 19:00:00,277.521,299.881
2024-07-15 20:00:00,276.59,299.208
2024-07-15 21:00:00,276.801,299.124
2024-07-15 22:00:00,276.934,299.013
2024-07-15 23:00:00,276.697,299.113
2024-07-16 00:00:00,276.305,299.352
2024-07-16 01:00:00,276.26,299.827
2024-07-16 02:00:00,277.299,300.143
2024-07-16 03:00:00,277.84,301.511
2024-07-16 04:00:00,277.851,301.964
2024-07-16 05:00:00,277.985,302.015
2024-07-16 06:00:00,278.377,301.947
2024-07-16 07:00:00,278.513,301.733
2024-07-16 08:00:00,278.221,301.332
2024-07-16 09:00:00,277.232,301.205
2024-07-16 10:00:00,277.486,300.987
2024-07-16 11:00:00,278.47,300.763
2024-07-16 12:00:00,278.851,300.468
2024-07-16 13:00:00,279.294,300.119
2024-07-16 14:00:00,279.385,299.849
2024-07-16 15:00:00,279.42,300.037
2024-07-16 16:00:00,278.079,300.242
2024-07-16 17:00:00,276.558,300.302
2024-07-16 18:00:00,276.752,299.33
2024-07-16 19:00:00,275.606,298.161
2024-07-16 20:00:00,276.497,297.63
2024-07-16 21:00:00,276.033,297.679
2024-07-16 22:00:00,275.169,297.654
2024-07-16 23:00:00,275.221,297.807
2024-07-17 00:00:00,276.013,297.977
2024-07-17 01:00:00,276.336,298.101
2024-07-17 02:00:00,276.561,299.153
2024-07-17 03:00:00,276.971,300.027
2024-07-17 04:00:00,276.862,300.496
2024-07-17 05:00:00,276.507,300.169
2024-07-17 06:00:00,275.827,299.938
2024-07-17 07:00:00,275.882,299.678
2024-07-17 08:00:00,276.214,299.407
2024-07-17 09:00:00,276.589,299.325
2024-07-17 10:00:00,277.342,299.256
2024-07-17 11:00:00,278.034,299.571
2024-07-17 12:00:00,278.305,300.035
2024-07-17 13:00:00,278.309,299.57
2024-07-17 14:00:00,278.338,299.028
2024-07-17 15:00:00,278.136,298.923
2024-07-17 16:00:00,278.172,299.328
2024-07-17 17:00:00,277.67,298.999
2024-07-17 18:00:00,276.295,297.917
2024-07-17 19:00:00,275.356,296.855
2024-07-17 20:00:00,275.999,296.239
2024-07-17 21:00:00,274.782,295.432
2024-07-17 22:00:00,274.35,294.854
2024-07-17 23:00:00,273.817,294.504
2024-07-18 00:00:00,273.626,294.298
2024-07-18 01:00:00,274.212,294.698
2024-07-18 02:00:00,275.394,295.836
2024-07-18 03:00:00,275.922,296.136
2024-07-18 04:00:00,276.181,296.516
2024-07-18 05:00:00,275.796,297.588
2024-07-18 06:00:00,275.923,297.901
2024-07-18 07:00:00,275.954,297.899
2024-07-18 08:00:00,275.836,298.42
2024-07-18 09:00:00,276.18,297.858
2024-07-18 10:00:00,276.29,297.798
2024-07-18 11:00:00,276.566,298.584
2024-07-18 12:00:00,276.858,299.046
2024-07-18 13:00:00,277.086,299.738
2024-07-18 14:00:00,277.236,300.077
2024-07-18 15:00:00,277.179,299.956
2024-07-18 16:00:00,276.619,299.876
2024-07-18 17:00:00,276.358,299.243
2024-07-18 18:00:00,276.105,298.309
2024-07-18 19:00:00,274.995,297.058
2024-07-18 20:00:00,275.034,295.621
2024-07-18 21:00:00,274.833,294.696
2024-07-18 22:00:00,273.19,294.283
2024-07-18 23:00:00,272.876,293.815
2024-07-19 00:00:00,272.952,293.577
2024-07-19 01:00:00,273.423,293.674
2024-07-19 02:00:00,274.276,294.053
2024-07-19 03:00:00,274.831,294.919
2024-07-19 04:00:00,274.19,295.212
2024-07-19 05:00:00,274.094,295.91
2024-07-19 06:00:00,273.896,296.586
2024-07-19 07:00:00,274.444,296.362
2024-07-19 08:00:00,275.658,296.494
2024-07-19 09:00:00,276.057,296.749
2024-07-19 10:00:00,276.168,296.743
2024-07-19 11:00:00,276.317,296.582
2024-07-19 12:00:00,275.841,296.497
2024-07-19 13:00:00,275.498,296.225
2024-07-19 14:00:00,275.653,296.088
2024-07-19 15:00:00,275.961,295.952
2024-07-19 16:00:00,275.999,295.955
2024-07-19 17:00:00,275.39,296.069
2024-07-19 18:00:00,275.853,295.64
2024-07-19 19:00:00,275.377,294.893
2024-07-19 20:00:00,274.248,293.869
2024-07-19 21:00:00,273.511,292.988
2024-07-19 22:00:00,272.288,292.821
2024-07-19 23:00:00,270.191,292.322
2024-07-20 00:00:00,271.126,291.808
2024-07-20 01:00:00,271.888,291.823
2024-07-20 02:00:00,272.187,292.361
2024-07-20 03:00:00,272.976,292.994
2024-07-20 04:00:00,273.321,293.478
2024-07-20 05:00:00,273.252,294.13
2024-07-20 06:00:00,273.934,294.79
2024-07-20 07:00:00,274.068,295.45
2024-07-20 08:00:00,273.7,295.885
2024-07-20 09:00:00,273.577,296.223
2024-07-20 10:00:00,273.761,296.569
2024-07-20 11:00:00,273.849,296.296
2024-07-20 12:00:00,273.822,296.519
2024-07-20 13:00:00,274.032,297.042
2024-07-20 14:00:00,274.241,296.846
2024-07-20 15:00:00,274.351,298.032
2024-07-20 16:00:00,274.326,298.378
2024-07-20 17:00:00,274.23,298.758
2024-07-20 18:00:00,273.877,298.251
2024-07-20 19:00:00,273.654,296.904
2024-07-20 20:00:00,271.603,295.944
2024-07-20 21:00:00,271.292,294.54
2024-07-20 22:00:00,272.599,293.435
2024-07-20 23:00:00,270.9,292.937
2024-07-21 00:00:00,267.701,292.699
2024-07-21 01:00:00,266.575,292.684
2024-07-21 02:00:00,266.584,292.861
2024-07-21 03:00:00,267.474,293.285
2024-07-21 04:00:00,269.978,293.818
2024-07-21 05:00:00,271.886,294.899
2024-07-21 06:00:00,271.335,295.945
2024-07-21 07:00:00,269.927,296.266
2024-07-21 08:00:00,270.762,296.703
2024-07-21 09:00:00,271.418,297.552
2024-07-21 10:00:00,271.842,297.491
2024-07-21 11:00:00,271.881,297.431
2024-07-21 12:00:00,271.898,297.377
2024-07-21 13:00:00,271.87,297.322
2024-07-21 14:00:00,272.298,297.452
2024-07-21 15:00:00,272.959,297.605
2024-07-21 16:00:00,273.217,297.726
2024-07-21 17:00:00,273.314,297.844
2024-07-21 18:00:00,273.102,297.833
2024-07-21 19:00:00,272.402,297.617
2024-07-21 20:00:00,271.057,296.446
2024-07-21 21:00:00,270.545,295.365
2024-07-21 22:00:00,269.957,293.858
2024-07-21 23:00:00,270.739,292.771
2024-07-22 00:00:00,268.109,292.255
2024-07-22 01:00:00,265.646,291.961
2024-07-22 02:00:00,265.203,292.206
2024-07-22 03:00:00,265.272,292.723
2024-07-22 04:00:00,266.183,293.542
2024-07-22 05:00:00,268.64,294.466
2024-07-22 06:00:00,270.786,294.924
2024-07-22 07:00:00,270.235,295.289
2024-07-22 08:00:00,270.565,295.519
2024-07-22 09:00:00,271.107,296.032
2024-07-22 10:00:00,271.416,296.075
2024-07-22 11:00:00,271.641,295.99
2024-07-22 12:00:00,271.603,295.638
2024-07-22 13:00:00,271.335,295.356
2024-07-22 14:00:00,270.826,295.157
2024-07-22 15:00:00,270.706,294.55
2024-07-22 16:00:00,271.44,294.08
2024-07-22 17:00:00,272.152,294.013
2024-07-22 18:00:00,272.094,294.025
2024-07-22 19:00:00,271.734,294.288
2024-07-22 20:00:00,270.586,294.755
2024-07-22 21:00:00,271.178,294.436
2024-07-22 22:00:00,269.351,293.643
2024-07-22 23:00:00,269.748,292.498
2024-07-23 00:00:00,268.404,291.952
2024-07-23 01:00:00,265.307,291.688
2024-07-23 02:00:00,264.425,288.804
2024-07-23 03:00:00,264.683,288.159
2024-07-23 04:00:00,265.254,288.736
2024-07-23 05:00:00,265.997,289.233
2024-07-23 06:00:00,267.914,289.539
2024-07-23 07:00:00,269.742,289.801
2024-07-23 08:00:00,269.374,290.055
2024-07-23 09:00:00,269.222,290.341
2024-07-23 10:00:00,269.306,291.805
2024-07-23 11:00:00,269.425,292.293
2024-07-23 12:00:00,269.391,292.498
2024-07-23 13:00:00,269.474,292.59
2024-07-23 14:00:00,269.729,291.935
2024-07-23 15:00:00,270.166,291.566
2024-07-23 16:00:00,270.247,291.81
2024-07-23 17:00:00,269.848,291.827
2024-07-23 18:00:00,270.108,291.911
2024-07-23 19:00:00,270.013,292.211
2024-07-23 20:00:00,269.829,292.4
2024-07-23 21:00:00,270.44,292.102
2024-07-23 22:00:00,268.672,292.876
2024-07-23 23:00:00,267.948,291.661
2024-07-24 00:00:00,268.405,290.507
2024-07-24 01:00:00,267.159,290.311
2024-07-24 02:00:00,264.393,288.48
2024-07-24 03:00:00,263.752,287.274
2024-07-24 04:00:00,264.142,287.446
2024-07-24 05:00:00,264.916,288.361
2024-07-24 06:00:00,265.781,288.747
2024-07-24 07:00:00,267.618,288.544
2024-07-24 08:00:00,268.449,288.861
2024-07-24 09:00:00,267.816,288.58
2024-07-24 10:00:00,267.685,289.334
2024-07-24 11:00:00,267.235,288.673
2024-07-24 12:00:00,266.837,288.594
2024-07-24 13:00:00,266.132,288.968
2024-07-24 14:00:00,266.017,289.74
2024-07-24 15:00:00,266.809,289.046
2024-07-24 16:00:00,267.212,288.008
2024-07-24 17:00:00,268.001,288.571
2024-07-24 18:00:00,268.504,288.727
2024-07-24 19:00:00,268.563,288.801
2024-07-24 20:00:00,268.704,288.731
2024-07-24 21:00:00,268.592,288.014
2024-07-24 22:00:00,268.129,288.592
2024-07-24 23:00:00,266.794,288.964
2024-07-25 00:00:00,267.411,288.593
2024-07-25 01:00:00,266.717,286.802
2024-07-25 02:00:00,265.012,284.783
2024-07-25 03:00:00,263.302,285.352
2024-07-25 04:00:00,262.935,285.852
2024-07-25 05:00:00,263.342,285.434
2024-07-25 06:00:00,264.356,285.909
2024-07-25 07:00:00,264.932,286.61
2024-07-25 08:00:00,266.396,286.431
2024-07-25 09:00:00,267.495,286.872
2024-07-25 10:00:00,267.127,287.683
2024-07-25 11:00:00,266.823,287.278
2024-07-25 12:00:00,266.398,285.519
2024-07-25 13:00:00,265.269,283.967
2024-07-25 14:00:00,265.091,283.725
2024-07-25 15:00:00,266.042,283.515
2024-07-25 16:00:00,266.493,283.458
2024-07-25 17:00:00,266.394,284.613
2024-07-25 18:00:00,267.191,285.852
2024-07-25 19:00:00,267.79,285.951
2024-07-25 20:00:00,267.852,286.559
2024-07-25 21:00:00,267.659,288.32
2024-07-25 22:00:00,267.208,290.208
2024-07-25 23:00:00,266.665,291.302
2024-07-26 00:00:00,266.278,292.403
2024-07-26 01:00:00,266.754,294.158
2024-07-26 02:00:00,265.817,295.579
2024-07-26 03:00:00,264.785,294.748
2024-07-26 04:00:00,263.749,294.35
2024-07-26 05:00:00,263.909,294.899
2024-07-26 06:00:00,264.68,295.256
2024-07-26 07:00:00,264.845,296.91
2024-07-26 08:00:00,266.329,301.034
2024-07-26 09:00:00,267.338,307.177
2024-07-26 10:00:00,267.217,311.567
2024-07-26 11:00:00,267.373,309.444
2024-07-26 12:00:00,267.273,307.914
2024-07-26 13:00:00,266.851,308.061
2024-07-26 14:00:00,265.543,307.507
2024-07-26 15:00:00,265.97,304.41
2024-07-26 16:00:00,265.554,300.362
2024-07-26 17:00:00,264.605,297.197
2024-07-26 18:00:00,264.403,295.349
2024-07-26 19:00:00,264.569,294.658
2024-07-26 20:00:00,265.189,297.834
2024-07-26 21:00:00,265.938,301.783
2024-07-26 22:00:00,266.477,306.583
2024-07-26 23:00:00,266.083,307.346
2024-07-27 00:00:00,265.828,306.697
2024-07-27 01:00:00,265.698,306.179
2024-07-27 02:00:00,264.97,303.898
2024-07-27 03:00:00,263.921,298.892
2024-07-27 04:00:00,263.216,296.648
2024-07-27 05:00:00,262.91,295.111
2024-07-27 06:00:00,263.035,295.66
2024-07-27 07:00:00,263.522,297.697
2024-07-27 08:00:00,264.393,299.433
2024-07-27 09:00:00,265.612,301.808
2024-07-27 10:00:00,265.351,304.448
2024-07-27 11:00:00,265.65,303.914
2024-07-27 12:00:00,265.557,302.332
2024-07-27 13:00:00,265.25,302.471
2024-07-27 14:00:00,264.12,304.784
2024-07-27 15:00:00,264.767,303.566
2024-07-27 16:00:00,264.285,297.862
2024-07-27 17:00:00,263.328,293.516
2024-07-27 18:00:00,262.728,292.267
2024-07-27 19:00:00,262.363,290.749
2024-07-27 20:00:00,262.604,290.102
2024-07-27 21:00:00,262.95,289.881
2024-07-27 22:00:00,263.222,293.46
2024-07-27 23:00:00,263.702,298.912
2024-07-28 00:00:00,264.268,302.981
2024-07-28 01:00:00,264.21,302.878
2024-07-28 02:00:00,264.29,301.594
2024-07-28 03:00:00,264.145,302.207
2024-07-28 04:00:00,263.742,304.149
2024-07-28 05:00:00,263.209,303.151
2024-07-28 06:00:00,262.665,301.582
2024-07-28 07:00:00,262.644,301.257
2024-07-28 08:00:00,263.511,301.35
2024-07-28 09:00:00,264.18,300.782
2024-07-28 10:00:00,263.887,299.3
2024-07-28 11:00:00,265.089,297.436
2024-07-28 12:00:00,265.48,296.106
2024-07-28 13:00:00,265.449,294.704
2024-07-28 14:00:00,265.2,293.558
2024-07-28 15:00:00,264.319,293.533
2024-07-28 16:00:00,263.452,295.037
2024-07-28 17:00:00,262.671,297.264
2024-07-28 18:00:00,261.945,299.133
2024-07-28 19:00:00,261.897,296.515
2024-07-28 20:00:00,262.475,295.513
2024-07-28 21:00:00,262.966,295.703
2024-07-28 22:00:00,263.209,297.017
2024-07-28 23:00:00,263.4,297.455
2024-07-29 00:00:00,263.836,296.1
2024-07-29 01:00:00,263.645,295.924
2024-07-29 02:00:00,263.315,296.24
2024-07-29 03:00:00,263.208,294.951
2024-07-29 04:00:00,263.226,293.553
2024-07-29 05:00:00,263.064,293.488
2024-07-29 06:00:00,263.03,293.239
2024-07-29 07:00:00,263.087,292.25
2024-07-29 08:00:00,263.305,291.984
2024-07-29 09:00:00,263.278,291.564
2024-07-29 10:00:00,263.529,291.532
2024-07-29 11:00:00,264.173,291.354
2024-07-29 12:00:00,264.381,290.533
2024-07-29 13:00:00,264.298,290.541
2024-07-29 14:00:00,264.125,290.161
2024-07-29 15:00:00,263.619,289.236
2024-07-29 16:00:00,262.785,288.262
2024-07-29 17:00:00,262.019,287.536
2024-07-29 18:00:00,261.883,286.571
2024-07-29 19:00:00,261.976,285.867
2024-07-29 20:00:00,261.766,285.159
2024-07-29 21:00:00,261.655,284.737
2024-07-29 22:00:00,262.132,284.511
2024-07-29 23:00:00,262.699,284.217
2024-07-30 00:00:00,263.089,284.057
2024-07-30 01:00:00,263.194,283.669
2024-07-30 02:00:00,262.923,283.827
2024-07-30 03:00:00,262.634,284.003
2024-07-30 04:00:00,262.248,283.952
2024-07-30 05:00:00,261.963,283.356
2024-07-30 06:00:00,261.537,283.236
2024-07-30 07:00:00,261.465,282.886
2024-07-30 08:00:00,261.488,282.776
2024-07-30 09:00:00,261.928,282.615
2024-07-30 10:00:00,262.145,282.39
2024-07-30 11:00:00,262.505,282.349
2024-07-30 12:00:00,262.816,282.016
2024-07-30 13:00:00,262.792,281.807
2024-07-30 14:00:00,262.679,281.37
2024-07-30 15:00:00,262.284,280.763
2024-07-30 16:00:00,261.691,280.412
2024-07-30 17:00:00,261.093,279.784
2024-07-30 18:00:00,260.667,279.026
2024-07-30 19:00:00,260.329,278.199
2024-07-30 20:00:00,260.028,277.552
2024-07-30 21:00:00,259.32,277.443
2024-07-30 22:00:00,258.968,277.579
2024-07-30 23:00:00,258.966,278.085
2024-07-31 00:00:00,259.286,278.502
2024-07-31 01:00:00,259.946,279.034
2024-07-31 02:00:00,260.616,279.908
2024-07-31 03:00:00,260.764,280.218
2024-07-31 04:00:00,260.455,280.069
2024-07-31 05:00:00,260.14,279.918
2024-07-31 06:00:00,260.679,279.129
2024-07-31 07:00:00,260.924,278.692
2024-07-31 08:00:00,260.702,278.312
2024-07-31 09:00:00,260.897,278.057
2024-07-31 10:00:00,260.914,277.995
2024-07-31 11:00:00,261.062,278.11
2024-07-31 12:00:00,261.322,278.558
2024-07-31 13:00:00,261.575,278.557
2024-07-31 14:00:00,261.732,278.641
2024-07-31 15:00:00,261.802,278.683
2024-07-31 16:00:00,261.655,278.504
2024-07-31 17:00:00,260.81,277.717
2024-07-31 18:00:00,259.642,277.375
2024-07-31 19:00:00,259.555,277.057
2024-07-31 20:00:00,259.508,277.316
2024-07-31 21:00:00,258.796,277.386
2024-07-31 22:00:00,258.438,277.038
2024-07-31 23:00:00,258.339,277.005
2024-08-01 00:00:00,258.442,279.768
2024-08-01 01:00:00,258.788,279.845
2024-08-01 02:00:00,259.128,279.54
2024-08-01 03:00:00,259.289,280.034
2024-08-01 04:00:00,259.193,280.141
2024-08-01 05:00:00,259.033,280.032
2024-08-01 06:00:00,259.065,280.267
2024-08-01 07:00:00,259.358,280.542
2024-08-01 08:00:00,259.527,278.682
2024-08-01 09:00:00,259.47,277.209
2024-08-01 10:00:00,259.654,276.101
2024-08-01 11:00:00,259.922,276.91
2024-08-01 12:00:00,260.549,277.664
2024-08-01 13:00:00,260.799,278.274
2024-08-01 14:00:00,260.995,278.643
2024-08-01 15:00:00,260.791,279.054
2024-08-01 16:00:00,260.555,279.137
2024-08-01 17:00:00,260.431,279.88
2024-08-01 18:00:00,259.299,280.039
2024-08-01 19:00:00,258.912,279.621
2024-08-01 20:00:00,258.678,280.4
2024-08-01 21:00:00,257.651,280.694
2024-08-01 22:00:00,257.152,281.802
2024-08-01 23:00:00,257.117,281.929
2024-08-02 00:00:00,257.214,282.993
2024-08-02 01:00:00,257.248,283.617
2024-08-02 02:00:00,257.539,284.262
2024-08-02 03:00:00,258.036,285.407
2024-08-02 04:00:00,258.536,286.207
2024-08-02 05:00:00,258.58,286.918
2024-08-02 06:00:00,258.477,287.258
2024-08-02 07:00:00,258.633,287.898
2024-08-02 08:00:00,258.623,287.473
2024-08-02 09:00:00,258.674,286.424
2024-08-02 10:00:00,258.658,285.21
2024-08-02 11:00:00,258.519,283.483
2024-08-02 12:00:00,258.369,282.445
2024-08-02 13:00:00,258.514,282.708
2024-08-02 14:00:00,259.215,282.821
2024-08-02 15:00:00,259.525,283.118
2024-08-02 16:00:00,259.32,283.087
2024-08-02 17:00:00,259.223,282.721
2024-08-02 18:00:00,258.397,282.276
2024-08-02 19:00:00,258.19,281.621
2024-08-02 20:00:00,258.05,282.036
2024-08-02 21:00:00,256.911,282.61
2024-08-02 22:00:00,256.288,283.089
2024-08-02 23:00:00,256.177,282.999
2024-08-03 00:00:00,256.206,283.226
2024-08-03 01:00:00,256.338,284.824
2024-08-03 02:00:00,256.222,285.225
2024-08-03 03:00:00,256.378,285.337
2024-08-03 04:00:00,256.658,285.519
2024-08-03 05:00:00,257.065,285.386
2024-08-03 06:00:00,257.613,284.455
2024-08-03 07:00:00,257.799,284.902
2024-08-03 08:00:00,257.894,284.186
2024-08-03 09:00:00,257.817,283.699
2024-08-03 10:00:00,257.804,283.288
2024-08-03 11:00:00,257.754,282.671
2024-08-03 12:00:00,257.813,282.396
2024-08-03 13:00:00,257.793,281.521
2024-08-03 14:00:00,257.714,281.217
2024-08-03 15:00:00,257.652,280.926
2024-08-03 16:00:00,257.453,281.937
2024-08-03 17:00:00,257.341,282.013
2024-08-03 18:00:00,257.529,283.755
2024-08-03 19:00:00,257.504,285.518
2024-08-03 20:00:00,257.324,287.122
2024-08-03 21:00:00,256.107,286.754
2024-08-03 22:00:00,255.538,286.271
2024-08-03 23:00:00,255.449,285.834
2024-08-04 00:00:00,255.008,286.959
2024-08-04 01:00:00,254.801,284.766
2024-08-04 02:00:00,254.874,284.665
2024-08-04 03:00:00,255.075,284.926
2024-08-04 04:00:00,255.144,285.363
2024-08-04 05:00:00,255.224,285.206
2024-08-04 06:00:00,255.408,284.927
2024-08-04 07:00:00,255.627,284.495
2024-08-04 08:00:00,256.019,284.163
2024-08-04 09:00:00,255.992,283.17
2024-08-04 10:00:00,256.17,281.629
2024-08-04 11:00:00,256.178,281.089
2024-08-04 12:00:00,256.206,280.171
2024-08-04 13:00:00,256.213,279.737
2024-08-04 14:00:00,256.31,280.933
2024-08-04 15:00:00,256.485,281.799
2024-08-04 16:00:00,256.754,283.312
2024-08-04 17:00:00,256.892,285.597
2024-08-04 18:00:00,256.839,288.576
2024-08-04 19:00:00,256.766,289.383
2024-08-04 20:00:00,256.166,292.043
2024-08-04 21:00:00,255.722,292.126
2024-08-04 22:00:00,255.078,289.943
2024-08-04 23:00:00,254.884,285.841
2024-08-05 00:00:00,254.694,286.525
2024-08-05 01:00:00,254.537,287.771
2024-08-05 02:00:00,254.487,286.727
2024-08-05 03:00:00,254.499,286.008
2024-08-05 04:00:00,254.401,285.689
2024-08-05 05:00:00,254.537,284.747
2024-08-05 06:00:00,254.702,284.492
2024-08-05 07:00:00,255.091,285.403
2024-08-05 08:00:00,255.093,287.01
2024-08-05 09:00:00,255.377,285.467
2024-08-05 10:00:00,255.314,284.773
2024-08-05 11:00:00,255.353,283.946
2024-08-05 12:00:00,255.371,283.077
2024-08-05 13:00:00,255.33,282.637
2024-08-05 14:00:00,255.225,281.915
2024-08-05 15:00:00,255.413,280.603
2024-08-05 16:00:00,255.969,281.167
2024-08-05 17:00:00,256.074,282.183
2024-08-05 18:00:00,256.028,282.298
2024-08-05 19:00:00,255.982,282.807
2024-08-05 20:00:00,255.939,282.86
2024-08-05 21:00:00,255.339,284.651
2024-08-05 22:00:00,254.771,282.406
2024-08-05 23:00:00,254.362,283.459
2024-08-06 00:00:00,254.094,281.074
2024-08-06 01:00:00,253.927,280.908
2024-08-06 02:00:00,253.725,280.4
2024-08-06 03:00:00,253.727,280.431
2024-08-06 04:00:00,253.801,279.885
2024-08-06 05:00:00,253.989,280.537
2024-08-06 06:00:00,254.125,280.649
2024-08-06 07:00:00,254.6,281.682
2024-08-06 08:00:00,255.052,281.503
2024-08-06 09:00:00,254.969,281.13
2024-08-06 10:00:00,254.733,280.904
2024-08-06 11:00:00,254.528,280.493
2024-08-06 12:00:00,254.53,278.575
2024-08-06 13:00:00,254.386,277.693
2024-08-06 14:00:00,254.498,277.841
2024-08-06 15:00:00,254.645,277.629
2024-08-06 16:00:00,254.941,278.443
2024-08-06 17:00:00,255.092,279.876
2024-08-06 18:00:00,254.888,280.841
2024-08-06 19:00:00,254.78,281.647
2024-08-06 20:00:00,254.7,282.576
2024-08-06 21:00:00,254.718,283.008
2024-08-06 22:00:00,254.896,284.16
2024-08-06 23:00:00,254.524,283.336
2024-08-07 00:00:00,253.58,283.614
2024-08-07 01:00:00,253.267,287.123
2024-08-07 02:00:00,253.108,284.205
2024-08-07 03:00:00,253.145,282.199
2024-08-07 04:00:00,253.268,279.832
2024-08-07 05:00:00,253.371,279.002
2024-08-07 06:00:00,253.735,281.362
2024-08-07 07:00:00,254.143,282.585
2024-08-07 08:00:00,254.233,282.939
2024-08-07 09:00:00,254.248,281.675
2024-08-07 10:00:00,254.182,282.309
2024-08-07 11:00:00,254.325,282.479
2024-08-07 12:00:00,254.205,282.082
2024-08-07 13:00:00,254.122,280.833
2024-08-07 14:00:00,254.088,280.325
2024-08-07 15:00:00,254.191,280.587
2024-08-07 16:00:00,254.223,281.356
2024-08-07 17:00:00,254.056,282.016
2024-08-07 18:00:00,253.839,283.043
2024-08-07 19:00:00,253.683,283.347
2024-08-07 20:00:00,253.602,284.76
2024-08-07 21:00:00,253.528,286.813
2024-08-07 22:00:00,253.688,285.497
2024-08-07 23:00:00,254.0,287.252
2024-08-08 00:00:00,253.905,288.462
2024-08-08 01:00:00,253.23,289.643
2024-08-08 02:00:00,252.733,286.87
2024-08-08 03:00:00,252.378,284.592
2024-08-08 04:00:00,252.434,283.392
2024-08-08 05:00:00,252.573,283.168
2024-08-08 06:00:00,252.88,281.915
2024-08-08 07:00:00,253.19,283.375
2024-08-08 08:00:00,253.404,283.443
2024-08-08 09:00:00,253.535,283.784
2024-08-08 10:00:00,253.596,283.829
2024-08-08 11:00:00,253.422,283.175
2024-08-08 12:00:00,253.223,283.006
2024-08-08 13:00:00,252.811,283.458
2024-08-08 14:00:00,252.513,283.272
2024-08-08 15:00:00,252.438,283.044
2024-08-08 16:00:00,252.451,283.526
2024-08-08 17:00:00,252.77,283.385
2024-08-08 18:00:00,253.059,286.485
2024-08-08 19:00:00,253.102,288.708
2024-08-08 20:00:00,253.114,287.727
2024-08-08 21:00:00,253.176,287.933
2024-08-08 22:00:00,252.995,288.396
2024-08-08 23:00:00,252.563,288.562
2024-08-09 00:00:00,251.848,293.107
2024-08-09 01:00:00,251.304,290.606
2024-08-09 02:00:00,250.964,297.438
2024-08-09 03:00:00,250.828,295.053
2024-08-09 04:00:00,250.788,293.095
2024-08-09 05:00:00,250.995,285.655
2024-08-09 06:00:00,251.202,283.62
2024-08-09 07:00:00,251.33,283.133
2024-08-09 08:00:00,251.842,283.8
2024-08-09 09:00:00,251.772,284.174
2024-08-09 10:00:00,251.506,282.278
2024-08-09 11:00:00,251.318,281.996
2024-08-09 12:00:00,250.981,282.913
2024-08-09 13:00:00,250.932,283.381
2024-08-09 14:00:00,250.689,283.235
2024-08-09 15:00:00,250.357,282.603
2024-08-09 16:00:00,250.39,282.489
2024-08-09 17:00:00,250.504,282.618
2024-08-09 18:00:00,250.569,283.838
2024-08-09 19:00:00,250.792,284.495
2024-08-09 20:00:00,251.053,285.3
2024-08-09 21:00:00,251.232,286.588
2024-08-09 22:00:00,251.371,286.18
2024-08-09 23:00:00,251.359,285.904
2024-08-10 00:00:00,250.803,287.055
2024-08-10 01:00:00,250.223,284.814
2024-08-10 02:00:00,249.873,284.046
2024-08-10 03:00:00,249.875,281.855
2024-08-10 04:00:00,249.695,280.465
2024-08-10 05:00:00,249.837,279.27
2024-08-10 06:00:00,249.973,278.685
2024-08-10 07:00:00,250.113,278.077
2024-08-10 08:00:00,250.571,278.779
2024-08-10 09:00:00,250.847,278.247
2024-08-10 10:00:00,250.97,277.569
2024-08-10 11:00:00,250.132,275.733
2024-08-10 12:00:00,249.68,275.033
2024-08-10 13:00:00,249.733,274.56
2024-08-10 14:00:00,249.524,274.391
2024-08-10 15:00:00,249.277,274.511
2024-08-10 16:00:00,249.07,274.888
2024-08-10 17:00:00,248.915,275.943
2024-08-10 18:00:00,249.0,277.114
2024-08-10 19:00:00,249.159,278.629
2024-08-10 20:00:00,249.474,280.26
2024-08-10 21:00:00,249.666,281.506
2024-08-10 22:00:00,249.797,281.474
2024-08-10 23:00:00,249.834,281.668
2024-08-11 00:00:00,249.744,280.671
2024-08-11 01:00:00,249.509,279.317
2024-08-11 02:00:00,249.316,278.462
2024-08-11 03:00:00,249.24,278.921
2024-08-11 04:00:00,249.023,275.985
2024-08-11 05:00:00,249.102,275.534
2024-08-11 06:00:00,249.094,274.566
2024-08-11 07:00:00,249.395,274.051
2024-08-11 08:00:00,249.907,273.866
2024-08-11 09:00:00,250.113,273.356
2024-08-11 10:00:00,250.292,273.075
2024-08-11 11:00:00,250.225,272.898
2024-08-11 12:00:00,250.12,272.884
2024-08-11 13:00:00,250.048,272.823
2024-08-11 14:00:00,249.983,272.813
2024-08-11 15:00:00,249.713,272.734
2024-08-11 16:00:00,249.339,272.959
2024-08-11 17:00:00,249.087,274.454
2024-08-11 18:00:00,249.125,275.019
2024-08-11 19:00:00,248.894,275.601
2024-08-11 20:00:00,248.818,276.802
2024-08-11 21:00:00,248.685,282.272
2024-08-11 22:00:00,248.448,284.115
2024-08-11 23:00:00,248.457,279.416
2024-08-12 00:00:00,248.49,281.319
2024-08-12 01:00:00,248.57,279.891
2024-08-12 02:00:00,248.657,277.7
2024-08-12 03:00:00,248.626,277.234
2024-08-12 04:00:00,248.69,288.65
2024-08-12 05:00:00,248.618,281.732
2024-08-12 06:00:00,248.464,274.736
2024-08-12 07:00:00,248.336,274.294
2024-08-12 08:00:00,248.195,274.04
2024-08-12 09:00:00,248.287,273.591
2024-08-12 10:00:00,248.419,273.43
2024-08-12 11:00:00,248.271,273.017
2024-08-12 12:00:00,248.322,273.055
2024-08-12 13:00:00,248.129,273.15
2024-08-12 14:00:00,248.199,273.133
2024-08-12 15:00:00,248.102,272.867
2024-08-12 16:00:00,247.876,273.139
2024-08-12 17:00:00,247.808,273.888
2024-08-12 18:00:00,247.708,276.44
2024-08-12 19:00:00,247.659,278.233
2024-08-12 20:00:00,247.408,279.322
2024-08-12 21:00:00,247.294,282.394
2024-08-12 22:00:00,247.335,287.84
2024-08-12 23:00:00,247.473,292.921
2024-08-13 00:00:00,247.556,292.496
2024-08-13 01:00:00,247.692,290.401
2024-08-13 02:00:00,247.666,286.141
2024-08-13 03:00:00,247.64,283.281
2024-08-13 04:00:00,247.681,280.65
2024-08-13 05:00:00,247.612,279.685
2024-08-13 06:00:00,247.525,278.063
2024-08-13 07:00:00,247.493,276.184
2024-08-13 08:00:00,247.222,275.715
2024-08-13 09:00:00,247.134,274.795
2024-08-13 10:00:00,246.998,275.008
2024-08-13 11:00:00,246.961,274.601
2024-08-13 12:00:00,247.047,274.107
2024-08-13 13:00:00,247.075,274.17
2024-08-13 14:00:00,247.052,274.481
2024-08-13 15:00:00,247.234,275.255
2024-08-13 16:00:00,247.021,275.757
2024-08-13 17:00:00,246.417,276.02
2024-08-13 18:00:00,246.013,276.591
2024-08-13 19:00:00,245.737,277.902
2024-08-13 20:00:00,245.766,279.349
2024-08-13 21:00:00,245.634,282.783
2024-08-13 22:00:00,245.857,284.004
2024-08-13 23:00:00,245.917,287.815
2024-08-14 00:00:00,245.953,291.235
2024-08-14 01:00:00,245.848,289.845
2024-08-14 02:00:00,245.982,291.141
2024-08-14 03:00:00,246.101,288.676
2024-08-14 04:00:00,246.53,285.751
2024-08-14 05:00:00,246.544,282.601
2024-08-14 06:00:00,246.544,281.024
2024-08-14 07:00:00,246.259,279.222
2024-08-14 08:00:00,246.358,279.138
2024-08-14 09:00:00,246.087,278.877
2024-08-14 10:00:00,245.977,279.476
2024-08-14 11:00:00,246.093,279.033
2024-08-14 12:00:00,246.092,278.378
2024-08-14 13:00:00,246.11,276.759
2024-08-14 14:00:00,245.928,276.76
2024-08-14 15:00:00,245.87,277.036
2024-08-14 16:00:00,245.834,278.249
2024-08-14 17:00:00,245.558,279.238
2024-08-14 18:00:00,245.114,280.203
2024-08-14 19:00:00,244.798,285.438
2024-08-14 20:00:00,244.792,286.66
2024-08-14 21:00:00,244.805,285.629
2024-08-14 22:00:00,244.884,284.68
2024-08-14 23:00:00,244.827,284.304
2024-08-15 00:00:00,244.723,285.437
2024-08-15 01:00:00,244.829,287.133
2024-08-15 02:00:00,244.853,283.64
2024-08-15 03:00:00,244.903,282.17
2024-08-15 04:00:00,245.067,280.479
2024-08-15 05:00:00,245.225,279.626
2024-08-15 06:00:00,245.362,277.53
2024-08-15 07:00:00,245.587,277.103
2024-08-15 08:00:00,245.368,276.867
2024-08-15 09:00:00,245.413,276.354
2024-08-15 10:00:00,245.366,275.921
2024-08-15 11:00:00,245.072,274.979
2024-08-15 12:00:00,245.14,274.579
2024-08-15 13:00:00,245.219,274.0
2024-08-15 14:00:00,244.95,272.969
2024-08-15 15:00:00,244.962,272.556
2024-08-15 16:00:00,244.943,272.401
2024-08-15 17:00:00,244.783,273.077
2024-08-15 18:00:00,244.497,275.738
2024-08-15 19:00:00,244.178,275.816
2024-08-15 20:00:00,244.135,279.617
2024-08-15 21:00:00,243.93,278.654
2024-08-15 22:00:00,243.759,275.26
2024-08-15 23:00:00,243.556,277.567
2024-08-16 00:00:00,243.727,277.679
2024-08-16 01:00:00,243.906,277.9
2024-08-16 02:00:00,244.004,276.753
2024-08-16 03:00:00,243.906,275.091
2024-08-16 04:00:00,243.874,274.847
2024-08-16 05:00:00,243.822,273.753
2024-08-16 06:00:00,243.917,272.276
2024-08-16 07:00:00,243.956,271.356
2024-08-16 08:00:00,244.079,270.629
2024-08-16 09:00:00,244.266,269.992
2024-08-16 10:00:00,244.086,269.603
2024-08-16 11:00:00,244.348,269.286
2024-08-16 12:00:00,244.436,269.08
2024-08-16 13:00:00,244.466,268.989
2024-08-16 14:00:00,244.361,268.958
2024-08-16 15:00:00,244.262,268.831
2024-08-16 16:00:00,244.03,269.493
2024-08-16 17:00:00,243.925,270.377
2024-08-16 18:00:00,243.45,272.502
2024-08-16 19:00:00,242.965,275.734
2024-08-16 20:00:00,243.179,278.132
2024-08-16 21:00:00,243.315,280.704
2024-08-16 22:00:00,243.25,282.756
2024-08-16 23:00:00,243.261,284.907
2024-08-17 00:00:00,243.406,286.808
2024-08-17 01:00:00,243.624,279.724
2024-08-17 02:00:00,243.642,276.726
2024-08-17 03:00:00,243.236,276.582
2024-08-17 04:00:00,243.002,276.463
2024-08-17 05:00:00,242.747,274.743
2024-08-17 06:00:00,242.664,273.217
2024-08-17 07:00:00,242.77,272.697
2024-08-17 08:00:00,242.871,272.228
2024-08-17 09:00:00,242.806,271.909
2024-08-17 10:00:00,242.651,271.727
2024-08-17 11:00:00,242.673,271.322
2024-08-17 12:00:00,242.894,270.971
2024-08-17 13:00:00,243.176,270.448
2024-08-17 14:00:00,243.273,269.478
2024-08-17 15:00:00,243.274,268.915
2024-08-17 16:00:00,243.28,269.291
2024-08-17 17:00:00,242.992,270.352
2024-08-17 18:00:00,242.724,273.776
2024-08-17 19:00:00,242.651,273.653
2024-08-17 20:00:00,242.403,274.206
2024-08-17 21:00:00,242.411,278.213
2024-08-17 22:00:00,242.154,278.735
2024-08-17 23:00:00,241.688,277.593
2024-08-18 00:00:00,241.41,273.979
2024-08-18 01:00:00,241.403,276.056
2024-08-18 02:00:00,241.723,275.216
2024-08-18 03:00:00,242.09,274.649
2024-08-18 04:00:00,242.38,273.253
2024-08-18 05:00:00,242.434,272.504
2024-08-18 06:00:00,242.342,271.816
2024-08-18 07:00:00,242.09,271.101
2024-08-18 08:00:00,241.973,270.27
2024-08-18 09:00:00,241.931,270.0
2024-08-18 10:00:00,241.84,270.195
2024-08-18 11:00:00,241.804,270.142
2024-08-18 12:00:00,241.829,270.107
2024-08-18 13:00:00,241.812,269.913
2024-08-18 14:00:00,241.736,269.563
2024-08-18 15:00:00,241.757,269.456
2024-08-18 16:00:00,241.8,269.937
2024-08-18 17:00:00,241.865,270.982
2024-08-18 18:00:00,242.006,272.441
2024-08-18 19:00:00,241.879,270.976
2024-08-18 20:00:00,241.037,271.046
2024-08-18 21:00:00,239.811,275.168
2024-08-18 22:00:00,239.576,276.054
2024-08-18 23:00:00,239.557,285.079
2024-08-19 00:00:00,239.632,286.093
2024-08-19 01:00:00,239.597,285.643
2024-08-19 02:00:00,239.577,280.686
2024-08-19 03:00:00,239.434,288.837
2024-08-19 04:00:00,239.421,300.264
2024-08-19 05:00:00,239.567,279.454
2024-08-19 06:00:00,239.496,271.308
2024-08-19 07:00:00,239.478,270.704
2024-08-19 08:00:00,239.415,270.614
2024-08-19 09:00:00,239.357,269.753
2024-08-19 10:00:00,239.328,269.19
2024-08-19 11:00:00,239.34,268.297
2024-08-19 12:00:00,239.296,267.503
2024-08-19 13:00:00,239.479,268.079
2024-08-19 14:00:00,239.968,267.885
2024-08-19 15:00:00,240.345,267.42
2024-08-19 16:00:00,240.545,268.003
2024-08-19 17:00:00,240.586,268.978
2024-08-19 18:00:00,239.741,270.075
2024-08-19 19:00:00,239.06,271.291
2024-08-19 20:00:00,238.86,273.976
2024-08-19 21:00:00,239.117,277.419
2024-08-19 22:00:00,239.71,278.541
2024-08-19 23:00:00,240.47,280.764
2024-08-20 00:00:00,240.606,282.02
2024-08-20 01:00:00,240.634,281.68
2024-08-20 02:00:00,240.546,284.833
2024-08-20 03:00:00,240.575,285.657
2024-08-20 04:00:00,240.61,285.494
2024-08-20 05:00:00,240.355,284.442
2024-08-20 06:00:00,239.943,282.362
2024-08-20 07:00:00,239.508,281.659
2024-08-20 08:00:00,238.974,279.323
2024-08-20 09:00:00,238.729,276.846
2024-08-20 10:00:00,238.72,274.46
2024-08-20 11:00:00,238.869,273.356
2024-08-20 12:00:00,239.194,272.472
2024-08-20 13:00:00,239.62,272.123
2024-08-20 14:00:00,239.751,271.876
2024-08-20 15:00:00,239.457,271.444
2024-08-20 16:00:00,239.02,272.233
2024-08-20 17:00:00,238.943,273.307
2024-08-20 18:00:00,238.713,275.615
2024-08-20 19:00:00,238.635,280.992
2024-08-20 20:00:00,238.785,281.318
2024-08-20 21:00:00,239.308,284.831
2024-08-20 22:00:00,239.701,289.145
2024-08-20 23:00:00,239.873,292.761
2024-08-21 00:00:00,239.88,293.495
2024-08-21 01:00:00,239.784,289.58
2024-08-21 02:00:00,239.865,287.628
2024-08-21 03:00:00,239.812,287.925
2024-08-21 04:00:00,239.888,286.522
2024-08-21 05:00:00,239.855,283.723
2024-08-21 06:00:00,239.713,281.869
2024-08-21 07:00:00,239.466,280.076
2024-08-21 08:00:00,239.226,278.581
2024-08-21 09:00:00,238.981,277.503
2024-08-21 10:00:00,238.849,275.884
2024-08-21 11:00:00,238.942,275.156
2024-08-21 12:00:00,239.202,274.326
2024-08-21 13:00:00,239.518,273.554
2024-08-21 14:00:00,239.611,273.468
2024-08-21 15:00:00,239.567,273.105
2024-08-21 16:00:00,239.329,273.989
2024-08-21 17:00:00,239.045,276.354
2024-08-21 18:00:00,238.939,278.174
2024-08-21 19:00:00,238.842,277.766
2024-08-21 20:00:00,238.819,278.021
2024-08-21 21:00:00,239.036,281.802
2024-08-21 22:00:00,239.402,281.365
2024-08-21 23:00:00,239.373,283.901
2024-08-22 00:00:00,239.176,283.117
2024-08-22 01:00:00,239.143,292.267
2024-08-22 02:00:00,239.196,294.346
2024-08-22 03:00:00,239.202,283.1
2024-08-22 04:00:00,239.093,281.218
2024-08-22 05:00:00,239.14,280.225
2024-08-22 06:00:00,239.176,278.419
2024-08-22 07:00:00,239.121,277.718
2024-08-22 08:00:00,239.013,276.76
2024-08-22 09:00:00,238.948,275.892
2024-08-22 10:00:00,239.048,275.544
2024-08-22 11:00:00,239.049,274.893
2024-08-22 12:00:00,239.024,273.944
2024-08-22 13:00:00,238.925,273.187
2024-08-22 14:00:00,238.876,273.578
2024-08-22 15:00:00,238.941,274.126
2024-08-22 16:00:00,238.81,274.958
2024-08-22 17:00:00,238.855,276.017
2024-08-22 18:00:00,238.804,276.42
2024-08-22 19:00:00,238.715,277.605
2024-08-22 20:00:00,238.627,276.937
2024-08-22 21:00:00,238.682,278.16
2024-08-22 22:00:00,238.608,278.172
2024-08-22 23:00:00,238.616,279.786
2024-08-23 00:00:00,238.555,280.897
2024-08-23 01:00:00,238.494,281.975
2024-08-23 02:00:00,238.747,281.806
2024-08-23 03:00:00,238.771,281.349
2024-08-23 04:00:00,238.767,282.754
2024-08-23 05:00:00,238.735,282.176
2024-08-23 06:00:00,238.579,280.979
2024-08-23 07:00:00,238.436,279.514
2024-08-23 08:00:00,238.367,278.334
2024-08-23 09:00:00,238.313,276.528
2024-08-23 10:00:00,238.307,275.014
2024-08-23 11:00:00,238.326,274.998
2024-08-23 12:00:00,238.238,275.715
2024-08-23 13:00:00,237.999,276.804
2024-08-23 14:00:00,238.209,275.144
2024-08-23 15:00:00,238.403,274.199
2024-08-23 16:00:00,238.508,274.338
2024-08-23 17:00:00,238.521,275.311
2024-08-23 18:00:00,238.517,277.669
2024-08-23 19:00:00,238.295,280.051
2024-08-23 20:00:00,238.1,283.489
2024-08-23 21:00:00,238.017,285.544
2024-08-23 22:00:00,238.006,288.121
2024-08-23 23:00:00,237.97,290.76
2024-08-24 00:00:00,237.852,290.009
2024-08-24 01:00:00,237.773,293.339
2024-08-24 02:00:00,237.864,293.4
2024-08-24 03:00:00,237.949,290.492
2024-08-24 04:00:00,238.063,290.04
2024-08-24 05:00:00,237.972,286.716
2024-08-24 06:00:00,237.911,285.511
2024-08-24 07:00:00,237.811,283.658
2024-08-24 08:00:00,237.712,281.784
2024-08-24 09:00:00,237.648,279.408
2024-08-24 10:00:00,237.513,277.251
2024-08-24 11:00:00,237.552,276.438
2024-08-24 12:00:00,237.586,276.047
2024-08-24 13:00:00,237.479,276.923
2024-08-24 14:00:00,237.382,278.392
2024-08-24 15:00:00,237.574,277.355
2024-08-24 16:00:00,237.913,276.383
2024-08-24 17:00:00,238.113,277.566
2024-08-24 18:00:00,238.225,280.052
2024-08-24 19:00:00,238.219,282.888
2024-08-24 20:00:00,238.081,285.024
2024-08-24 21:00:00,237.808,288.523
2024-08-24 22:00:00,237.439,289.686
2024-08-24 23:00:00,237.304,292.89
2024-08-25 00:00:00,237.261,294.196
2024-08-25 01:00:00,237.145,290.753
2024-08-25 02:00:00,237.102,289.261
2024-08-25 03:00:00,237.025,286.898
2024-08-25 04:00:00,237.123,282.623
2024-08-25 05:00:00,237.124,281.455
2024-08-25 06:00:00,237.067,280.157
2024-08-25 07:00:00,237.155,280.354
2024-08-25 08:00:00,237.126,280.744
2024-08-25 09:00:00,237.039,280.158
2024-08-25 10:00:00,237.017,278.769
2024-08-25 11:00:00,236.961,277.292
2024-08-25 12:00:00,236.833,276.734
2024-08-25 13:00:00,236.863,277.599
2024-08-25 14:00:00,236.778,278.617
2024-08-25 15:00:00,236.853,278.353
2024-08-25 16:00:00,236.973,278.721
2024-08-25 17:00:00,237.358,281.318
2024-08-25 18:00:00,237.562,283.987
2024-08-25 19:00:00,237.616,287.407
2024-08-25 20:00:00,237.586,290.279
2024-08-25 21:00:00,237.473,292.165
2024-08-25 22:00:00,237.377,292.725
2024-08-25 23:00:00,236.901,292.808
2024-08-26 00:00:00,236.566,290.257
2024-08-26 01:00:00,236.389,287.107
2024-08-26 02:00:00,236.288,284.098
2024-08-26 03:00:00,236.302,282.602
2024-08-26 04:00:00,236.298,281.582
2024-08-26 05:00:00,236.397,281.154
2024-08-26 06:00:00,236.416,281.088
2024-08-26 07:00:00,236.384,280.595
2024-08-26 08:00:00,236.3,280.139
2024-08-26 09:00:00,236.256,281.11
2024-08-26 10:00:00,236.304,280.243
2024-08-26 11:00:00,236.188,278.169
2024-08-26 12:00:00,236.179,275.721
2024-08-26 13:00:00,236.117,274.311
2024-08-26 14:00:00,235.912,274.666
2024-08-26 15:00:00,235.972,275.265
2024-08-26 16:00:00,236.195,276.983
2024-08-26 17:00:00,236.469,278.993
2024-08-26 18:00:00,236.757,280.92
2024-08-26 19:00:00,236.911,282.86
2024-08-26 20:00:00,236.926,286.946
2024-08-26 21:00:00,236.739,289.405
2024-08-26 22:00:00,236.616,288.011
2024-08-26 23:00:00,236.505,285.33
2024-08-27 00:00:00,236.177,283.708
2024-08-27 01:00:00,235.687,283.684
2024-08-27 02:00:00,235.48,280.36
2024-08-27 03:00:00,235.468,278.095
2024-08-27 04:00:00,235.468,274.28
2024-08-27 05:00:00,235.502,272.35
2024-08-27 06:00:00,235.642,271.964
2024-08-27 07:00:00,235.825,272.083
2024-08-27 08:00:00,235.831,271.882
2024-08-27 09:00:00,235.79,271.099
2024-08-27 10:00:00,235.531,270.489
2024-08-27 11:00:00,235.508,270.879
2024-08-27 12:00:00,235.515,270.408
2024-08-27 13:00:00,235.445,268.552
2024-08-27 14:00:00,235.347,267.407
2024-08-27 15:00:00,235.294,267.2
2024-08-27 16:00:00,235.729,267.012
2024-08-27 17:00:00,235.988,269.358
2024-08-27 18:00:00,236.133,272.81
2024-08-27 19:00:00,236.041,275.772
2024-08-27 20:00:00,236.028,278.95
2024-08-27 21:00:00,236.066,281.307
2024-08-27 22:00:00,235.778,281.945
2024-08-27 23:00:00,235.891,285.209
2024-08-28 00:00:00,236.061,286.101
2024-08-28 01:00:00,235.935,287.261
2024-08-28 02:00:00,235.656,282.007
2024-08-28 03:00:00,235.491,278.684
2024-08-28 04:00:00,235.351,271.859
2024-08-28 05:00:00,235.418,269.613
2024-08-28 06:00:00,235.547,269.392
2024-08-28 07:00:00,235.613,269.551
2024-08-28 08:00:00,235.462,270.623
2024-08-28 09:00:00,235.045,270.754
2024-08-28 10:00:00,234.828,270.59
2024-08-28 11:00:00,234.584,270.352
2024-08-28 12:00:00,234.274,271.815
2024-08-28 13:00:00,234.255,272.328
2024-08-28 14:00:00,234.174,271.641
2024-08-28 15:00:00,234.281,270.675
2024-08-28 16:00:00,234.535,270.439
2024-08-28 17:00:00,234.876,276.331
2024-08-28 18:00:00,235.248,282.643
2024-08-28 19:00:00,234.91,284.558
2024-08-28 20:00:00,235.161,287.071
2024-08-28 21:00:00,235.463,289.835
2024-08-28 22:00:00,235.432,293.017
2024-08-28 23:00:00,235.383,300.1
2024-08-29 00:00:00,235.369,299.086
2024-08-29 01:00:00,235.331,297.804
2024-08-29 02:00:00,235.145,295.915
2024-08-29 03:00:00,234.771,295.051
2024-08-29 04:00:00,234.467,292.232
2024-08-29 05:00:00,234.343,285.857
2024-08-29 06:00:00,234.361,280.878
2024-08-29 07:00:00,234.343,280.271
2024-08-29 08:00:00,234.359,281.388
2024-08-29 09:00:00,234.292,284.896
2024-08-29 10:00:00,234.182,287.169
2024-08-29 11:00:00,233.943,288.794
2024-08-29 12:00:00,233.764,287.908
2024-08-29 13:00:00,233.59,285.818
2024-08-29 14:00:00,233.491,283.648
2024-08-29 15:00:00,233.446,280.425
2024-08-29 16:00:00,233.567,280.123
2024-08-29 17:00:00,233.888,281.521
2024-08-29 18:00:00,234.555,282.037
2024-08-29 19:00:00,234.641,285.018
2024-08-29 20:00:00,234.638,286.398
2024-08-29 21:00:00,234.561,287.11
2024-08-29 22:00:00,234.487,287.684
2024-08-29 23:00:00,234.353,288.164
2024-08-30 00:00:00,234.457,287.185
2024-08-30 01:00:00,234.426,286.616
2024-08-30 02:00:00,234.421,284.427
2024-08-30 03:00:00,234.353,284.695
2024-08-30 04:00:00,234.265,283.457
2024-08-30 05:00:00,233.995,281.935
2024-08-30 06:00:00,233.875,280.974
2024-08-30 07:00:00,233.899,280.117
2024-08-30 08:00:00,233.997,280.186
2024-08-30 09:00:00,233.953,280.365
2024-08-30 10:00:00,233.997,280.657
2024-08-30 11:00:00,233.952,280.945
2024-08-30 12:00:00,233.69,280.702
2024-08-30 13:00:00,233.307,279.895
2024-08-30 14:00:00,233.038,279.144
2024-08-30 15:00:00,232.869,279.113
2024-08-30 16:00:00,232.964,279.284
2024-08-30 17:00:00,233.669,281.046
2024-08-30 18:00:00,233.82,282.103
2024-08-30 19:00:00,233.834,285.841
2024-08-30 20:00:00,233.865,289.055
2024-08-30 21:00:00,233.784,290.539
2024-08-30 22:00:00,233.502,295.152
2024-08-30 23:00:00,233.312,297.584
2024-08-31 00:00:00,233.145,300.254
2024-08-31 01:00:00,232.919,305.09
2024-08-31 02:00:00,233.297,313.046
2024-08-31 03:00:00,233.434,309.432
2024-08-31 04:00:00,233.488,301.792
2024-08-31 05:00:00,233.548,300.044
2024-08-31 06:00:00,233.502,298.032
2024-08-31 07:00:00,233.404,296.707
2024-08-31 08:00:00,233.362,295.568
2024-08-31 09:00:00,233.349,293.561
2024-08-31 10:00:00,233.452,292.112
2024-08-31 11:00:00,233.378,290.189
2024-08-31 12:00:00,232.987,288.738
2024-08-31 13:00:00,232.718,287.859
2024-08-31 14:00:00,232.453,285.7
2024-08-31 15:00:00,232.247,284.832
2024-08-31 16:00:00,232.159,283.431
2024-08-31 17:00:00,232.161,284.844
2024-08-31 18:00:00,232.317,286.916
2024-08-31 19:00:00,232.54,288.35
2024-08-31 20:00:00,233.089,288.327
2024-08-31 21:00:00,232.945,288.512
2024-08-31 22:00:00,232.722,290.725
2024-08-31 23:00:00,232.819,292.978
2024-09-01 00:00:00,232.753,293.461
2024-09-01 01:00:00,232.751,293.51
2024-09-01 02:00:00,232.565,292.397
2024-09-01 03:00:00,232.379,292.31
2024-09-01 04:00:00,232.362,290.621
2024-09-01 05:00:00,232.256,289.217
2024-09-01 06:00:00,232.067,289.008
2024-09-01 07:00:00,232.009,288.842
2024-09-01 08:00:00,232.106,288.04
2024-09-01 09:00:00,232.306,287.785
2024-09-01 10:00:00,232.341,287.454
2024-09-01 11:00:00,232.109,286.626
2024-09-01 12:00:00,231.961,286.105
2024-09-01 13:00:00,231.743,285.647
2024-09-01 14:00:00,231.633,285.534
2024-09-01 15:00:00,231.405,285.049
2024-09-01 16:00:00,231.259,284.981
2024-09-01 17:00:00,231.169,286.759
2024-09-01 18:00:00,231.134,291.758
2024-09-01 19:00:00,231.371,294.459
2024-09-01 20:00:00,231.682,295.261
2024-09-01 21:00:00,231.861,295.537
2024-09-01 22:00:00,232.097,298.072
2024-09-01 23:00:00,231.885,297.428
2024-09-02 00:00:00,231.869,299.677
2024-09-02 01:00:00,231.927,301.22
2024-09-02 02:00:00,231.764,301.494
2024-09-02 03:00:00,231.532,297.696
2024-09-02 04:00:00,231.465,296.683
2024-09-02 05:00:00,231.397,294.19
2024-09-02 06:00:00,231.169,292.333
2024-09-02 07:00:00,231.089,291.0
2024-09-02 08:00:00,231.094,291.243
2024-09-02 09:00:00,231.35,290.841
2024-09-02 10:00:00,231.48,290.48
2024-09-02 11:00:00,231.455,289.435
2024-09-02 12:00:00,231.199,288.43
2024-09-02 13:00:00,231.039,287.434
2024-09-02 14:00:00,230.785,286.068
2024-09-02 15:00:00,230.614,285.556
2024-09-02 16:00:00,230.393,285.218
2024-09-02 17:00:00,230.22,286.449
2024-09-02 18:00:00,230.281,288.215
2024-09-02 19:00:00,230.245,291.19
2024-09-02 20:00:00,230.641,293.01
2024-09-02 21:00:00,230.991,294.951
2024-09-02 22:00:00,231.406,296.208
2024-09-02 23:00:00,231.22,297.364
2024-09-03 00:00:00,231.153,297.292
2024-09-03 01:00:00,231.148,296.442
2024-09-03 02:00:00,231.223,295.477
2024-09-03 03:00:00,231.149,294.229
2024-09-03 04:00:00,230.958,293.08
2024-09-03 05:00:00,230.75,291.361
2024-09-03 06:00:00,230.631,291.27
2024-09-03 07:00:00,230.931,289.445
2024-09-03 08:00:00,231.049,289.228
2024-09-03 09:00:00,231.08,288.251
2024-09-03 10:00:00,231.183,287.576
2024-09-03 11:00:00,231.176,286.78
2024-09-03 12:00:00,231.256,286.896
2024-09-03 13:00:00,231.093,285.573
2024-09-03 14:00:00,231.159,285.195
2024-09-03 15:00:00,231.081,283.665
2024-09-03 16:00:00,230.903,283.326
2024-09-03 17:00:00,230.945,282.395
2024-09-03 18:00:00,230.893,282.845
2024-09-03 19:00:00,230.817,285.047
2024-09-03 20:00:00,230.843,288.466
2024-09-03 21:00:00,230.944,293.133
2024-09-03 22:00:00,230.905,296.004
2024-09-03 23:00:00,230.61,296.769
2024-09-04 00:00:00,230.643,297.592
2024-09-04 01:00:00,230.497,296.689
2024-09-04 02:00:00,230.262,296.324
2024-09-04 03:00:00,230.264,297.184
2024-09-04 04:00:00,230.4,297.085
2024-09-04 05:00:00,230.521,297.234
2024-09-04 06:00:00,230.598,295.466
2024-09-04 07:00:00,230.637,292.771
2024-09-04 08:00:00,230.351,289.74
2024-09-04 09:00:00,230.455,289.973
2024-09-04 10:00:00,230.326,290.374
2024-09-04 11:00:00,230.329,288.658
2024-09-04 12:00:00,230.298,288.621
2024-09-04 13:00:00,230.329,287.932
2024-09-04 14:00:00,230.261,286.034
2024-09-04 15:00:00,230.242,285.768
2024-09-04 16:00:00,230.225,284.852
2024-09-04 17:00:00,230.188,285.715
2024-09-04 18:00:00,230.095,287.119
2024-09-04 19:00:00,230.278,288.001
2024-09-04 20:00:00,230.166,288.854
2024-09-04 21:00:00,229.737,289.902
2024-09-04 22:00:00,230.006,292.185
2024-09-04 23:00:00,230.011,290.973
2024-09-05 00:00:00,230.05,290.875
2024-09-05 01:00:00,229.885,291.543
2024-09-05 02:00:00,229.883,289.37
2024-09-05 03:00:00,229.994,288.361
2024-09-05 04:00:00,229.812,286.525
2024-09-05 05:00:00,229.723,285.659
2024-09-05 06:00:00,229.455,284.916
2024-09-05 07:00:00,229.62,284.577
2024-09-05 08:00:00,229.531,284.542
2024-09-05 09:00:00,229.002,283.8
2024-09-05 10:00:00,228.795,282.701
2024-09-05 11:00:00,229.03,281.915
2024-09-05 12:00:00,229.251,280.76
2024-09-05 13:00:00,229.522,280.007
2024-09-05 14:00:00,229.472,278.943
2024-09-05 15:00:00,229.196,278.487
2024-09-05 16:00:00,228.855,278.529
2024-09-05 17:00:00,229.117,279.796
2024-09-05 18:00:00,228.391,281.395
2024-09-05 19:00:00,227.901,285.636
2024-09-05 20:00:00,227.708,286.972
2024-09-05 21:00:00,227.633,285.299
2024-09-05 22:00:00,227.624,286.052
2024-09-05 23:00:00,227.842,286.678
2024-09-06 00:00:00,228.5,284.798
2024-09-06 01:00:00,228.193,283.962
2024-09-06 02:00:00,227.71,282.343
2024-09-06 03:00:00,227.638,281.564
2024-09-06 04:00:00,227.576,281.045
2024-09-06 05:00:00,227.444,280.33
2024-09-06 06:00:00,227.337,280.598
2024-09-06 07:00:00,227.285,281.097
2024-09-06 08:00:00,227.236,281.35
2024-09-06 09:00:00,227.253,281.753
2024-09-06 10:00:00,227.182,282.154
2024-09-06 11:00:00,227.186,281.936
2024-09-06 12:00:00,227.106,280.793
2024-09-06 13:00:00,227.19,278.975
2024-09-06 14:00:00,227.176,278.213
2024-09-06 15:00:00,227.202,277.508
2024-09-06 16:00:00,227.184,277.622
2024-09-06 17:00:00,226.988,278.537
2024-09-06 18:00:00,226.842,279.034
2024-09-06 19:00:00,226.73,279.77
2024-09-06 20:00:00,226.664,280.665
2024-09-06 21:00:00,226.597,280.718
2024-09-06 22:00:00,226.529,283.095
2024-09-06 23:00:00,226.488,283.367
2024-09-07 00:00:00,226.505,283.444
2024-09-07 01:00:00,226.527,283.55
2024-09-07 02:00:00,226.632,282.633
2024-09-07 03:00:00,226.627,281.843
2024-09-07 04:00:00,226.502,281.147
2024-09-07 05:00:00,226.236,280.712
2024-09-07 06:00:00,226.047,280.522
2024-09-07 07:00:00,225.963,280.126
2024-09-07 08:00:00,225.976,279.513
2024-09-07 09:00:00,226.09,277.972
2024-09-07 10:00:00,225.868,277.247
2024-09-07 11:00:00,226.07,276.518
2024-09-07 12:00:00,226.192,276.467
2024-09-07 13:00:00,226.244,276.755
2024-09-07 14:00:00,226.409,276.877
2024-09-07 15:00:00,226.489,276.443
2024-09-07 16:00:00,226.412,276.063
2024-09-07 17:00:00,226.341,275.859
2024-09-07 18:00:00,226.09,276.863
2024-09-07 19:00:00,225.923,278.001
2024-09-07 20:00:00,225.722,280.784
2024-09-07 21:00:00,225.543,282.003
2024-09-07 22:00:00,225.423,284.516
2024-09-07 23:00:00,225.498,289.994
2024-09-08 00:00:00,225.75,282.089
2024-09-08 01:00:00,225.807,280.535
2024-09-08 02:00:00,225.976,282.676
2024-09-08 03:00:00,226.013,280.142
2024-09-08 04:00:00,225.89,277.185
2024-09-08 05:00:00,225.834,276.168
2024-09-08 06:00:00,225.646,275.319
2024-09-08 07:00:00,225.34,274.919
2024-09-08 08:00:00,224.951,274.431
2024-09-08 09:00:00,224.967,273.88
2024-09-08 10:00:00,224.969,273.175
2024-09-08 11:00:00,224.918,272.544
2024-09-08 12:00:00,225.053,272.873
2024-09-08 13:00:00,225.416,273.692
2024-09-08 14:00:00,225.611,272.31
2024-09-08 15:00:00,225.562,272.877
2024-09-08 16:00:00,225.484,270.226
2024-09-08 17:00:00,225.224,270.176
2024-09-08 18:00:00,224.803,271.259
2024-09-08 19:00:00,224.404,271.607
2024-09-08 20:00:00,224.585,272.56
2024-09-08 21:00:00,224.992,273.796
2024-09-08 22:00:00,225.091,276.579
2024-09-08 23:00:00,224.956,275.132
2024-09-09 00:00:00,224.897,274.858
2024-09-09 01:00:00,224.908,272.269
2024-09-09 02:00:00,224.871,273.083
