time,24kum2a_an9_0005m,24kum2a_an9_0029m
2024-05-16 18:00:00,357.615,366.31
2024-05-16 19:00:00,358.794,367.854
2024-05-16 20:00:00,359.996,369.005
2024-05-16 21:00:00,361.141,369.376
2024-05-16 22:00:00,361.18,369.38
2024-05-16 23:00:00,361.522,369.751
2024-05-17 00:00:00,362.298,370.89
2024-05-17 01:00:00,361.85,371.281
2024-05-17 02:00:00,361.924,371.662
2024-05-17 03:00:00,361.494,371.66
2024-05-17 04:00:00,361.865,372.082
2024-05-17 05:00:00,361.166,372.081
2024-05-17 06:00:00,362.315,371.739
2024-05-17 07:00:00,361.964,371.754
2024-05-17 08:00:00,361.587,371.766
2024-05-17 09:00:00,361.993,371.773
2024-05-17 10:00:00,362.004,371.761
2024-05-17 11:00:00,361.587,371.753
2024-05-17 12:00:00,361.566,371.725
2024-05-17 13:00:00,361.94,370.938
2024-05-17 14:00:00,361.512,370.15
2024-05-17 15:00:00,359.952,369.374
2024-05-17 16:00:00,357.622,369.011
2024-05-17 17:00:00,357.239,369.011
2024-05-17 18:00:00,358.412,369.803
2024-05-17 19:00:00,359.588,370.203
2024-05-17 20:00:00,360.768,370.598
2024-05-17 21:00:00,361.566,371.371
2024-05-17 22:00:00,361.95,371.366
2024-05-17 23:00:00,361.58,371.356
2024-05-18 00:00:00,361.941,372.133
2024-05-18 01:00:00,361.508,372.903
2024-05-18 02:00:00,361.498,373.27
2024-05-18 03:00:00,361.487,373.277
2024-05-18 04:00:00,360.706,372.894
2024-05-18 05:00:00,360.331,372.516
2024-05-18 06:00:00,360.352,372.532
2024-05-18 07:00:00,359.988,372.534
2024-05-18 08:00:00,359.624,372.189
2024-05-18 09:00:00,359.254,371.817
2024-05-18 10:00:00,358.866,371.81
2024-05-18 11:00:00,358.471,371.42
2024-05-18 12:00:00,358.838,371.402
2024-05-18 13:00:00,358.817,371.383
2024-05-18 14:00:00,358.024,370.975
2024-05-18 15:00:00,356.48,369.8
2024-05-18 16:00:00,355.319,368.252
2024-05-18 17:00:00,354.552,367.483
2024-05-18 18:00:00,354.562,367.492
2024-05-18 19:00:00,355.734,368.275
2024-05-18 20:00:00,357.688,369.047
2024-05-18 21:00:00,358.857,369.833
2024-05-18 22:00:00,359.67,370.631
2024-05-18 23:00:00,360.513,370.634
2024-05-19 00:00:00,361.279,371.009
2024-05-19 01:00:00,361.233,371.79
2024-05-19 02:00:00,361.653,372.158
2024-05-19 03:00:00,361.645,372.167
2024-05-19 04:00:00,361.252,371.778
2024-05-19 05:00:00,361.274,371.777
2024-05-19 06:00:00,361.256,372.17
2024-05-19 07:00:00,360.884,371.803
2024-05-19 08:00:00,360.877,371.817
2024-05-19 09:00:00,360.098,371.83
2024-05-19 10:00:00,360.103,371.834
2024-05-19 11:00:00,359.713,371.826
2024-05-19 12:00:00,359.332,371.43
2024-05-19 13:00:00,359.7,371.417
2024-05-19 14:00:00,359.299,371.425
2024-05-19 15:00:00,359.284,371.412
2024-05-19 16:00:00,358.89,371.02
2024-05-19 17:00:00,359.279,371.021
2024-05-19 18:00:00,359.654,371.415
2024-05-19 19:00:00,360.06,371.058
2024-05-19 20:00:00,360.463,371.046
2024-05-19 21:00:00,360.092,370.694
2024-05-19 22:00:00,360.124,370.71
2024-05-19 23:00:00,359.405,369.959
2024-05-20 00:00:00,359.049,369.579
2024-05-20 01:00:00,359.449,370.343
2024-05-20 02:00:00,359.723,369.949
2024-05-20 03:00:00,360.557,370.717
2024-05-20 04:00:00,360.5,371.077
2024-05-20 05:00:00,360.942,371.092
2024-05-20 06:00:00,361.311,371.082
2024-05-20 07:00:00,361.751,371.476
2024-05-20 08:00:00,361.332,371.106
2024-05-20 09:00:00,360.502,371.111
2024-05-20 10:00:00,360.166,371.132
2024-05-20 11:00:00,359.805,371.131
2024-05-20 12:00:00,359.417,370.739
2024-05-20 13:00:00,359.028,370.729
2024-05-20 14:00:00,358.625,370.327
2024-05-20 15:00:00,358.607,370.313
2024-05-20 16:00:00,358.984,370.688
2024-05-20 17:00:00,358.954,370.707
2024-05-20 18:00:00,358.938,370.733
2024-05-20 19:00:00,358.949,370.357
2024-05-20 20:00:00,358.587,369.973
2024-05-20 21:00:00,358.207,369.607
2024-05-20 22:00:00,357.857,369.641
2024-05-20 23:00:00,358.237,369.637
2024-05-21 00:00:00,359.003,370.42
2024-05-21 01:00:00,359.395,371.19
2024-05-21 02:00:00,359.771,371.566
2024-05-21 03:00:00,358.972,370.772
2024-05-21 04:00:00,358.976,370.753
2024-05-21 05:00:00,358.968,370.372
2024-05-21 06:00:00,358.955,370.743
2024-05-21 07:00:00,358.576,370.362
2024-05-21 08:00:00,357.45,369.235
2024-05-21 09:00:00,356.698,368.866
2024-05-21 10:00:00,356.705,368.873
2024-05-21 11:00:00,356.323,368.491
2024-05-21 12:00:00,355.939,368.487
2024-05-21 13:00:00,355.926,368.846
2024-05-21 14:00:00,356.28,369.593
2024-05-21 15:00:00,357.784,370.335
2024-05-21 16:00:00,358.915,370.723
2024-05-21 17:00:00,359.678,371.097
2024-05-21 18:00:00,359.295,370.71
2024-05-21 19:00:00,359.688,371.099
2024-05-21 20:00:00,360.106,370.716
2024-05-21 21:00:00,359.347,370.351
2024-05-21 22:00:00,359.0,369.603
2024-05-21 23:00:00,358.62,369.624
2024-05-22 00:00:00,359.41,370.783
2024-05-22 01:00:00,360.157,371.563
2024-05-22 02:00:00,360.568,371.563
2024-05-22 03:00:00,360.558,371.961
2024-05-22 04:00:00,360.166,371.952
2024-05-22 05:00:00,360.154,371.558
2024-05-22 06:00:00,359.77,371.557
2024-05-22 07:00:00,359.358,371.545
2024-05-22 08:00:00,358.979,370.779
2024-05-22 09:00:00,358.224,370.009
2024-05-22 10:00:00,357.461,369.631
2024-05-22 11:00:00,357.463,369.25
2024-05-22 12:00:00,357.081,368.864
2024-05-22 13:00:00,357.07,369.239
2024-05-22 14:00:00,357.432,369.616
2024-05-22 15:00:00,358.185,369.6
2024-05-22 16:00:00,358.94,370.354
2024-05-22 17:00:00,358.937,370.737
2024-05-22 18:00:00,358.936,370.738
2024-05-22 19:00:00,359.338,370.738
2024-05-22 20:00:00,358.962,370.761
2024-05-22 21:00:00,358.992,370.003
2024-05-22 22:00:00,358.618,369.243
2024-05-22 23:00:00,359.062,369.256
2024-05-23 00:00:00,359.892,369.304
2024-05-23 01:00:00,358.76,369.344
2024-05-23 02:00:00,357.62,368.929
2024-05-23 03:00:00,357.209,368.931
2024-05-23 04:00:00,357.602,369.308
2024-05-23 05:00:00,359.105,369.705
2024-05-23 06:00:00,360.636,370.486
2024-05-23 07:00:00,358.661,369.692
2024-05-23 08:00:00,357.493,369.281
2024-05-23 09:00:00,357.117,368.53
2024-05-23 10:00:00,357.115,368.532
2024-05-23 11:00:00,356.743,368.528
2024-05-23 12:00:00,356.359,368.141
2024-05-23 13:00:00,356.364,368.145
2024-05-23 14:00:00,356.351,368.145
2024-05-23 15:00:00,356.366,368.137
2024-05-23 16:00:00,356.351,368.123
2024-05-23 17:00:00,356.332,368.495
2024-05-23 18:00:00,357.073,368.487
2024-05-23 19:00:00,357.061,368.479
2024-05-23 20:00:00,356.68,368.094
2024-05-23 21:00:00,356.328,367.727
2024-05-23 22:00:00,357.153,368.166
2024-05-23 23:00:00,356.405,367.807
2024-05-24 00:00:00,355.643,367.043
2024-05-24 01:00:00,355.28,366.656
2024-05-24 02:00:00,355.252,366.276
2024-05-24 03:00:00,355.245,366.262
2024-05-24 04:00:00,355.243,366.263
2024-05-24 05:00:00,355.63,367.032
2024-05-24 06:00:00,356.398,367.41
2024-05-24 07:00:00,356.795,367.434
2024-05-24 08:00:00,356.403,368.187
2024-05-24 09:00:00,355.978,367.785
2024-05-24 10:00:00,355.229,367.011
2024-05-24 11:00:00,355.23,366.645
2024-05-24 12:00:00,354.845,366.644
2024-05-24 13:00:00,354.845,366.643
2024-05-24 14:00:00,354.461,366.637
2024-05-24 15:00:00,354.457,366.243
2024-05-24 16:00:00,354.438,366.602
2024-05-24 17:00:00,354.804,366.567
2024-05-24 18:00:00,354.787,365.792
2024-05-24 19:00:00,354.382,365.012
2024-05-24 20:00:00,354.008,365.022
2024-05-24 21:00:00,354.405,365.036
2024-05-24 22:00:00,354.443,365.068
2024-05-24 23:00:00,354.872,364.713
2024-05-25 00:00:00,355.696,365.505
2024-05-25 01:00:00,356.488,365.917
2024-05-25 02:00:00,356.551,365.949
2024-05-25 03:00:00,356.151,365.962
2024-05-25 04:00:00,356.562,365.974
2024-05-25 05:00:00,356.541,366.366
2024-05-25 06:00:00,356.524,366.736
2024-05-25 07:00:00,354.919,365.96
2024-05-25 08:00:00,354.135,365.547
2024-05-25 09:00:00,354.123,365.53
2024-05-25 10:00:00,354.112,365.508
2024-05-25 11:00:00,354.113,365.892
2024-05-25 12:00:00,354.508,365.888
2024-05-25 13:00:00,354.126,365.884
2024-05-25 14:00:00,353.745,365.503
2024-05-25 15:00:00,353.352,365.131
2024-05-25 16:00:00,352.584,364.354
2024-05-25 17:00:00,352.181,363.556
2024-05-25 18:00:00,351.794,363.147
2024-05-25 19:00:00,351.798,362.763
2024-05-25 20:00:00,351.79,362.753
2024-05-25 21:00:00,351.006,362.374
2024-05-25 22:00:00,351.439,362.003
2024-05-25 23:00:00,353.042,363.192
2024-05-26 00:00:00,353.874,364.02
2024-05-26 01:00:00,354.681,364.835
2024-05-26 02:00:00,355.418,366.005
2024-05-26 03:00:00,355.815,366.39
2024-05-26 04:00:00,355.441,366.39
2024-05-26 05:00:00,355.44,366.768
2024-05-26 06:00:00,355.024,366.386
2024-05-26 07:00:00,355.004,366.397
2024-05-26 08:00:00,353.842,364.865
2024-05-26 09:00:00,352.325,363.708
2024-05-26 10:00:00,351.545,362.946
2024-05-26 11:00:00,351.511,362.928
2024-05-26 12:00:00,351.11,362.139
2024-05-26 13:00:00,350.349,361.364
2024-05-26 14:00:00,349.583,360.599
2024-05-26 15:00:00,349.581,361.365
2024-05-26 16:00:00,350.351,361.363
2024-05-26 17:00:00,349.569,360.983
2024-05-26 18:00:00,349.187,360.585
2024-05-26 19:00:00,349.175,360.206
2024-05-26 20:00:00,349.174,360.192
2024-05-26 21:00:00,349.561,360.571
2024-05-26 22:00:00,349.956,360.97
2024-05-26 23:00:00,350.756,361.372
2024-05-27 00:00:00,351.923,362.554
2024-05-27 01:00:00,352.347,363.339
2024-05-27 02:00:00,352.802,363.357
2024-05-27 03:00:00,353.227,363.397
2024-05-27 04:00:00,353.629,363.795
2024-05-27 05:00:00,353.257,363.804
2024-05-27 06:00:00,353.224,363.421
2024-05-27 07:00:00,352.832,363.4
2024-05-27 08:00:00,352.799,362.999
2024-05-27 09:00:00,352.016,362.61
2024-05-27 10:00:00,351.238,362.255
2024-05-27 11:00:00,350.091,361.5
2024-05-27 12:00:00,349.682,360.718
2024-05-27 13:00:00,349.286,360.692
2024-05-27 14:00:00,348.903,359.919
2024-05-27 15:00:00,348.904,359.918
2024-05-27 16:00:00,348.902,360.316
2024-05-27 17:00:00,349.687,359.921
2024-05-27 18:00:00,349.699,359.923
2024-05-27 19:00:00,350.443,359.909
2024-05-27 20:00:00,350.02,360.278
2024-05-27 21:00:00,350.016,360.255
2024-05-27 22:00:00,350.038,360.644
2024-05-27 23:00:00,351.189,361.43
2024-05-28 00:00:00,351.554,361.043
2024-05-28 01:00:00,352.439,361.835
2024-05-28 02:00:00,353.167,362.249
2024-05-28 03:00:00,354.063,362.658
2024-05-28 04:00:00,353.584,363.468
2024-05-28 05:00:00,352.915,363.098
2024-05-28 06:00:00,352.506,363.097
2024-05-28 07:00:00,352.071,363.085
2024-05-28 08:00:00,352.508,362.674
2024-05-28 09:00:00,352.48,362.28
2024-05-28 10:00:00,351.63,362.651
2024-05-28 11:00:00,352.053,362.66
2024-05-28 12:00:00,351.265,362.296
2024-05-28 13:00:00,350.121,361.535
2024-05-28 14:00:00,350.114,361.146
2024-05-28 15:00:00,349.726,361.141
2024-05-28 16:00:00,349.734,361.146
2024-05-28 17:00:00,350.127,361.138
2024-05-28 18:00:00,350.505,361.135
2024-05-28 19:00:00,350.479,361.122
2024-05-28 20:00:00,350.468,361.092
2024-05-28 21:00:00,350.045,360.686
2024-05-28 22:00:00,349.665,360.305
2024-05-28 23:00:00,349.663,359.907
2024-05-29 00:00:00,349.683,360.309
2024-05-29 01:00:00,350.073,360.313
2024-05-29 02:00:00,350.132,360.733
2024-05-29 03:00:00,350.937,361.148
2024-05-29 04:00:00,351.345,361.976
2024-05-29 05:00:00,350.971,361.602
2024-05-29 06:00:00,350.588,361.613
2024-05-29 07:00:00,350.191,361.226
2024-05-29 08:00:00,349.803,360.832
2024-05-29 09:00:00,349.393,360.811
2024-05-29 10:00:00,348.995,360.015
2024-05-29 11:00:00,348.583,360.001
2024-05-29 12:00:00,348.964,360.367
2024-05-29 13:00:00,350.133,360.763
2024-05-29 14:00:00,350.16,361.162
2024-05-29 15:00:00,350.18,361.19
2024-05-29 16:00:00,350.188,361.202
2024-05-29 17:00:00,350.562,361.194
2024-05-29 18:00:00,350.177,360.796
2024-05-29 19:00:00,348.613,359.626
2024-05-29 20:00:00,347.825,358.456
2024-05-29 21:00:00,347.425,358.047
2024-05-29 22:00:00,347.435,357.67
2024-05-29 23:00:00,347.825,358.04
2024-05-30 00:00:00,347.855,358.431
2024-05-30 01:00:00,347.921,358.064
2024-05-30 02:00:00,347.962,358.486
2024-05-30 03:00:00,349.162,358.885
2024-05-30 04:00:00,349.588,359.3
2024-05-30 05:00:00,349.571,359.719
2024-05-30 06:00:00,350.009,359.337
2024-05-30 07:00:00,349.68,359.359
2024-05-30 08:00:00,349.655,359.357
2024-05-30 09:00:00,348.849,358.972
2024-05-30 10:00:00,347.622,358.561
2024-05-30 11:00:00,347.192,358.553
2024-05-30 12:00:00,347.215,358.52
2024-05-30 13:00:00,347.134,358.147
2024-05-30 14:00:00,347.119,358.137
2024-05-30 15:00:00,347.51,358.141
2024-05-30 16:00:00,348.3,358.553
2024-05-30 17:00:00,348.709,358.954
2024-05-30 18:00:00,348.73,358.559
2024-05-30 19:00:00,348.365,358.173
2024-05-30 20:00:00,347.993,357.785
2024-05-30 21:00:00,347.209,357.789
2024-05-30 22:00:00,347.175,357.409
2024-05-30 23:00:00,347.181,357.8
2024-05-31 00:00:00,347.196,357.798
2024-05-31 01:00:00,347.971,357.42
2024-05-31 02:00:00,347.992,358.209
2024-05-31 03:00:00,348.734,358.226
2024-05-31 04:00:00,349.556,358.232
2024-05-31 05:00:00,349.909,359.029
2024-05-31 06:00:00,350.73,359.051
2024-05-31 07:00:00,351.564,359.051
2024-05-31 08:00:00,351.09,359.443
2024-05-31 09:00:00,350.899,359.05
2024-05-31 10:00:00,350.446,358.268
2024-05-31 11:00:00,350.004,357.854
2024-05-31 12:00:00,348.481,357.848
2024-05-31 13:00:00,347.758,357.84
2024-05-31 14:00:00,347.654,357.822
2024-05-31 15:00:00,347.322,357.442
2024-05-31 16:00:00,347.229,357.838
2024-05-31 17:00:00,347.697,357.851
2024-05-31 18:00:00,348.1,358.252
2024-05-31 19:00:00,348.499,358.263
2024-05-31 20:00:00,348.079,358.268
2024-05-31 21:00:00,348.097,358.278
2024-05-31 22:00:00,347.313,357.886
2024-05-31 23:00:00,347.689,357.518
2024-06-01 00:00:00,347.662,357.901
2024-06-01 01:00:00,347.673,357.895
2024-06-01 02:00:00,348.041,357.909
2024-06-01 03:00:00,347.699,357.91
2024-06-01 04:00:00,348.082,357.916
2024-06-01 05:00:00,348.499,357.934
2024-06-01 06:00:00,348.903,358.335
2024-06-01 07:00:00,348.916,358.349
2024-06-01 08:00:00,348.933,358.362
2024-06-01 09:00:00,348.569,358.368
2024-06-01 10:00:00,348.57,357.97
2024-06-01 11:00:00,348.172,357.568
2024-06-01 12:00:00,347.758,357.168
2024-06-01 13:00:00,347.325,357.148
2024-06-01 14:00:00,346.527,356.751
2024-06-01 15:00:00,346.14,356.352
2024-06-01 16:00:00,346.095,356.349
2024-06-01 17:00:00,346.12,356.359
2024-06-01 18:00:00,346.927,356.381
2024-06-01 19:00:00,347.718,357.18
2024-06-01 20:00:00,348.124,357.196
2024-06-01 21:00:00,348.538,357.599
2024-06-01 22:00:00,349.005,357.615
2024-06-01 23:00:00,348.981,358.007
2024-06-02 00:00:00,348.551,358.016
2024-06-02 01:00:00,348.198,357.999
2024-06-02 02:00:00,348.156,357.594
2024-06-02 03:00:00,348.435,357.611
2024-06-02 04:00:00,349.048,357.993
2024-06-02 05:00:00,347.908,357.974
2024-06-02 06:00:00,349.06,357.98
2024-06-02 07:00:00,348.32,358.376
2024-06-02 08:00:00,348.886,358.386
2024-06-02 09:00:00,348.89,358.39
2024-06-02 10:00:00,348.997,358.391
2024-06-02 11:00:00,348.619,358.005
2024-06-02 12:00:00,347.993,357.623
2024-06-02 13:00:00,348.692,357.614
2024-06-02 14:00:00,346.955,357.213
2024-06-02 15:00:00,347.071,356.811
2024-06-02 16:00:00,346.407,356.402
2024-06-02 17:00:00,346.608,356.4
2024-06-02 18:00:00,346.941,356.424
2024-06-02 19:00:00,347.732,356.818
2024-06-02 20:00:00,348.541,357.617
2024-06-02 21:00:00,348.9,358.032
2024-06-02 22:00:00,350.264,358.834
2024-06-02 23:00:00,350.767,359.256
2024-06-03 00:00:00,350.205,359.276
2024-06-03 01:00:00,350.007,359.273
2024-06-03 02:00:00,349.408,358.484
2024-06-03 03:00:00,349.047,358.448
2024-06-03 04:00:00,348.361,358.831
2024-06-03 05:00:00,348.221,358.057
2024-06-03 06:00:00,347.115,358.036
2024-06-03 07:00:00,347.604,357.648
2024-06-03 08:00:00,347.13,357.659
2024-06-03 09:00:00,347.545,358.051
2024-06-03 10:00:00,347.119,357.663
2024-06-03 11:00:00,346.737,357.275
2024-06-03 12:00:00,345.996,357.281
2024-06-03 13:00:00,345.601,356.524
2024-06-03 14:00:00,345.235,356.12
2024-06-03 15:00:00,344.452,356.093
2024-06-03 16:00:00,344.43,355.706
2024-06-03 17:00:00,344.044,355.731
2024-06-03 18:00:00,344.072,355.74
2024-06-03 19:00:00,344.849,356.549
2024-06-03 20:00:00,345.269,356.576
2024-06-03 21:00:00,346.1,357.768
2024-06-03 22:00:00,346.903,357.86
2024-06-03 23:00:00,346.456,356.7
2024-06-04 00:00:00,344.561,356.265
2024-06-04 01:00:00,344.611,355.853
2024-06-04 02:00:00,344.229,355.813
2024-06-04 03:00:00,343.439,355.771
2024-06-04 04:00:00,343.748,354.691
2024-06-04 05:00:00,344.507,354.754
2024-06-04 06:00:00,346.059,356.337
2024-06-04 07:00:00,344.921,355.198
2024-06-04 08:00:00,344.514,354.404
2024-06-04 09:00:00,344.126,354.015
2024-06-04 10:00:00,343.748,354.409
2024-06-04 11:00:00,343.768,354.042
2024-06-04 12:00:00,343.769,354.43
2024-06-04 13:00:00,343.372,353.648
2024-06-04 14:00:00,342.195,352.07
2024-06-04 15:00:00,340.985,351.248
2024-06-04 16:00:00,340.57,350.83
2024-06-04 17:00:00,340.185,350.05
2024-06-04 18:00:00,339.801,350.062
2024-06-04 19:00:00,340.18,350.046
2024-06-04 20:00:00,340.171,350.435
2024-06-04 21:00:00,341.002,350.867
2024-06-04 22:00:00,341.851,351.326
2024-06-04 23:00:00,343.057,352.924
2024-06-05 00:00:00,343.087,352.945
2024-06-05 01:00:00,341.95,352.196
2024-06-05 02:00:00,341.946,352.206
2024-06-05 03:00:00,342.687,352.549
2024-06-05 04:00:00,343.022,352.509
2024-06-05 05:00:00,342.615,351.313
2024-06-05 06:00:00,340.641,350.127
2024-06-05 07:00:00,340.623,350.099
2024-06-05 08:00:00,341.077,350.54
2024-06-05 09:00:00,341.472,351.35
2024-06-05 10:00:00,341.486,351.755
2024-06-05 11:00:00,341.101,351.376
2024-06-05 12:00:00,341.098,350.968
2024-06-05 13:00:00,339.91,350.162
2024-06-05 14:00:00,339.104,349.741
2024-06-05 15:00:00,339.058,349.321
2024-06-05 16:00:00,338.644,348.518
2024-06-05 17:00:00,338.238,348.094
2024-06-05 18:00:00,338.609,347.708
2024-06-05 19:00:00,338.591,347.7
2024-06-05 20:00:00,339.86,348.507
2024-06-05 21:00:00,341.438,349.346
2024-06-05 22:00:00,343.045,350.551
2024-06-05 23:00:00,343.097,351.782
2024-06-06 00:00:00,342.403,351.441
2024-06-06 01:00:00,341.57,351.082
2024-06-06 02:00:00,341.617,351.068
2024-06-06 03:00:00,341.985,350.673
2024-06-06 04:00:00,342.332,351.436
2024-06-06 05:00:00,342.7,351.784
2024-06-06 06:00:00,342.635,351.761
2024-06-06 07:00:00,342.236,351.734
2024-06-06 08:00:00,341.088,351.336
2024-06-06 09:00:00,341.02,350.942
2024-06-06 10:00:00,341.16,350.984
2024-06-06 11:00:00,341.147,350.999
2024-06-06 12:00:00,340.767,350.604
2024-06-06 13:00:00,340.368,350.588
2024-06-06 14:00:00,340.341,350.175
2024-06-06 15:00:00,340.314,349.764
2024-06-06 16:00:00,339.906,348.97
2024-06-06 17:00:00,339.097,348.961
2024-06-06 18:00:00,339.461,348.949
2024-06-06 19:00:00,339.462,348.95
2024-06-06 20:00:00,340.268,348.97
2024-06-06 21:00:00,341.126,349.768
2024-06-06 22:00:00,341.94,350.194
2024-06-06 23:00:00,342.02,350.646
2024-06-07 00:00:00,341.749,350.708
2024-06-07 01:00:00,341.656,351.114
2024-06-07 02:00:00,341.244,351.12
2024-06-07 03:00:00,341.637,350.732
2024-06-07 04:00:00,341.205,350.731
2024-06-07 05:00:00,341.217,350.335
2024-06-07 06:00:00,341.994,350.695
2024-06-07 07:00:00,341.206,350.694
2024-06-07 08:00:00,341.567,351.068
2024-06-07 09:00:00,341.57,351.463
2024-06-07 10:00:00,341.552,351.443
2024-06-07 11:00:00,341.169,351.446
2024-06-07 12:00:00,341.187,351.056
2024-06-07 13:00:00,341.178,351.058
2024-06-07 14:00:00,340.805,351.057
2024-06-07 15:00:00,340.417,350.29
2024-06-07 16:00:00,339.607,349.861
2024-06-07 17:00:00,338.775,348.277
2024-06-07 18:00:00,337.563,347.052
2024-06-07 19:00:00,337.175,347.031
2024-06-07 20:00:00,337.569,347.043
2024-06-07 21:00:00,338.36,347.448
2024-06-07 22:00:00,338.845,348.289
2024-06-07 23:00:00,340.091,348.738
2024-06-08 00:00:00,340.079,349.2
2024-06-08 01:00:00,340.135,349.592
2024-06-08 02:00:00,340.138,350.001
2024-06-08 03:00:00,340.099,349.61
2024-06-08 04:00:00,340.076,349.582
2024-06-08 05:00:00,340.462,349.584
2024-06-08 06:00:00,340.078,349.574
2024-06-08 07:00:00,339.695,349.184
2024-06-08 08:00:00,339.728,349.222
2024-06-08 09:00:00,339.708,349.207
2024-06-08 10:00:00,338.922,348.798
2024-06-08 11:00:00,339.731,348.815
2024-06-08 12:00:00,339.749,349.614
2024-06-08 13:00:00,339.756,349.629
2024-06-08 14:00:00,339.366,349.211
2024-06-08 15:00:00,338.984,348.41
2024-06-08 16:00:00,337.755,347.221
2024-06-08 17:00:00,337.734,346.796
2024-06-08 18:00:00,337.724,346.771
2024-06-08 19:00:00,337.272,346.379
2024-06-08 20:00:00,337.69,346.375
2024-06-08 21:00:00,338.086,346.78
2024-06-08 22:00:00,338.512,347.218
2024-06-08 23:00:00,338.957,347.643
2024-06-09 00:00:00,338.97,348.03
2024-06-09 01:00:00,339.378,347.671
2024-06-09 02:00:00,338.99,348.081
2024-06-09 03:00:00,338.593,348.084
2024-06-09 04:00:00,338.546,347.652
2024-06-09 05:00:00,338.538,348.437
2024-06-09 06:00:00,338.54,348.027
2024-06-09 07:00:00,338.198,347.683
2024-06-09 08:00:00,338.21,347.693
2024-06-09 09:00:00,338.243,347.722
2024-06-09 10:00:00,337.467,347.32
2024-06-09 11:00:00,337.478,346.9
2024-06-09 12:00:00,337.478,346.914
2024-06-09 13:00:00,337.869,346.919
2024-06-09 14:00:00,337.893,346.923
2024-06-09 15:00:00,337.515,346.527
2024-06-09 16:00:00,337.114,346.121
2024-06-09 17:00:00,337.127,345.719
2024-06-09 18:00:00,336.709,345.739
2024-06-09 19:00:00,336.643,345.365
2024-06-09 20:00:00,336.246,345.749
2024-06-09 21:00:00,337.049,346.522
2024-06-09 22:00:00,337.069,346.502
2024-06-09 23:00:00,337.824,346.519
2024-06-10 00:00:00,337.892,346.15
2024-06-10 01:00:00,337.938,346.174
2024-06-10 02:00:00,337.075,346.578
2024-06-10 03:00:00,337.542,346.921
2024-06-10 04:00:00,337.943,346.918
2024-06-10 05:00:00,337.586,346.541
2024-06-10 06:00:00,337.529,346.927
2024-06-10 07:00:00,337.506,346.896
2024-06-10 08:00:00,337.082,346.525
2024-06-10 09:00:00,336.34,346.184
2024-06-10 10:00:00,336.407,345.874
2024-06-10 11:00:00,336.433,345.897
2024-06-10 12:00:00,336.468,345.921
2024-06-10 13:00:00,336.476,345.936
2024-06-10 14:00:00,336.475,346.331
2024-06-10 15:00:00,336.875,345.96
2024-06-10 16:00:00,336.858,345.97
2024-06-10 17:00:00,336.875,345.566
2024-06-10 18:00:00,336.454,345.148
2024-06-10 19:00:00,336.427,344.723
2024-06-10 20:00:00,336.378,345.45
2024-06-10 21:00:00,336.296,345.789
2024-06-10 22:00:00,337.08,345.778
2024-06-10 23:00:00,336.99,345.389
2024-06-11 00:00:00,337.149,346.154
2024-06-11 01:00:00,336.819,345.378
2024-06-11 02:00:00,337.194,345.784
2024-06-11 03:00:00,337.941,346.184
2024-06-11 04:00:00,338.008,345.83
2024-06-11 05:00:00,338.437,345.85
2024-06-11 06:00:00,338.43,345.843
2024-06-11 07:00:00,338.348,346.208
2024-06-11 08:00:00,338.008,346.182
2024-06-11 09:00:00,338.355,346.174
2024-06-11 10:00:00,337.515,345.799
2024-06-11 11:00:00,335.759,345.462
2024-06-11 12:00:00,336.139,344.802
2024-06-11 13:00:00,336.532,345.24
2024-06-11 14:00:00,336.567,345.638
2024-06-11 15:00:00,336.561,346.049
2024-06-11 16:00:00,336.569,345.661
2024-06-11 17:00:00,336.938,345.268
2024-06-11 18:00:00,336.171,344.867
2024-06-11 19:00:00,336.113,345.232
2024-06-11 20:00:00,336.035,344.766
2024-06-11 21:00:00,336.366,345.467
2024-06-11 22:00:00,336.419,345.401
2024-06-11 23:00:00,336.723,345.371
2024-06-12 00:00:00,337.046,345.756
2024-06-12 01:00:00,336.799,345.765
2024-06-12 02:00:00,337.211,346.182
2024-06-12 03:00:00,336.883,346.215
2024-06-12 04:00:00,336.932,346.241
2024-06-12 05:00:00,337.333,346.646
2024-06-12 06:00:00,337.327,346.264
2024-06-12 07:00:00,337.319,346.256
2024-06-12 08:00:00,336.921,346.24
2024-06-12 09:00:00,336.489,345.837
2024-06-12 10:00:00,336.433,345.44
2024-06-12 11:00:00,335.675,345.467
2024-06-12 12:00:00,335.338,344.745
2024-06-12 13:00:00,334.61,344.438
2024-06-12 14:00:00,335.046,344.119
2024-06-12 15:00:00,335.063,344.149
2024-06-12 16:00:00,335.075,344.16
2024-06-12 17:00:00,334.703,343.788
2024-06-12 18:00:00,335.067,343.763
2024-06-12 19:00:00,335.381,343.706
2024-06-12 20:00:00,334.727,343.706
2024-06-12 21:00:00,335.327,344.039
2024-06-12 22:00:00,335.599,343.952
2024-06-12 23:00:00,335.627,343.913
2024-06-13 00:00:00,335.62,343.908
2024-06-13 01:00:00,336.067,343.939
2024-06-13 02:00:00,336.486,344.351
2024-06-13 03:00:00,336.552,344.379
2024-06-13 04:00:00,336.622,344.796
2024-06-13 05:00:00,336.374,344.8
2024-06-13 06:00:00,336.401,344.809
2024-06-13 07:00:00,336.042,344.81
2024-06-13 08:00:00,337.772,344.804
2024-06-13 09:00:00,337.665,344.805
2024-06-13 10:00:00,336.886,344.413
2024-06-13 11:00:00,336.116,344.456
2024-06-13 12:00:00,335.819,343.739
2024-06-13 13:00:00,335.562,343.363
2024-06-13 14:00:00,334.725,343.39
2024-06-13 15:00:00,335.148,343.043
2024-06-13 16:00:00,335.178,343.057
2024-06-13 17:00:00,335.165,343.076
2024-06-13 18:00:00,335.584,343.066
2024-06-13 19:00:00,335.957,343.423
2024-06-13 20:00:00,336.412,343.405
2024-06-13 21:00:00,335.739,343.779
2024-06-13 22:00:00,335.762,344.13
2024-06-13 23:00:00,336.09,344.82
2024-06-14 00:00:00,336.487,344.415
2024-06-14 01:00:00,336.896,344.802
2024-06-14 02:00:00,337.026,344.828
2024-06-14 03:00:00,337.382,344.882
2024-06-14 04:00:00,337.496,344.566
2024-06-14 05:00:00,337.68,344.619
2024-06-14 06:00:00,337.983,344.65
2024-06-14 07:00:00,337.43,344.666
2024-06-14 08:00:00,338.108,344.283
2024-06-14 09:00:00,336.943,344.654
2024-06-14 10:00:00,336.921,345.034
2024-06-14 11:00:00,336.531,344.222
2024-06-14 12:00:00,336.851,343.819
2024-06-14 13:00:00,337.196,343.824
2024-06-14 14:00:00,335.317,343.84
2024-06-14 15:00:00,335.572,343.096
2024-06-14 16:00:00,336.335,343.128
2024-06-14 17:00:00,336.414,343.145
2024-06-14 18:00:00,336.35,343.143
2024-06-14 19:00:00,336.816,343.527
2024-06-14 20:00:00,336.756,343.489
2024-06-14 21:00:00,337.683,344.243
2024-06-14 22:00:00,337.302,344.656
2024-06-14 23:00:00,336.632,344.986
2024-06-15 00:00:00,337.548,345.289
2024-06-15 01:00:00,336.696,344.888
2024-06-15 02:00:00,337.863,344.953
2024-06-15 03:00:00,338.375,345.035
2024-06-15 04:00:00,338.781,345.038
2024-06-15 05:00:00,337.228,345.442
2024-06-15 06:00:00,338.283,345.456
2024-06-15 07:00:00,339.144,345.472
2024-06-15 08:00:00,338.323,345.477
2024-06-15 09:00:00,337.943,345.091
2024-06-15 10:00:00,337.493,345.081
2024-06-15 11:00:00,337.581,344.694
2024-06-15 12:00:00,337.301,344.304
2024-06-15 13:00:00,336.663,344.329
2024-06-15 14:00:00,337.108,343.953
2024-06-15 15:00:00,338.369,343.509
2024-06-15 16:00:00,338.011,343.876
2024-06-15 17:00:00,337.326,343.879
2024-06-15 18:00:00,336.967,343.892
2024-06-15 19:00:00,337.692,344.323
2024-06-15 20:00:00,338.794,344.763
2024-06-15 21:00:00,338.176,345.166
2024-06-15 22:00:00,337.259,345.473
2024-06-15 23:00:00,338.454,345.86
2024-06-16 00:00:00,338.994,345.848
2024-06-16 01:00:00,339.217,345.837
2024-06-16 02:00:00,339.916,345.842
2024-06-16 03:00:00,338.671,346.241
2024-06-16 04:00:00,338.887,345.505
2024-06-16 05:00:00,339.993,345.561
2024-06-16 06:00:00,338.79,346.319
2024-06-16 07:00:00,339.538,346.298
2024-06-16 08:00:00,337.832,346.287
2024-06-16 09:00:00,338.08,346.286
2024-06-16 10:00:00,337.228,345.9
2024-06-16 11:00:00,338.533,345.899
2024-06-16 12:00:00,339.641,345.49
2024-06-16 13:00:00,339.474,343.892
2024-06-16 14:00:00,339.883,343.809
2024-06-16 15:00:00,339.485,344.127
2024-06-16 16:00:00,338.329,343.742
2024-06-16 17:00:00,337.669,344.185
2024-06-16 18:00:00,336.405,344.241
2024-06-16 19:00:00,339.089,345.029
2024-06-16 20:00:00,339.307,345.485
2024-06-16 21:00:00,340.512,346.328
2024-06-16 22:00:00,339.922,347.956
2024-06-16 23:00:00,339.141,346.707
2024-06-17 00:00:00,339.81,347.082
2024-06-17 01:00:00,335.978,347.471
2024-06-17 02:00:00,337.712,347.072
2024-06-17 03:00:00,340.257,347.852
2024-06-17 04:00:00,336.606,346.368
2024-06-17 05:00:00,340.043,346.314
2024-06-17 06:00:00,339.914,346.242
2024-06-17 07:00:00,340.162,346.597
2024-06-17 08:00:00,340.407,346.584
2024-06-17 09:00:00,335.132,346.587
2024-06-17 10:00:00,336.098,346.593
2024-06-17 11:00:00,336.746,346.617
2024-06-17 12:00:00,339.369,344.589
2024-06-17 13:00:00,339.779,343.738
2024-06-17 14:00:00,340.364,344.42
2024-06-17 15:00:00,336.37,344.416
2024-06-17 16:00:00,338.762,344.416
2024-06-17 17:00:00,339.606,343.724
2024-06-17 18:00:00,339.659,345.141
2024-06-17 19:00:00,339.617,346.36
2024-06-17 20:00:00,336.231,346.786
2024-06-17 21:00:00,335.42,347.156
2024-06-17 22:00:00,336.941,346.745
2024-06-17 23:00:00,339.233,346.253
2024-06-18 00:00:00,339.187,347.414
2024-06-18 01:00:00,338.08,347.365
2024-06-18 02:00:00,334.912,348.065
2024-06-18 03:00:00,333.004,348.819
2024-06-18 04:00:00,329.932,348.458
2024-06-18 05:00:00,337.818,348.178
2024-06-18 06:00:00,331.46,347.56
2024-06-18 07:00:00,329.81,347.942
2024-06-18 08:00:00,331.024,347.495
2024-06-18 09:00:00,327.212,347.068
2024-06-18 10:00:00,327.94,346.663
2024-06-18 11:00:00,329.306,346.697
2024-06-18 12:00:00,330.292,347.132
2024-06-18 13:00:00,333.054,347.159
2024-06-18 14:00:00,331.418,345.932
2024-06-18 15:00:00,337.145,345.948
2024-06-18 16:00:00,334.199,345.929
2024-06-18 17:00:00,337.382,346.683
2024-06-18 18:00:00,330.646,346.234
2024-06-18 19:00:00,330.603,346.625
2024-06-18 20:00:00,329.15,346.725
2024-06-18 21:00:00,330.601,347.202
2024-06-18 22:00:00,333.438,347.616
2024-06-18 23:00:00,334.205,347.178
2024-06-19 00:00:00,332.105,347.908
2024-06-19 01:00:00,335.825,347.511
2024-06-19 02:00:00,333.202,347.865
2024-06-19 03:00:00,334.599,348.25
2024-06-19 04:00:00,330.94,347.514
2024-06-19 05:00:00,329.537,346.823
2024-06-19 06:00:00,327.978,346.459
2024-06-19 07:00:00,328.021,347.643
2024-06-19 08:00:00,331.057,347.299
2024-06-19 09:00:00,328.113,346.937
2024-06-19 10:00:00,328.884,346.546
2024-06-19 11:00:00,328.852,346.885
2024-06-19 12:00:00,329.93,346.431
2024-06-19 13:00:00,329.066,345.876
2024-06-19 14:00:00,330.514,345.84
2024-06-19 15:00:00,329.833,345.818
2024-06-19 16:00:00,335.192,345.425
2024-06-19 17:00:00,336.376,345.462
2024-06-19 18:00:00,333.123,345.542
2024-06-19 19:00:00,332.31,345.496
2024-06-19 20:00:00,326.583,345.068
2024-06-19 21:00:00,329.698,345.41
2024-06-19 22:00:00,322.106,345.773
2024-06-19 23:00:00,322.03,346.195
2024-06-20 00:00:00,330.432,346.211
2024-06-20 01:00:00,331.619,345.856
2024-06-20 02:00:00,330.149,346.227
2024-06-20 03:00:00,324.745,346.554
2024-06-20 04:00:00,324.378,346.536
2024-06-20 05:00:00,322.12,345.769
2024-06-20 06:00:00,322.486,345.426
2024-06-20 07:00:00,328.428,345.149
2024-06-20 08:00:00,333.632,344.884
2024-06-20 09:00:00,327.273,344.977
2024-06-20 10:00:00,332.322,345.014
2024-06-20 11:00:00,333.876,344.609
2024-06-20 12:00:00,332.367,344.604
2024-06-20 13:00:00,332.285,344.574
2024-06-20 14:00:00,330.04,344.506
2024-06-20 15:00:00,320.874,344.789
2024-06-20 16:00:00,318.272,343.482
2024-06-20 17:00:00,317.467,343.4
2024-06-20 18:00:00,317.852,343.78
2024-06-20 19:00:00,315.952,343.781
2024-06-20 20:00:00,316.373,344.59
2024-06-20 21:00:00,319.84,344.63
2024-06-20 22:00:00,320.614,345.444
2024-06-20 23:00:00,327.148,345.547
2024-06-21 00:00:00,322.196,344.466
2024-06-21 01:00:00,325.433,344.109
2024-06-21 02:00:00,321.954,344.09
2024-06-21 03:00:00,315.614,344.824
2024-06-21 04:00:00,314.863,344.811
2024-06-21 05:00:00,321.147,345.132
2024-06-21 06:00:00,318.445,345.844
2024-06-21 07:00:00,320.34,345.479
2024-06-21 08:00:00,321.31,345.138
2024-06-21 09:00:00,321.649,343.678
2024-06-21 10:00:00,329.648,342.994
2024-06-21 11:00:00,331.308,342.256
2024-06-21 12:00:00,331.954,342.326
2024-06-21 13:00:00,319.971,342.661
2024-06-21 14:00:00,321.658,342.988
2024-06-21 15:00:00,317.716,343.572
2024-06-21 16:00:00,317.219,343.878
2024-06-21 17:00:00,316.543,343.477
2024-06-21 18:00:00,317.272,343.452
2024-06-21 19:00:00,317.267,343.47
2024-06-21 20:00:00,317.637,343.506
2024-06-21 21:00:00,314.344,343.921
2024-06-21 22:00:00,317.307,344.386
2024-06-21 23:00:00,316.261,344.047
2024-06-22 00:00:00,320.228,343.727
2024-06-22 01:00:00,314.475,343.381
2024-06-22 02:00:00,317.71,343.027
2024-06-22 03:00:00,313.423,343.027
2024-06-22 04:00:00,315.612,343.395
2024-06-22 05:00:00,315.624,343.75
2024-06-22 06:00:00,315.588,343.715
2024-06-22 07:00:00,319.909,344.071
2024-06-22 08:00:00,317.695,344.046
2024-06-22 09:00:00,320.997,344.041
2024-06-22 10:00:00,321.295,343.304
2024-06-22 11:00:00,324.969,342.962
2024-06-22 12:00:00,324.573,342.584
2024-06-22 13:00:00,321.974,341.811
2024-06-22 14:00:00,322.668,341.452
2024-06-22 15:00:00,323.771,342.153
2024-06-22 16:00:00,321.983,342.468
2024-06-22 17:00:00,319.693,342.816
2024-06-22 18:00:00,318.23,342.413
2024-06-22 19:00:00,318.214,342.398
2024-06-22 20:00:00,318.595,342.042
2024-06-22 21:00:00,317.531,342.09
2024-06-22 22:00:00,317.871,342.154
2024-06-22 23:00:00,325.226,341.833
2024-06-23 00:00:00,321.331,341.534
2024-06-23 01:00:00,319.497,340.793
2024-06-23 02:00:00,318.767,340.443
2024-06-23 03:00:00,316.56,340.055
2024-06-23 04:00:00,315.857,340.045
2024-06-23 05:00:00,316.507,340.813
2024-06-23 06:00:00,315.434,340.769
2024-06-23 07:00:00,316.163,340.737
2024-06-23 08:00:00,320.958,341.119
2024-06-23 09:00:00,320.565,341.069
2024-06-23 10:00:00,323.041,341.466
2024-06-23 11:00:00,320.878,341.473
2024-06-23 12:00:00,321.181,340.733
2024-06-23 13:00:00,323.395,340.348
2024-06-23 14:00:00,320.438,340.342
2024-06-23 15:00:00,322.642,339.946
2024-06-23 16:00:00,321.535,341.002
2024-06-23 17:00:00,322.26,341.352
2024-06-23 18:00:00,319.378,340.96
2024-06-23 19:00:00,318.96,340.186
2024-06-23 20:00:00,319.716,340.173
2024-06-23 21:00:00,319.67,339.833
2024-06-23 22:00:00,318.937,339.522
2024-06-23 23:00:00,320.029,338.837
2024-06-24 00:00:00,322.629,338.517
2024-06-24 01:00:00,322.234,337.78
2024-06-24 02:00:00,322.592,337.414
2024-06-24 03:00:00,321.842,336.672
2024-06-24 04:00:00,321.108,337.057
2024-06-24 05:00:00,321.491,337.411
2024-06-24 06:00:00,321.461,338.158
2024-06-24 07:00:00,321.439,337.76
2024-06-24 08:00:00,323.992,337.028
2024-06-24 09:00:00,322.923,337.374
2024-06-24 10:00:00,322.916,338.096
2024-06-24 11:00:00,323.975,338.459
2024-06-24 12:00:00,323.604,337.712
2024-06-24 13:00:00,322.886,337.368
2024-06-24 14:00:00,322.86,337.013
2024-06-24 15:00:00,323.567,337.358
2024-06-24 16:00:00,322.832,338.066
2024-06-24 17:00:00,322.127,338.037
2024-06-24 18:00:00,323.228,337.611
2024-06-24 19:00:00,323.195,337.207
2024-06-24 20:00:00,323.204,337.234
2024-06-24 21:00:00,322.464,337.201
2024-06-24 22:00:00,322.479,337.258
2024-06-24 23:00:00,322.883,336.552
2024-06-25 00:00:00,321.851,335.856
2024-06-25 01:00:00,322.609,335.905
2024-06-25 02:00:00,322.983,335.168
2024-06-25 03:00:00,323.317,334.065
2024-06-25 04:00:00,322.718,332.972
2024-06-25 05:00:00,322.682,332.596
2024-06-25 06:00:00,322.717,333.335
2024-06-25 07:00:00,322.637,334.434
2024-06-25 08:00:00,322.66,335.149
2024-06-25 09:00:00,321.127,334.775
2024-06-25 10:00:00,323.406,334.058
2024-06-25 11:00:00,324.649,334.427
2024-06-25 12:00:00,323.09,334.79
2024-06-25 13:00:00,320.488,335.166
2024-06-25 14:00:00,321.216,334.776
2024-06-25 15:00:00,322.666,334.767
2024-06-25 16:00:00,322.56,334.746
2024-06-25 17:00:00,323.567,334.347
2024-06-25 18:00:00,323.165,334.708
2024-06-25 19:00:00,323.209,334.689
2024-06-25 20:00:00,320.967,334.686
2024-06-25 21:00:00,317.309,334.31
2024-06-25 22:00:00,318.022,334.318
2024-06-25 23:00:00,318.402,333.601
2024-06-26 00:00:00,318.455,333.285
2024-06-26 01:00:00,319.234,332.2
2024-06-26 02:00:00,321.832,331.891
2024-06-26 03:00:00,322.216,331.187
2024-06-26 04:00:00,321.87,330.123
2024-06-26 05:00:00,321.85,329.378
2024-06-26 06:00:00,321.467,329.031
2024-06-26 07:00:00,321.422,328.61
2024-06-26 08:00:00,321.698,329.293
2024-06-26 09:00:00,321.69,328.887
2024-06-26 10:00:00,321.285,328.479
2024-06-26 11:00:00,319.769,326.97
2024-06-26 12:00:00,320.87,328.063
2024-06-26 13:00:00,321.234,328.432
2024-06-26 14:00:00,321.238,328.436
2024-06-26 15:00:00,320.486,328.074
2024-06-26 16:00:00,319.739,326.942
2024-06-26 17:00:00,318.616,325.432
2024-06-26 18:00:00,318.973,325.788
2024-06-26 19:00:00,318.974,325.402
2024-06-26 20:00:00,318.243,324.663
2024-06-26 21:00:00,317.521,323.944
2024-06-26 22:00:00,317.157,323.955
2024-06-26 23:00:00,317.55,323.952
2024-06-27 00:00:00,317.571,324.365
2024-06-27 01:00:00,316.854,323.992
2024-06-27 02:00:00,316.191,323.278
2024-06-27 03:00:00,317.744,323.72
2024-06-27 04:00:00,317.012,323.756
2024-06-27 05:00:00,316.282,323.414
2024-06-27 06:00:00,315.888,322.676
2024-06-27 07:00:00,315.507,322.323
2024-06-27 08:00:00,315.885,322.302
2024-06-27 09:00:00,315.483,322.309
2024-06-27 10:00:00,314.689,321.888
2024-06-27 11:00:00,313.902,321.09
2024-06-27 12:00:00,314.952,321.776
2024-06-27 13:00:00,315.286,322.101
2024-06-27 14:00:00,315.65,322.455
2024-06-27 15:00:00,315.266,322.453
2024-06-27 16:00:00,314.928,322.106
2024-06-27 17:00:00,314.216,321.009
2024-06-27 18:00:00,313.503,320.289
2024-06-27 19:00:00,313.539,319.957
2024-06-27 20:00:00,313.176,319.603
2024-06-27 21:00:00,312.825,319.233
2024-06-27 22:00:00,312.437,318.853
2024-06-27 23:00:00,312.434,318.861
2024-06-28 00:00:00,312.822,319.247
2024-06-28 01:00:00,312.828,319.242
2024-06-28 02:00:00,313.205,319.632
2024-06-28 03:00:00,313.606,320.025
2024-06-28 04:00:00,313.256,319.647
2024-06-28 05:00:00,312.879,319.674
2024-06-28 06:00:00,312.13,318.927
2024-06-28 07:00:00,311.366,318.552
2024-06-28 08:00:00,310.992,317.783
2024-06-28 09:00:00,310.222,317.79
2024-06-28 10:00:00,310.95,317.365
2024-06-28 11:00:00,311.282,317.712
2024-06-28 12:00:00,310.869,317.684
2024-06-28 13:00:00,311.208,317.64
2024-06-28 14:00:00,311.159,317.97
2024-06-28 15:00:00,311.146,317.957
2024-06-28 16:00:00,311.168,317.96
2024-06-28 17:00:00,311.207,317.621
2024-06-28 18:00:00,311.626,317.652
2024-06-28 19:00:00,312.062,317.667
2024-06-28 20:00:00,311.328,317.317
2024-06-28 21:00:00,310.586,316.952
2024-06-28 22:00:00,310.597,316.195
2024-06-28 23:00:00,310.203,316.188
2024-06-29 00:00:00,310.577,316.58
2024-06-29 01:00:00,310.958,316.567
2024-06-29 02:00:00,311.309,316.949
2024-06-29 03:00:00,311.701,317.323
2024-06-29 04:00:00,312.489,317.708
2024-06-29 05:00:00,312.527,318.102
2024-06-29 06:00:00,312.164,318.12
2024-06-29 07:00:00,311.787,317.742
2024-06-29 08:00:00,311.026,317.353
2024-06-29 09:00:00,310.616,317.341
2024-06-29 10:00:00,310.208,316.557
2024-06-29 11:00:00,309.791,315.773
2024-06-29 12:00:00,309.75,315.75
2024-06-29 13:00:00,309.648,315.703
2024-06-29 14:00:00,309.621,316.035
2024-06-29 15:00:00,309.605,316.019
2024-06-29 16:00:00,309.607,316.021
2024-06-29 17:00:00,309.659,316.047
2024-06-29 18:00:00,309.731,315.719
2024-06-29 19:00:00,310.172,315.762
2024-06-29 20:00:00,310.202,315.798
2024-06-29 21:00:00,309.469,315.431
2024-06-29 22:00:00,308.694,314.687
2024-06-29 23:00:00,305.348,314.305
2024-06-30 00:00:00,304.64,314.304
2024-06-30 01:00:00,306.835,314.293
2024-06-30 02:00:00,308.697,314.651
2024-06-30 03:00:00,309.055,315.028
2024-06-30 04:00:00,309.798,315.409
2024-06-30 05:00:00,310.191,315.799
2024-06-30 06:00:00,310.578,315.805
2024-06-30 07:00:00,310.211,315.806
2024-06-30 08:00:00,309.851,315.424
2024-06-30 09:00:00,309.464,315.438
2024-06-30 10:00:00,308.676,315.048
2024-06-30 11:00:00,307.922,313.875
2024-06-30 12:00:00,306.783,313.847
2024-06-30 13:00:00,306.037,313.438
2024-06-30 14:00:00,307.099,313.408
2024-06-30 15:00:00,307.439,313.405
2024-06-30 16:00:00,307.428,313.412
2024-06-30 17:00:00,307.832,313.438
2024-06-30 18:00:00,307.909,313.878
2024-06-30 19:00:00,308.334,313.91
2024-06-30 20:00:00,306.167,313.181
2024-06-30 21:00:00,301.782,312.049
2024-06-30 22:00:00,298.988,310.559
2024-06-30 23:00:00,297.948,307.897
2024-07-01 00:00:00,296.876,306.801
2024-07-01 01:00:00,297.255,307.934
2024-07-01 02:00:00,298.33,309.791
2024-07-01 03:00:00,303.288,311.662
2024-07-01 04:00:00,303.602,313.194
2024-07-01 05:00:00,302.895,313.57
2024-07-01 06:00:00,307.731,313.571
2024-07-01 07:00:00,307.967,313.965
2024-07-01 08:00:00,307.637,313.582
2024-07-01 09:00:00,306.927,313.578
2024-07-01 10:00:00,305.826,313.191
2024-07-01 11:00:00,304.392,312.032
2024-07-01 12:00:00,304.735,311.639
2024-07-01 13:00:00,303.259,310.854
2024-07-01 14:00:00,303.232,310.464
2024-07-01 15:00:00,303.527,310.459
2024-07-01 16:00:00,303.533,310.456
2024-07-01 17:00:00,304.279,310.856
2024-07-01 18:00:00,304.65,310.888
2024-07-01 19:00:00,305.048,310.558
2024-07-01 20:00:00,303.644,309.05
2024-07-01 21:00:00,300.101,306.087
2024-07-01 22:00:00,295.943,303.496
2024-07-01 23:00:00,295.998,300.929
2024-07-02 00:00:00,296.419,300.962
2024-07-02 01:00:00,295.623,300.184
2024-07-02 02:00:00,297.123,302.803
2024-07-02 03:00:00,297.146,305.341
2024-07-02 04:00:00,296.778,307.612
2024-07-02 05:00:00,303.365,309.844
2024-07-02 06:00:00,304.794,310.975
2024-07-02 07:00:00,304.901,311.375
2024-07-02 08:00:00,305.63,311.379
2024-07-02 09:00:00,305.172,311.377
2024-07-02 10:00:00,305.182,311.36
2024-07-02 11:00:00,304.09,311.338
2024-07-02 12:00:00,303.703,310.55
2024-07-02 13:00:00,302.576,309.404
2024-07-02 14:00:00,298.448,308.264
2024-07-02 15:00:00,296.474,307.526
2024-07-02 16:00:00,296.324,307.143
2024-07-02 17:00:00,295.307,307.145
2024-07-02 18:00:00,296.428,307.538
2024-07-02 19:00:00,297.87,307.177
2024-07-02 20:00:00,298.352,305.721
2024-07-02 21:00:00,295.078,304.654
2024-07-02 22:00:00,296.898,302.078
2024-07-02 23:00:00,296.478,302.47
2024-07-03 00:00:00,296.265,303.631
2024-07-03 01:00:00,295.506,303.649
2024-07-03 02:00:00,295.7,302.878
2024-07-03 03:00:00,296.019,301.316
2024-07-03 04:00:00,296.65,303.539
2024-07-03 05:00:00,296.838,306.118
2024-07-03 06:00:00,299.43,308.368
2024-07-03 07:00:00,303.413,309.904
2024-07-03 08:00:00,303.774,309.914
2024-07-03 09:00:00,303.781,310.306
2024-07-03 10:00:00,303.674,309.905
2024-07-03 11:00:00,303.257,309.881
2024-07-03 12:00:00,303.309,309.847
2024-07-03 13:00:00,302.926,308.704
2024-07-03 14:00:00,296.805,306.482
2024-07-03 15:00:00,295.485,304.24
2024-07-03 16:00:00,295.4,301.622
2024-07-03 17:00:00,296.978,300.888
2024-07-03 18:00:00,296.98,300.148
2024-07-03 19:00:00,296.176,299.798
2024-07-03 20:00:00,295.85,300.885
2024-07-03 21:00:00,296.123,301.316
2024-07-03 22:00:00,296.129,302.47
2024-07-03 23:00:00,296.164,302.129
2024-07-04 00:00:00,296.495,302.568
2024-07-04 01:00:00,295.88,302.214
2024-07-04 02:00:00,295.507,302.244
2024-07-04 03:00:00,295.568,302.596
2024-07-04 04:00:00,295.036,301.358
2024-07-04 05:00:00,296.087,301.321
2024-07-04 06:00:00,296.155,301.658
2024-07-04 07:00:00,297.783,304.282
2024-07-04 08:00:00,302.038,308.066
2024-07-04 09:00:00,302.443,308.065
2024-07-04 10:00:00,302.472,308.082
2024-07-04 11:00:00,302.087,308.061
2024-07-04 12:00:00,302.073,308.044
2024-07-04 13:00:00,302.003,307.656
2024-07-04 14:00:00,297.907,305.377
2024-07-04 15:00:00,295.319,302.407
2024-07-04 16:00:00,295.768,300.57
2024-07-04 17:00:00,295.31,300.582
2024-07-04 18:00:00,295.719,300.58
2024-07-04 19:00:00,295.011,299.873
2024-07-04 20:00:00,293.912,298.39
2024-07-04 21:00:00,294.318,299.142
2024-07-04 22:00:00,295.128,299.521
2024-07-04 23:00:00,295.975,300.341
2024-07-05 00:00:00,295.794,300.375
2024-07-05 01:00:00,295.511,299.694
2024-07-05 02:00:00,294.04,299.396
2024-07-05 03:00:00,293.707,299.045
2024-07-05 04:00:00,293.983,299.364
2024-07-05 05:00:00,295.72,299.667
2024-07-05 06:00:00,295.519,299.578
2024-07-05 07:00:00,295.06,298.754
2024-07-05 08:00:00,296.891,300.593
2024-07-05 09:00:00,298.658,304.306
2024-07-05 10:00:00,300.997,306.196
2024-07-05 11:00:00,300.247,306.188
2024-07-05 12:00:00,299.865,306.182
2024-07-05 13:00:00,299.878,305.04
2024-07-05 14:00:00,297.537,303.171
2024-07-05 15:00:00,295.771,301.635
2024-07-05 16:00:00,296.414,302.717
2024-07-05 17:00:00,297.226,302.013
2024-07-05 18:00:00,296.14,300.948
2024-07-05 19:00:00,295.793,300.622
2024-07-05 20:00:00,296.201,301.019
2024-07-05 21:00:00,295.854,300.259
2024-07-05 22:00:00,294.767,298.807
2024-07-05 23:00:00,295.262,299.27
2024-07-06 00:00:00,295.05,298.942
2024-07-06 01:00:00,292.946,298.684
2024-07-06 02:00:00,291.982,297.57
2024-07-06 03:00:00,289.142,296.525
2024-07-06 04:00:00,288.756,294.744
2024-07-06 05:00:00,290.191,296.481
2024-07-06 06:00:00,293.125,298.313
2024-07-06 07:00:00,295.261,298.509
2024-07-06 08:00:00,295.088,300.347
2024-07-06 09:00:00,296.94,301.424
2024-07-06 10:00:00,294.203,301.706
2024-07-06 11:00:00,296.487,301.649
2024-07-06 12:00:00,296.075,301.657
2024-07-06 13:00:00,296.1,301.973
2024-07-06 14:00:00,293.883,302.309
2024-07-06 15:00:00,295.485,302.318
2024-07-06 16:00:00,294.938,300.891
2024-07-06 17:00:00,294.232,299.067
2024-07-06 18:00:00,293.946,298.365
2024-07-06 19:00:00,293.949,298.024
2024-07-06 20:00:00,293.592,298.052
2024-07-06 21:00:00,294.002,298.08
2024-07-06 22:00:00,294.42,298.086
2024-07-06 23:00:00,294.362,298.118
2024-07-07 00:00:00,294.263,297.092
2024-07-07 01:00:00,290.531,295.299
2024-07-07 02:00:00,291.195,295.094
2024-07-07 03:00:00,291.703,294.736
2024-07-07 04:00:00,293.148,294.736
2024-07-07 05:00:00,293.251,294.363
2024-07-07 06:00:00,292.396,295.314
2024-07-07 07:00:00,293.404,296.325
2024-07-07 08:00:00,295.358,297.74
2024-07-07 09:00:00,294.843,298.418
2024-07-07 10:00:00,295.109,299.51
2024-07-07 11:00:00,294.994,299.86
2024-07-07 12:00:00,294.952,299.806
2024-07-07 13:00:00,295.128,299.796
2024-07-07 14:00:00,294.793,299.798
2024-07-07 15:00:00,294.815,299.017
2024-07-07 16:00:00,293.519,298.353
2024-07-07 17:00:00,293.2,297.627
2024-07-07 18:00:00,293.241,297.276
2024-07-07 19:00:00,295.028,296.564
2024-07-07 20:00:00,294.443,296.592
2024-07-07 21:00:00,292.979,296.212
2024-07-07 22:00:00,292.833,296.606
2024-07-07 23:00:00,293.661,297.377
2024-07-08 00:00:00,294.078,297.366
2024-07-08 01:00:00,294.034,296.343
2024-07-08 02:00:00,293.557,294.95
2024-07-08 03:00:00,293.215,294.286
2024-07-08 04:00:00,294.654,293.946
2024-07-08 05:00:00,294.613,293.583
2024-07-08 06:00:00,294.785,293.909
2024-07-08 07:00:00,294.688,295.547
2024-07-08 08:00:00,295.977,296.593
2024-07-08 09:00:00,295.154,296.943
2024-07-08 10:00:00,296.846,296.913
2024-07-08 11:00:00,294.841,298.36
2024-07-08 12:00:00,292.786,299.664
2024-07-08 13:00:00,293.197,298.899
2024-07-08 14:00:00,293.102,298.18
2024-07-08 15:00:00,292.806,298.895
2024-07-08 16:00:00,293.365,299.6
2024-07-08 17:00:00,293.507,299.282
2024-07-08 18:00:00,294.548,297.107
2024-07-08 19:00:00,296.068,295.79
2024-07-08 20:00:00,295.552,295.456
2024-07-08 21:00:00,293.68,295.829
2024-07-08 22:00:00,294.135,295.085
2024-07-08 23:00:00,294.904,295.508
2024-07-09 00:00:00,294.254,296.279
2024-07-09 01:00:00,294.003,297.05
2024-07-09 02:00:00,292.221,297.115
2024-07-09 03:00:00,293.644,295.247
2024-07-09 04:00:00,295.175,294.154
2024-07-09 05:00:00,294.356,293.476
2024-07-09 06:00:00,294.472,295.302
2024-07-09 07:00:00,294.741,296.353
2024-07-09 08:00:00,293.833,296.294
2024-07-09 09:00:00,293.098,295.543
2024-07-09 10:00:00,295.617,295.09
2024-07-09 11:00:00,293.286,295.025
2024-07-09 12:00:00,295.575,298.914
2024-07-09 13:00:00,292.761,298.501
2024-07-09 14:00:00,293.509,298.121
2024-07-09 15:00:00,292.967,298.104
2024-07-09 16:00:00,293.068,298.117
2024-07-09 17:00:00,294.268,297.843
2024-07-09 18:00:00,289.74,294.543
2024-07-09 19:00:00,292.419,294.628
2024-07-09 20:00:00,294.174,295.703
2024-07-09 21:00:00,293.648,295.664
2024-07-09 22:00:00,294.303,295.65
2024-07-09 23:00:00,293.696,296.083
2024-07-10 00:00:00,294.239,293.964
2024-07-10 01:00:00,293.868,294.049
2024-07-10 02:00:00,292.924,294.438
2024-07-10 03:00:00,293.272,294.482
2024-07-10 04:00:00,293.637,293.748
2024-07-10 05:00:00,296.095,293.747
2024-07-10 06:00:00,293.634,294.109
2024-07-10 07:00:00,291.499,295.227
2024-07-10 08:00:00,291.428,294.449
2024-07-10 09:00:00,293.002,293.253
2024-07-10 10:00:00,292.134,293.925
2024-07-10 11:00:00,291.796,294.245
2024-07-10 12:00:00,293.226,294.595
2024-07-10 13:00:00,293.396,294.17
2024-07-10 14:00:00,292.923,294.52
2024-07-10 15:00:00,292.855,294.555
2024-07-10 16:00:00,292.944,293.844
2024-07-10 17:00:00,291.995,294.222
2024-07-10 18:00:00,291.697,293.819
2024-07-10 19:00:00,291.716,293.824
2024-07-10 20:00:00,291.866,293.787
2024-07-10 21:00:00,291.756,294.136
2024-07-10 22:00:00,292.068,294.133
2024-07-10 23:00:00,292.443,294.141
2024-07-11 00:00:00,292.488,294.593
2024-07-11 01:00:00,292.135,294.682
2024-07-11 02:00:00,292.259,294.376
2024-07-11 03:00:00,292.724,295.157
2024-07-11 04:00:00,292.302,295.566
2024-07-11 05:00:00,293.142,295.207
2024-07-11 06:00:00,292.822,295.219
2024-07-11 07:00:00,294.391,295.221
2024-07-11 08:00:00,294.392,295.178
2024-07-11 09:00:00,293.481,294.35
2024-07-11 10:00:00,292.917,294.338
2024-07-11 11:00:00,292.941,293.95
2024-07-11 12:00:00,294.773,293.572
2024-07-11 13:00:00,293.482,293.198
2024-07-11 14:00:00,293.015,293.196
2024-07-11 15:00:00,293.024,292.839
2024-07-11 16:00:00,293.674,292.884
2024-07-11 17:00:00,292.985,293.283
2024-07-11 18:00:00,292.298,293.305
2024-07-11 19:00:00,291.954,292.824
2024-07-11 20:00:00,293.049,293.522
2024-07-11 21:00:00,293.651,293.878
2024-07-11 22:00:00,293.769,294.211
2024-07-11 23:00:00,293.662,294.199
2024-07-12 00:00:00,294.071,293.838
2024-07-12 01:00:00,293.654,293.178
2024-07-12 02:00:00,293.769,293.267
2024-07-12 03:00:00,294.59,294.069
2024-07-12 04:00:00,294.279,294.498
2024-07-12 05:00:00,294.03,296.131
2024-07-12 06:00:00,292.269,295.335
2024-07-12 07:00:00,292.83,294.54
2024-07-12 08:00:00,292.419,295.759
2024-07-12 09:00:00,292.605,292.906
2024-07-12 10:00:00,292.296,293.232
2024-07-12 11:00:00,292.173,292.367
2024-07-12 12:00:00,291.396,292.741
2024-07-12 13:00:00,292.46,292.746
2024-07-12 14:00:00,291.994,291.635
2024-07-12 15:00:00,291.096,292.129
2024-07-12 16:00:00,290.694,292.128
2024-07-12 17:00:00,291.07,292.848
2024-07-12 18:00:00,291.632,292.452
2024-07-12 19:00:00,290.822,292.101
2024-07-12 20:00:00,291.062,292.032
2024-07-12 21:00:00,290.203,291.948
2024-07-12 22:00:00,290.261,291.883
2024-07-12 23:00:00,290.275,291.868
2024-07-13 00:00:00,290.627,291.86
2024-07-13 01:00:00,291.398,291.865
2024-07-13 02:00:00,292.176,291.898
2024-07-13 03:00:00,292.589,292.472
2024-07-13 04:00:00,292.262,292.177
2024-07-13 05:00:00,291.604,292.198
2024-07-13 06:00:00,291.594,292.64
2024-07-13 07:00:00,291.105,291.848
2024-07-13 08:00:00,291.13,291.791
2024-07-13 09:00:00,291.178,291.982
2024-07-13 10:00:00,291.113,290.696
2024-07-13 11:00:00,291.769,289.529
2024-07-13 12:00:00,292.112,288.347
2024-07-13 13:00:00,292.136,289.091
2024-07-13 14:00:00,291.758,288.718
2024-07-13 15:00:00,291.455,287.96
2024-07-13 16:00:00,291.522,289.943
2024-07-13 17:00:00,291.538,290.375
2024-07-13 18:00:00,291.169,289.958
2024-07-13 19:00:00,290.776,290.435
2024-07-13 20:00:00,290.744,290.491
2024-07-13 21:00:00,290.733,290.101
2024-07-13 22:00:00,291.122,290.011
2024-07-13 23:00:00,291.865,289.609
2024-07-14 00:00:00,292.21,290.0
2024-07-14 01:00:00,292.608,289.178
2024-07-14 02:00:00,292.606,288.789
2024-07-14 03:00:00,292.647,288.786
2024-07-14 04:00:00,293.092,289.204
2024-07-14 05:00:00,292.347,290.059
2024-07-14 06:00:00,292.387,290.098
2024-07-14 07:00:00,292.008,290.062
2024-07-14 08:00:00,291.999,290.066
2024-07-14 09:00:00,291.962,290.017
2024-07-14 10:00:00,292.686,287.98
2024-07-14 11:00:00,292.591,287.193
2024-07-14 12:00:00,292.272,287.205
2024-07-14 13:00:00,292.309,287.61
2024-07-14 14:00:00,292.07,287.196
2024-07-14 15:00:00,291.894,287.202
2024-07-14 16:00:00,291.827,288.017
2024-07-14 17:00:00,291.354,289.377
2024-07-14 18:00:00,291.69,288.351
2024-07-14 19:00:00,292.132,287.144
2024-07-14 20:00:00,290.721,286.314
2024-07-14 21:00:00,288.996,284.722
2024-07-14 22:00:00,286.434,285.498
2024-07-14 23:00:00,287.173,284.856
2024-07-15 00:00:00,286.505,284.822
2024-07-15 01:00:00,286.176,284.839
2024-07-15 02:00:00,286.574,284.867
2024-07-15 03:00:00,286.54,285.078
2024-07-15 04:00:00,287.537,285.125
2024-07-15 05:00:00,287.246,284.794
2024-07-15 06:00:00,287.485,284.482
2024-07-15 07:00:00,287.019,284.447
2024-07-15 08:00:00,286.978,286.373
2024-07-15 09:00:00,285.574,284.114
2024-07-15 10:00:00,285.675,283.307
2024-07-15 11:00:00,285.662,282.524
2024-07-15 12:00:00,286.675,283.15
2024-07-15 13:00:00,286.056,284.543
2024-07-15 14:00:00,284.953,284.956
2024-07-15 15:00:00,284.986,284.127
2024-07-15 16:00:00,286.093,283.54
2024-07-15 17:00:00,286.012,282.664
2024-07-15 18:00:00,286.772,280.316
2024-07-15 19:00:00,286.659,280.69
2024-07-15 20:00:00,285.872,281.046
2024-07-15 21:00:00,284.152,281.124
2024-07-15 22:00:00,284.448,283.188
2024-07-15 23:00:00,286.979,283.592
2024-07-16 00:00:00,286.249,282.951
2024-07-16 01:00:00,284.741,280.861
2024-07-16 02:00:00,286.064,281.26
2024-07-16 03:00:00,285.378,279.229
2024-07-16 04:00:00,286.877,279.262
2024-07-16 05:00:00,287.195,279.618
2024-07-16 06:00:00,287.064,280.436
2024-07-16 07:00:00,284.772,280.02
2024-07-16 08:00:00,284.364,280.413
2024-07-16 09:00:00,285.113,280.848
2024-07-16 10:00:00,285.914,280.945
2024-07-16 11:00:00,286.706,282.622
2024-07-16 12:00:00,286.109,282.987
2024-07-16 13:00:00,286.024,282.128
2024-07-16 14:00:00,284.138,281.662
2024-07-16 15:00:00,284.087,281.301
2024-07-16 16:00:00,284.412,280.879
2024-07-16 17:00:00,285.028,280.46
2024-07-16 18:00:00,286.457,279.311
2024-07-16 19:00:00,286.478,278.528
2024-07-16 20:00:00,285.313,280.527
2024-07-16 21:00:00,286.873,281.762
2024-07-16 22:00:00,287.627,279.814
2024-07-16 23:00:00,285.935,281.584
2024-07-17 00:00:00,284.926,279.492
2024-07-17 01:00:00,287.632,280.387
2024-07-17 02:00:00,285.434,281.558
2024-07-17 03:00:00,286.602,281.487
2024-07-17 04:00:00,286.014,279.352
2024-07-17 05:00:00,285.598,278.945
2024-07-17 06:00:00,288.083,279.408
2024-07-17 07:00:00,286.626,281.042
2024-07-17 08:00:00,285.873,280.281
2024-07-17 09:00:00,287.259,280.731
2024-07-17 10:00:00,288.064,280.728
2024-07-17 11:00:00,290.349,280.687
2024-07-17 12:00:00,287.996,280.666
2024-07-17 13:00:00,287.517,280.207
2024-07-17 14:00:00,285.212,278.551
2024-07-17 15:00:00,284.126,278.53
2024-07-17 16:00:00,283.778,278.943
2024-07-17 17:00:00,285.293,277.778
2024-07-17 18:00:00,285.65,277.469
2024-07-17 19:00:00,284.847,279.569
2024-07-17 20:00:00,286.035,279.701
2024-07-17 21:00:00,285.592,280.77
2024-07-17 22:00:00,281.201,278.154
2024-07-17 23:00:00,278.239,277.409
2024-07-18 00:00:00,276.739,276.351
2024-07-18 01:00:00,276.739,277.068
2024-07-18 02:00:00,283.592,278.156
2024-07-18 03:00:00,286.825,279.913
2024-07-18 04:00:00,286.822,278.864
2024-07-18 05:00:00,285.42,279.224
2024-07-18 06:00:00,284.952,278.69
2024-07-18 07:00:00,283.879,279.493
2024-07-18 08:00:00,285.012,279.543
2024-07-18 09:00:00,281.417,279.576
2024-07-18 10:00:00,282.198,279.587
2024-07-18 11:00:00,284.31,280.742
2024-07-18 12:00:00,283.494,278.3
2024-07-18 13:00:00,282.632,280.297
2024-07-18 14:00:00,285.5,278.244
2024-07-18 15:00:00,282.853,277.0
2024-07-18 16:00:00,278.493,275.789
2024-07-18 17:00:00,277.5,276.209
2024-07-18 18:00:00,278.01,276.276
2024-07-18 19:00:00,277.639,276.469
2024-07-18 20:00:00,277.595,276.928
2024-07-18 21:00:00,278.567,279.013
2024-07-18 22:00:00,279.149,277.325
2024-07-18 23:00:00,279.223,275.872
2024-07-19 00:00:00,279.227,275.5
2024-07-19 01:00:00,278.52,275.462
2024-07-19 02:00:00,279.284,276.218
2024-07-19 03:00:00,279.306,276.214
2024-07-19 04:00:00,279.286,277.218
2024-07-19 05:00:00,279.67,278.08
2024-07-19 06:00:00,279.918,277.643
2024-07-19 07:00:00,288.685,279.187
2024-07-19 08:00:00,286.963,279.243
2024-07-19 09:00:00,282.368,278.894
2024-07-19 10:00:00,283.526,278.925
2024-07-19 11:00:00,280.543,278.897
2024-07-19 12:00:00,284.989,278.391
2024-07-19 13:00:00,285.821,278.356
2024-07-19 14:00:00,287.513,276.355
2024-07-19 15:00:00,279.097,275.212
2024-07-19 16:00:00,278.785,275.565
2024-07-19 17:00:00,279.567,274.782
2024-07-19 18:00:00,279.996,275.461
2024-07-19 19:00:00,280.742,274.979
2024-07-19 20:00:00,280.305,276.61
2024-07-19 21:00:00,279.564,276.289
2024-07-19 22:00:00,278.66,273.534
2024-07-19 23:00:00,279.044,275.192
2024-07-20 00:00:00,279.042,275.021
2024-07-20 01:00:00,279.497,274.947
2024-07-20 02:00:00,279.871,275.698
2024-07-20 03:00:00,279.868,275.259
2024-07-20 04:00:00,280.26,276.306
2024-07-20 05:00:00,280.014,276.366
2024-07-20 06:00:00,280.036,277.097
2024-07-20 07:00:00,279.852,279.311
2024-07-20 08:00:00,280.858,278.925
2024-07-20 09:00:00,280.753,278.193
2024-07-20 10:00:00,281.612,278.61
2024-07-20 11:00:00,282.48,278.226
2024-07-20 12:00:00,281.871,278.167
2024-07-20 13:00:00,286.221,277.755
2024-07-20 14:00:00,280.517,274.954
2024-07-20 15:00:00,280.016,272.489
2024-07-20 16:00:00,278.797,274.216
2024-07-20 17:00:00,279.633,274.633
2024-07-20 18:00:00,279.813,275.438
2024-07-20 19:00:00,279.174,274.219
2024-07-20 20:00:00,278.768,272.181
2024-07-20 21:00:00,279.168,272.52
2024-07-20 22:00:00,279.799,271.176
2024-07-20 23:00:00,279.234,272.261
2024-07-21 00:00:00,279.884,274.606
2024-07-21 01:00:00,280.008,275.459
2024-07-21 02:00:00,279.194,275.078
2024-07-21 03:00:00,279.377,275.439
2024-07-21 04:00:00,279.777,274.599
2024-07-21 05:00:00,280.428,273.101
2024-07-21 06:00:00,280.482,273.851
2024-07-21 07:00:00,280.198,276.374
2024-07-21 08:00:00,280.601,278.32
2024-07-21 09:00:00,277.931,279.462
2024-07-21 10:00:00,278.364,278.676
2024-07-21 11:00:00,279.14,278.293
2024-07-21 12:00:00,278.788,278.311
2024-07-21 13:00:00,280.221,278.306
2024-07-21 14:00:00,278.895,277.871
2024-07-21 15:00:00,279.28,276.27
2024-07-21 16:00:00,279.164,275.474
2024-07-21 17:00:00,277.856,275.063
2024-07-21 18:00:00,277.47,275.498
2024-07-21 19:00:00,277.733,274.676
2024-07-21 20:00:00,279.822,275.07
2024-07-21 21:00:00,279.445,272.219
2024-07-21 22:00:00,280.604,271.426
2024-07-21 23:00:00,277.179,271.826
2024-07-22 00:00:00,279.976,273.719
2024-07-22 01:00:00,281.242,274.867
2024-07-22 02:00:00,280.016,275.69
2024-07-22 03:00:00,280.031,275.713
2024-07-22 04:00:00,277.357,275.274
2024-07-22 05:00:00,277.725,274.494
2024-07-22 06:00:00,280.456,273.457
2024-07-22 07:00:00,281.656,274.031
2024-07-22 08:00:00,277.81,276.504
2024-07-22 09:00:00,277.679,277.661
2024-07-22 10:00:00,277.605,278.432
2024-07-22 11:00:00,277.213,278.43
2024-07-22 12:00:00,277.982,278.037
2024-07-22 13:00:00,275.416,278.028
2024-07-22 14:00:00,275.409,278.018
2024-07-22 15:00:00,274.98,277.2
2024-07-22 16:00:00,275.754,275.992
2024-07-22 17:00:00,274.444,273.548
2024-07-22 18:00:00,274.63,270.183
2024-07-22 19:00:00,276.786,269.171
2024-07-22 20:00:00,275.929,269.053
2024-07-22 21:00:00,278.901,270.009
2024-07-22 22:00:00,279.799,269.836
2024-07-22 23:00:00,279.149,271.146
2024-07-23 00:00:00,277.365,271.971
2024-07-23 01:00:00,280.944,273.18
2024-07-23 02:00:00,280.964,273.577
2024-07-23 03:00:00,281.306,273.172
2024-07-23 04:00:00,281.455,273.156
2024-07-23 05:00:00,281.16,273.092
2024-07-23 06:00:00,281.003,272.294
2024-07-23 07:00:00,280.742,271.928
2024-07-23 08:00:00,279.464,272.101
2024-07-23 09:00:00,278.281,273.446
2024-07-23 10:00:00,277.184,275.81
2024-07-23 11:00:00,274.64,276.207
2024-07-23 12:00:00,275.91,276.574
2024-07-23 13:00:00,276.072,276.185
2024-07-23 14:00:00,275.704,276.17
2024-07-23 15:00:00,275.053,274.529
2024-07-23 16:00:00,278.212,271.146
2024-07-23 17:00:00,277.558,267.607
2024-07-23 18:00:00,277.637,270.574
2024-07-23 19:00:00,279.498,272.092
2024-07-23 20:00:00,279.355,272.102
2024-07-23 21:00:00,277.487,272.169
2024-07-23 22:00:00,276.844,272.794
2024-07-23 23:00:00,278.856,270.022
2024-07-24 00:00:00,281.894,270.8
2024-07-24 01:00:00,278.126,270.153
2024-07-24 02:00:00,276.988,270.22
2024-07-24 03:00:00,279.038,269.901
2024-07-24 04:00:00,279.133,269.559
2024-07-24 05:00:00,279.063,269.823
2024-07-24 06:00:00,278.765,269.668
2024-07-24 07:00:00,279.348,269.103
2024-07-24 08:00:00,279.113,268.59
2024-07-24 09:00:00,279.191,268.11
2024-07-24 10:00:00,281.602,267.758
2024-07-24 11:00:00,279.015,268.671
2024-07-24 12:00:00,280.099,268.712
2024-07-24 13:00:00,279.119,268.769
2024-07-24 14:00:00,281.222,268.76
2024-07-24 15:00:00,279.931,268.609
2024-07-24 16:00:00,279.205,267.942
2024-07-24 17:00:00,279.003,268.256
2024-07-24 18:00:00,278.048,269.693
2024-07-24 19:00:00,278.659,270.773
2024-07-24 20:00:00,279.259,270.746
2024-07-24 21:00:00,279.488,270.006
2024-07-24 22:00:00,280.015,268.969
2024-07-24 23:00:00,281.725,268.082
2024-07-25 00:00:00,281.564,267.543
2024-07-25 01:00:00,281.282,267.814
2024-07-25 02:00:00,281.178,268.041
2024-07-25 03:00:00,281.422,267.649
2024-07-25 04:00:00,280.776,266.514
2024-07-25 05:00:00,281.124,266.107
2024-07-25 06:00:00,282.008,265.962
2024-07-25 07:00:00,282.7,265.853
2024-07-25 08:00:00,274.201,266.465
2024-07-25 09:00:00,280.341,266.611
2024-07-25 10:00:00,280.646,266.908
2024-07-25 11:00:00,281.641,267.108
2024-07-25 12:00:00,282.376,268.623
2024-07-25 13:00:00,281.004,268.205
2024-07-25 14:00:00,280.621,268.678
2024-07-25 15:00:00,281.792,266.313
2024-07-25 16:00:00,281.495,267.058
2024-07-25 17:00:00,281.368,266.042
2024-07-25 18:00:00,279.745,265.487
2024-07-25 19:00:00,271.547,265.742
2024-07-25 20:00:00,276.312,265.709
2024-07-25 21:00:00,273.403,266.15
2024-07-25 22:00:00,272.83,266.603
2024-07-25 23:00:00,281.141,266.554
2024-07-26 00:00:00,282.699,267.665
2024-07-26 01:00:00,282.526,266.116
2024-07-26 02:00:00,280.972,265.528
2024-07-26 03:00:00,281.834,264.792
2024-07-26 04:00:00,276.644,264.782
2024-07-26 05:00:00,277.91,263.843
2024-07-26 06:00:00,275.919,263.51
2024-07-26 07:00:00,275.789,262.662
2024-07-26 08:00:00,275.972,262.663
2024-07-26 09:00:00,276.774,262.854
2024-07-26 10:00:00,274.229,262.277
2024-07-26 11:00:00,273.851,264.092
2024-07-26 12:00:00,272.91,265.631
2024-07-26 13:00:00,272.649,266.404
2024-07-26 14:00:00,271.518,266.111
2024-07-26 15:00:00,272.016,264.707
2024-07-26 16:00:00,272.751,264.205
2024-07-26 17:00:00,273.694,262.88
2024-07-26 18:00:00,274.55,261.766
2024-07-26 19:00:00,274.297,261.836
2024-07-26 20:00:00,273.349,261.515
2024-07-26 21:00:00,273.203,261.866
2024-07-26 22:00:00,273.299,261.988
2024-07-26 23:00:00,273.783,262.304
2024-07-27 00:00:00,273.405,262.633
2024-07-27 01:00:00,274.184,262.652
2024-07-27 02:00:00,275.244,262.684
2024-07-27 03:00:00,273.043,263.081
2024-07-27 04:00:00,272.445,262.771
2024-07-27 05:00:00,273.711,262.373
2024-07-27 06:00:00,275.717,262.057
2024-07-27 07:00:00,276.755,261.189
2024-07-27 08:00:00,276.383,261.574
2024-07-27 09:00:00,275.066,262.472
2024-07-27 10:00:00,274.226,263.471
2024-07-27 11:00:00,274.688,264.143
2024-07-27 12:00:00,274.684,264.869
2024-07-27 13:00:00,274.958,264.837
2024-07-27 14:00:00,274.541,264.839
2024-07-27 15:00:00,274.626,264.861
2024-07-27 16:00:00,274.021,264.151
2024-07-27 17:00:00,272.388,264.207
2024-07-27 18:00:00,274.485,262.809
2024-07-27 19:00:00,274.586,261.464
2024-07-27 20:00:00,275.367,259.787
2024-07-27 21:00:00,275.437,259.574
2024-07-27 22:00:00,275.067,259.908
2024-07-27 23:00:00,275.806,260.245
2024-07-28 00:00:00,275.477,259.722
2024-07-28 01:00:00,275.018,262.033
2024-07-28 02:00:00,274.727,263.095
2024-07-28 03:00:00,274.721,263.124
2024-07-28 04:00:00,275.055,263.089
2024-07-28 05:00:00,274.234,263.096
2024-07-28 06:00:00,274.101,262.778
2024-07-28 07:00:00,274.416,262.454
2024-07-28 08:00:00,273.847,261.105
2024-07-28 09:00:00,274.63,260.299
2024-07-28 10:00:00,274.542,258.925
2024-07-28 11:00:00,273.986,259.059
2024-07-28 12:00:00,273.092,259.416
2024-07-28 13:00:00,272.609,261.197
2024-07-28 14:00:00,273.682,260.621
2024-07-28 15:00:00,272.874,260.21
2024-07-28 16:00:00,272.569,260.295
2024-07-28 17:00:00,272.624,260.312
2024-07-28 18:00:00,273.795,260.343
2024-07-28 19:00:00,273.841,260.127
2024-07-28 20:00:00,272.923,259.077
2024-07-28 21:00:00,272.253,259.22
2024-07-28 22:00:00,271.955,259.186
2024-07-28 23:00:00,272.29,258.78
2024-07-29 00:00:00,271.914,258.719
2024-07-29 01:00:00,272.475,259.047
2024-07-29 02:00:00,272.411,259.305
2024-07-29 03:00:00,272.719,259.655
2024-07-29 04:00:00,272.964,259.932
2024-07-29 05:00:00,272.54,259.898
2024-07-29 06:00:00,272.296,259.94
2024-07-29 07:00:00,271.408,259.639
2024-07-29 08:00:00,270.919,259.322
2024-07-29 09:00:00,270.913,258.639
2024-07-29 10:00:00,270.595,261.364
2024-07-29 11:00:00,270.364,258.984
2024-07-29 12:00:00,270.063,262.485
2024-07-29 13:00:00,270.516,263.561
2024-07-29 14:00:00,270.248,264.002
2024-07-29 15:00:00,268.372,264.071
2024-07-29 16:00:00,268.007,259.72
2024-07-29 17:00:00,266.871,259.323
2024-07-29 18:00:00,264.429,261.433
2024-07-29 19:00:00,263.165,263.54
2024-07-29 20:00:00,263.615,267.882
2024-07-29 21:00:00,264.907,267.505
2024-07-29 22:00:00,266.605,267.067
2024-07-29 23:00:00,267.376,266.666
2024-07-30 00:00:00,267.686,266.679
2024-07-30 01:00:00,267.479,261.665
2024-07-30 02:00:00,266.473,261.132
2024-07-30 03:00:00,266.732,262.168
2024-07-30 04:00:00,267.598,263.217
2024-07-30 05:00:00,268.058,263.168
2024-07-30 06:00:00,268.108,263.523
2024-07-30 07:00:00,268.4,263.45
2024-07-30 08:00:00,267.997,263.378
2024-07-30 09:00:00,268.064,263.361
2024-07-30 10:00:00,268.077,262.949
2024-07-30 11:00:00,268.426,262.921
2024-07-30 12:00:00,268.736,262.916
2024-07-30 13:00:00,268.938,262.519
2024-07-30 14:00:00,268.286,262.532
2024-07-30 15:00:00,268.567,262.533
2024-07-30 16:00:00,268.636,262.231
2024-07-30 17:00:00,269.323,262.271
2024-07-30 18:00:00,269.448,261.571
2024-07-30 19:00:00,269.538,261.35
2024-07-30 20:00:00,269.984,260.323
2024-07-30 21:00:00,270.043,259.651
2024-07-30 22:00:00,270.481,260.478
2024-07-30 23:00:00,271.118,260.455
2024-07-31 00:00:00,272.108,259.976
2024-07-31 01:00:00,272.914,260.229
2024-07-31 02:00:00,273.202,260.545
2024-07-31 03:00:00,272.965,261.238
2024-07-31 04:00:00,272.367,261.609
2024-07-31 05:00:00,272.67,261.196
2024-07-31 06:00:00,271.884,260.741
2024-07-31 07:00:00,273.063,260.749
2024-07-31 08:00:00,272.824,260.805
2024-07-31 09:00:00,274.826,260.387
2024-07-31 10:00:00,272.231,259.572
2024-07-31 11:00:00,271.79,258.375
2024-07-31 12:00:00,271.087,258.745
2024-07-31 13:00:00,271.846,259.124
2024-07-31 14:00:00,272.262,259.514
2024-07-31 15:00:00,272.692,259.51
2024-07-31 16:00:00,273.074,259.131
2024-07-31 17:00:00,273.095,259.158
2024-07-31 18:00:00,273.133,259.199
2024-07-31 19:00:00,272.81,259.665
2024-07-31 20:00:00,272.501,260.161
2024-07-31 21:00:00,272.851,259.873
2024-07-31 22:00:00,272.786,259.586
2024-07-31 23:00:00,273.24,259.638
2024-08-01 00:00:00,275.071,259.626
2024-08-01 01:00:00,275.616,259.54
2024-08-01 02:00:00,275.711,259.462
2024-08-01 03:00:00,276.552,259.39
2024-08-01 04:00:00,277.218,258.985
2024-08-01 05:00:00,277.002,258.568
2024-08-01 06:00:00,276.247,258.609
2024-08-01 07:00:00,276.339,258.293
2024-08-01 08:00:00,275.977,258.335
2024-08-01 09:00:00,274.558,257.965
2024-08-01 10:00:00,274.542,257.591
2024-08-01 11:00:00,274.561,257.147
2024-08-01 12:00:00,275.566,256.689
2024-08-01 13:00:00,274.495,256.234
2024-08-01 14:00:00,275.235,256.181
2024-08-01 15:00:00,276.535,256.542
2024-08-01 16:00:00,276.02,256.928
2024-08-01 17:00:00,275.959,256.932
2024-08-01 18:00:00,275.594,256.951
2024-08-01 19:00:00,276.032,257.4
2024-08-01 20:00:00,276.957,257.484
2024-08-01 21:00:00,276.823,257.953
2024-08-01 22:00:00,276.121,258.065
2024-08-01 23:00:00,276.848,258.15
2024-08-02 00:00:00,276.353,257.8
2024-08-02 01:00:00,276.465,257.791
2024-08-02 02:00:00,276.497,257.73
2024-08-02 03:00:00,276.546,257.647
2024-08-02 04:00:00,276.518,257.585
2024-08-02 05:00:00,276.443,257.155
2024-08-02 06:00:00,276.258,256.785
2024-08-02 07:00:00,277.757,256.85
2024-08-02 08:00:00,277.031,256.501
2024-08-02 09:00:00,277.525,256.58
2024-08-02 10:00:00,277.478,255.802
2024-08-02 11:00:00,277.116,255.83
2024-08-02 12:00:00,277.125,255.371
2024-08-02 13:00:00,275.884,254.894
2024-08-02 14:00:00,277.331,254.789
2024-08-02 15:00:00,276.525,254.343
2024-08-02 16:00:00,274.778,255.101
2024-08-02 17:00:00,274.997,255.092
2024-08-02 18:00:00,272.926,255.489
2024-08-02 19:00:00,274.15,255.527
2024-08-02 20:00:00,276.088,255.59
2024-08-02 21:00:00,276.275,255.673
2024-08-02 22:00:00,276.661,255.768
2024-08-02 23:00:00,276.351,255.853
2024-08-03 00:00:00,276.033,255.549
2024-08-03 01:00:00,276.841,255.559
2024-08-03 02:00:00,277.8,255.148
2024-08-03 03:00:00,277.581,255.095
2024-08-03 04:00:00,277.519,255.41
2024-08-03 05:00:00,275.942,255.366
2024-08-03 06:00:00,278.7,254.95
2024-08-03 07:00:00,277.648,254.952
2024-08-03 08:00:00,277.082,254.978
2024-08-03 09:00:00,277.772,255.053
2024-08-03 10:00:00,278.873,254.68
2024-08-03 11:00:00,279.148,254.32
2024-08-03 12:00:00,277.375,253.919
2024-08-03 13:00:00,276.784,253.904
2024-08-03 14:00:00,277.01,253.434
2024-08-03 15:00:00,276.569,253.334
2024-08-03 16:00:00,277.201,252.87
2024-08-03 17:00:00,277.499,253.243
2024-08-03 18:00:00,276.623,253.628
2024-08-03 19:00:00,275.881,254.04
2024-08-03 20:00:00,276.288,254.088
2024-08-03 21:00:00,276.712,254.175
2024-08-03 22:00:00,277.532,254.274
2024-08-03 23:00:00,278.354,254.344
2024-08-04 00:00:00,278.206,254.008
2024-08-04 01:00:00,278.381,253.656
2024-08-04 02:00:00,278.926,253.666
2024-08-04 03:00:00,279.548,253.65
2024-08-04 04:00:00,279.303,253.599
2024-08-04 05:00:00,279.637,253.916
2024-08-04 06:00:00,279.65,253.894
2024-08-04 07:00:00,279.576,254.3
2024-08-04 08:00:00,278.656,254.301
2024-08-04 09:00:00,278.058,253.533
2024-08-04 10:00:00,277.981,253.607
2024-08-04 11:00:00,278.139,253.231
2024-08-04 12:00:00,278.126,253.245
2024-08-04 13:00:00,277.979,252.834
2024-08-04 14:00:00,277.546,252.763
2024-08-04 15:00:00,277.314,252.258
2024-08-04 16:00:00,277.978,252.603
2024-08-04 17:00:00,277.863,252.2
2024-08-04 18:00:00,276.649,252.208
2024-08-04 19:00:00,276.777,252.248
2024-08-04 20:00:00,277.148,251.897
2024-08-04 21:00:00,277.179,251.575
2024-08-04 22:00:00,277.188,251.658
2024-08-04 23:00:00,277.143,251.352
2024-08-05 00:00:00,277.59,251.435
2024-08-05 01:00:00,277.447,251.918
2024-08-05 02:00:00,277.407,251.972
2024-08-05 03:00:00,279.268,251.594
2024-08-05 04:00:00,280.874,251.583
2024-08-05 05:00:00,280.841,251.138
2024-08-05 06:00:00,280.415,251.064
2024-08-05 07:00:00,277.573,250.631
2024-08-05 08:00:00,277.24,250.974
2024-08-05 09:00:00,277.506,250.94
2024-08-05 10:00:00,277.484,251.322
2024-08-05 11:00:00,279.051,251.716
2024-08-05 12:00:00,279.049,251.725
2024-08-05 13:00:00,279.546,251.712
2024-08-05 14:00:00,279.156,251.306
2024-08-05 15:00:00,276.634,250.494
2024-08-05 16:00:00,277.064,250.1
2024-08-05 17:00:00,276.759,249.718
2024-08-05 18:00:00,276.456,249.348
2024-08-05 19:00:00,278.078,249.371
2024-08-05 20:00:00,278.516,249.398
2024-08-05 21:00:00,278.146,249.431
2024-08-05 22:00:00,278.149,249.868
2024-08-05 23:00:00,278.512,249.952
2024-08-06 00:00:00,278.878,250.422
2024-08-06 01:00:00,278.954,250.911
2024-08-06 02:00:00,280.325,250.958
2024-08-06 03:00:00,280.19,250.983
2024-08-06 04:00:00,280.649,250.975
2024-08-06 05:00:00,280.845,250.551
2024-08-06 06:00:00,280.501,250.095
2024-08-06 07:00:00,280.841,249.627
2024-08-06 08:00:00,281.255,249.557
2024-08-06 09:00:00,280.453,249.51
2024-08-06 10:00:00,278.811,249.485
2024-08-06 11:00:00,277.794,249.483
2024-08-06 12:00:00,277.317,249.493
2024-08-06 13:00:00,278.849,249.502
2024-08-06 14:00:00,278.017,249.111
2024-08-06 15:00:00,276.861,249.101
2024-08-06 16:00:00,276.457,249.131
2024-08-06 17:00:00,278.182,249.553
2024-08-06 18:00:00,277.608,249.968
2024-08-06 19:00:00,278.518,250.39
2024-08-06 20:00:00,278.222,250.4
2024-08-06 21:00:00,277.846,250.427
2024-08-06 22:00:00,278.261,249.678
2024-08-06 23:00:00,278.282,249.742
2024-08-07 00:00:00,278.337,249.833
2024-08-07 01:00:00,278.768,250.696
2024-08-07 02:00:00,279.18,251.902
2024-08-07 03:00:00,278.838,252.34
2024-08-07 04:00:00,279.234,253.118
2024-08-07 05:00:00,279.251,252.317
2024-08-07 06:00:00,279.28,251.496
2024-08-07 07:00:00,278.893,250.286
2024-08-07 08:00:00,278.485,249.448
2024-08-07 09:00:00,278.452,249.368
2024-08-07 10:00:00,278.423,249.298
2024-08-07 11:00:00,278.402,248.851
2024-08-07 12:00:00,278.361,248.833
2024-08-07 13:00:00,278.334,248.454
2024-08-07 14:00:00,278.318,248.871
2024-08-07 15:00:00,278.332,248.9
2024-08-07 16:00:00,278.362,248.934
2024-08-07 17:00:00,278.412,248.944
2024-08-07 18:00:00,278.409,249.361
2024-08-07 19:00:00,278.114,249.76
2024-08-07 20:00:00,278.522,250.544
2024-08-07 21:00:00,278.469,250.543
2024-08-07 22:00:00,278.0,250.555
2024-08-07 23:00:00,278.406,250.192
2024-08-08 00:00:00,278.391,249.855
2024-08-08 01:00:00,279.263,250.302
2024-08-08 02:00:00,278.918,251.136
2024-08-08 03:00:00,278.88,251.963
2024-08-08 04:00:00,278.792,252.758
2024-08-08 05:00:00,278.751,252.347
2024-08-08 06:00:00,279.457,251.929
2024-08-08 07:00:00,278.65,251.106
2024-08-08 08:00:00,278.656,250.678
2024-08-08 09:00:00,278.327,250.248
2024-08-08 10:00:00,278.391,250.208
2024-08-08 11:00:00,278.437,249.382
2024-08-08 12:00:00,278.475,249.719
2024-08-08 13:00:00,278.432,248.929
2024-08-08 14:00:00,278.278,248.944
2024-08-08 15:00:00,277.77,248.994
2024-08-08 16:00:00,278.125,249.044
2024-08-08 17:00:00,278.333,249.461
2024-08-08 18:00:00,277.62,249.881
2024-08-08 19:00:00,277.581,249.891
2024-08-08 20:00:00,277.57,250.267
2024-08-08 21:00:00,277.94,251.414
2024-08-08 22:00:00,277.931,251.406
2024-08-08 23:00:00,277.591,251.43
2024-08-09 00:00:00,278.0,250.299
2024-08-09 01:00:00,277.989,250.719
2024-08-09 02:00:00,277.637,251.143
2024-08-09 03:00:00,277.649,251.962
2024-08-09 04:00:00,278.034,252.38
2024-08-09 05:00:00,277.965,252.395
2024-08-09 06:00:00,277.85,252.769
2024-08-09 07:00:00,277.421,252.746
2024-08-09 08:00:00,277.471,251.157
2024-08-09 09:00:00,277.484,250.329
2024-08-09 10:00:00,277.14,250.299
2024-08-09 11:00:00,277.559,249.477
2024-08-09 12:00:00,277.53,249.408
2024-08-09 13:00:00,278.498,248.941
2024-08-09 14:00:00,278.357,248.922
2024-08-09 15:00:00,277.947,249.001
2024-08-09 16:00:00,277.948,249.063
2024-08-09 17:00:00,278.007,249.934
2024-08-09 18:00:00,277.367,251.163
2024-08-09 19:00:00,277.319,251.574
2024-08-09 20:00:00,277.273,251.54
2024-08-09 21:00:00,277.305,251.883
2024-08-09 22:00:00,277.269,251.858
2024-08-09 23:00:00,277.254,251.449
2024-08-10 00:00:00,277.265,251.46
2024-08-10 01:00:00,277.656,251.166
2024-08-10 02:00:00,277.615,250.769
2024-08-10 03:00:00,277.14,251.158
2024-08-10 04:00:00,277.114,251.566
2024-08-10 05:00:00,276.275,251.995
2024-08-10 06:00:00,275.774,252.428
2024-08-10 07:00:00,276.504,253.231
2024-08-10 08:00:00,276.102,253.255
2024-08-10 09:00:00,275.937,251.515
2024-08-10 10:00:00,274.917,251.897
2024-08-10 11:00:00,274.926,251.09
2024-08-10 12:00:00,274.182,251.103
2024-08-10 13:00:00,273.774,251.123
2024-08-10 14:00:00,273.364,251.6
2024-08-10 15:00:00,272.522,252.447
2024-08-10 16:00:00,272.515,252.877
2024-08-10 17:00:00,272.481,253.742
2024-08-10 18:00:00,272.92,252.913
2024-08-10 19:00:00,271.857,251.598
2024-08-10 20:00:00,272.78,252.022
2024-08-10 21:00:00,273.578,252.463
2024-08-10 22:00:00,273.888,252.468
2024-08-10 23:00:00,273.784,252.484
2024-08-11 00:00:00,274.912,252.485
2024-08-11 01:00:00,274.64,252.468
2024-08-11 02:00:00,275.344,252.463
2024-08-11 03:00:00,275.313,252.439
2024-08-11 04:00:00,274.903,252.835
2024-08-11 05:00:00,273.373,252.849
2024-08-11 06:00:00,272.751,252.936
2024-08-11 07:00:00,273.331,252.181
2024-08-11 08:00:00,273.022,251.348
2024-08-11 09:00:00,272.249,249.714
2024-08-11 10:00:00,271.869,247.972
2024-08-11 11:00:00,272.63,247.105
2024-08-11 12:00:00,272.614,246.687
2024-08-11 13:00:00,272.611,247.115
2024-08-11 14:00:00,271.856,248.871
2024-08-11 15:00:00,270.629,250.493
2024-08-11 16:00:00,270.199,250.732
2024-08-11 17:00:00,269.794,251.152
2024-08-11 18:00:00,269.381,250.797
2024-08-11 19:00:00,270.219,251.556
2024-08-11 20:00:00,269.794,251.513
2024-08-11 21:00:00,270.185,249.776
2024-08-11 22:00:00,273.63,248.537
2024-08-11 23:00:00,273.574,248.062
2024-08-12 00:00:00,272.156,250.147
2024-08-12 01:00:00,272.162,249.781
2024-08-12 02:00:00,272.56,249.492
2024-08-12 03:00:00,271.656,250.339
2024-08-12 04:00:00,271.167,249.93
2024-08-12 05:00:00,271.431,250.323
2024-08-12 06:00:00,272.067,250.337
2024-08-12 07:00:00,273.383,250.349
2024-08-12 08:00:00,273.726,251.068
2024-08-12 09:00:00,271.393,251.084
2024-08-12 10:00:00,270.272,249.348
2024-08-12 11:00:00,270.753,245.897
2024-08-12 12:00:00,270.77,245.072
2024-08-12 13:00:00,270.366,245.073
2024-08-12 14:00:00,270.755,244.683
2024-08-12 15:00:00,272.634,244.678
2024-08-12 16:00:00,271.862,244.324
2024-08-12 17:00:00,272.277,247.931
2024-08-12 18:00:00,272.533,249.023
2024-08-12 19:00:00,274.708,248.19
2024-08-12 20:00:00,276.115,248.64
2024-08-12 21:00:00,275.72,248.65
2024-08-12 22:00:00,275.649,247.37
2024-08-12 23:00:00,275.977,248.139
2024-08-13 00:00:00,276.726,248.46
2024-08-13 01:00:00,277.1,248.192
2024-08-13 02:00:00,277.899,242.756
2024-08-13 03:00:00,277.245,241.929
2024-08-13 04:00:00,276.625,241.517
2024-08-13 05:00:00,276.066,243.517
2024-08-13 06:00:00,276.091,241.512
2024-08-13 07:00:00,276.068,241.086
2024-08-13 08:00:00,276.045,241.119
2024-08-13 09:00:00,276.002,240.37
2024-08-13 10:00:00,275.962,240.72
2024-08-13 11:00:00,276.281,239.537
2024-08-13 12:00:00,276.608,239.151
2024-08-13 13:00:00,276.923,239.154
2024-08-13 14:00:00,277.707,239.157
2024-08-13 15:00:00,276.621,239.159
2024-08-13 16:00:00,276.248,239.96
2024-08-13 17:00:00,276.984,241.129
2024-08-13 18:00:00,278.169,249.054
2024-08-13 19:00:00,277.005,249.507
2024-08-13 20:00:00,279.056,248.322
2024-08-13 21:00:00,279.177,247.147
2024-08-13 22:00:00,279.642,245.972
2024-08-13 23:00:00,279.703,245.576
2024-08-14 00:00:00,279.683,245.968
2024-08-14 01:00:00,279.24,245.122
2024-08-14 02:00:00,279.565,239.998
2024-08-14 03:00:00,278.327,239.233
2024-08-14 04:00:00,277.808,241.61
2024-08-14 05:00:00,279.611,245.184
2024-08-14 06:00:00,280.828,244.788
2024-08-14 07:00:00,281.282,244.402
2024-08-14 08:00:00,280.902,245.193
2024-08-14 09:00:00,280.891,240.466
2024-08-14 10:00:00,279.624,238.874
2024-08-14 11:00:00,276.699,236.902
2024-08-14 12:00:00,277.051,236.506
2024-08-14 13:00:00,278.309,236.12
2024-08-14 14:00:00,279.072,236.123
2024-08-14 15:00:00,279.095,236.515
2024-08-14 16:00:00,279.064,237.315
2024-08-14 17:00:00,278.706,237.726
2024-08-14 18:00:00,278.817,240.084
2024-08-14 19:00:00,279.151,243.239
2024-08-14 20:00:00,280.512,248.793
2024-08-14 21:00:00,280.544,244.473
2024-08-14 22:00:00,280.175,242.908
2024-08-14 23:00:00,280.544,242.901
2024-08-15 00:00:00,280.539,243.683
2024-08-15 01:00:00,280.52,243.276
2024-08-15 02:00:00,280.511,242.88
2024-08-15 03:00:00,280.043,241.306
2024-08-15 04:00:00,279.564,240.94
2024-08-15 05:00:00,279.939,242.929
2024-08-15 06:00:00,279.466,243.72
2024-08-15 07:00:00,279.025,244.512
2024-08-15 08:00:00,278.23,244.115
2024-08-15 09:00:00,277.826,243.729
2024-08-15 10:00:00,277.402,243.342
2024-08-15 11:00:00,276.525,242.547
2024-08-15 12:00:00,278.266,240.165
2024-08-15 13:00:00,278.399,237.803
2024-08-15 14:00:00,277.124,236.239
2024-08-15 15:00:00,275.056,236.631
2024-08-15 16:00:00,274.219,238.2
2024-08-15 17:00:00,273.405,239.001
2024-08-15 18:00:00,273.363,240.581
2024-08-15 19:00:00,273.357,242.59
2024-08-15 20:00:00,274.921,243.381
2024-08-15 21:00:00,274.386,242.595
2024-08-15 22:00:00,269.534,242.579
2024-08-15 23:00:00,269.68,242.971
2024-08-16 00:00:00,270.041,242.185
2024-08-16 01:00:00,271.038,242.178
2024-08-16 02:00:00,273.07,242.181
2024-08-16 03:00:00,272.643,241.045
2024-08-16 04:00:00,271.796,240.649
2024-08-16 05:00:00,272.027,240.652
2024-08-16 06:00:00,270.818,242.621
2024-08-16 07:00:00,268.302,247.449
2024-08-16 08:00:00,266.664,251.431
2024-08-16 09:00:00,264.268,258.006
2024-08-16 10:00:00,263.813,254.742
2024-08-16 11:00:00,264.959,255.639
2024-08-16 12:00:00,264.494,240.322
2024-08-16 13:00:00,264.917,250.049
2024-08-16 14:00:00,265.295,246.851
2024-08-16 15:00:00,264.918,248.282
2024-08-16 16:00:00,264.547,248.346
2024-08-16 17:00:00,264.179,242.742
2024-08-16 18:00:00,263.777,243.135
2024-08-16 19:00:00,263.063,243.498
2024-08-16 20:00:00,267.732,243.89
2024-08-16 21:00:00,270.393,245.082
2024-08-16 22:00:00,270.391,248.754
2024-08-16 23:00:00,269.204,246.307
2024-08-17 00:00:00,269.854,245.91
2024-08-17 01:00:00,270.999,245.913
2024-08-17 02:00:00,268.837,247.505
2024-08-17 03:00:00,270.449,247.098
2024-08-17 04:00:00,270.463,243.144
2024-08-17 05:00:00,272.102,243.177
2024-08-17 06:00:00,271.839,243.599
2024-08-17 07:00:00,272.205,242.812
2024-08-17 08:00:00,270.259,243.225
2024-08-17 09:00:00,270.243,241.619
2024-08-17 10:00:00,269.826,240.833
2024-08-17 11:00:00,269.794,240.836
2024-08-17 12:00:00,269.008,244.806
2024-08-17 13:00:00,267.825,242.031
2024-08-17 14:00:00,268.076,252.906
2024-08-17 15:00:00,267.612,255.323
2024-08-17 16:00:00,267.624,257.627
2024-08-17 17:00:00,267.645,250.831
2024-08-17 18:00:00,267.653,241.665
2024-08-17 19:00:00,267.673,240.089
2024-08-17 20:00:00,267.312,242.061
2024-08-17 21:00:00,267.321,244.442
2024-08-17 22:00:00,268.103,247.244
2024-08-17 23:00:00,268.51,247.237
2024-08-18 00:00:00,269.669,247.26
2024-08-18 01:00:00,270.423,248.053
2024-08-18 02:00:00,271.212,248.466
2024-08-18 03:00:00,271.183,251.661
2024-08-18 04:00:00,271.188,250.063
2024-08-18 05:00:00,268.717,250.086
2024-08-18 06:00:00,270.078,248.478
2024-08-18 07:00:00,269.242,247.321
2024-08-18 08:00:00,268.013,248.504
2024-08-18 09:00:00,269.206,248.127
2024-08-18 10:00:00,268.045,250.522
2024-08-18 11:00:00,268.416,245.382
2024-08-18 12:00:00,266.013,246.946
2024-08-18 13:00:00,266.827,257.774
2024-08-18 14:00:00,267.178,250.995
2024-08-18 15:00:00,265.341,252.529
2024-08-18 16:00:00,263.666,256.186
2024-08-18 17:00:00,262.441,262.158
2024-08-18 18:00:00,260.846,261.357
2024-08-18 19:00:00,260.845,262.547
2024-08-18 20:00:00,261.25,262.563
2024-08-18 21:00:00,258.928,260.237
2024-08-18 22:00:00,261.717,262.245
2024-08-18 23:00:00,263.068,261.967
2024-08-19 00:00:00,266.252,263.223
2024-08-19 01:00:00,266.217,265.177
2024-08-19 02:00:00,265.86,265.121
2024-08-19 03:00:00,265.075,265.883
2024-08-19 04:00:00,264.897,266.616
2024-08-19 05:00:00,262.516,264.981
2024-08-19 06:00:00,262.14,263.854
2024-08-19 07:00:00,261.852,263.098
2024-08-19 08:00:00,263.169,263.592
2024-08-19 09:00:00,263.588,265.302
2024-08-19 10:00:00,263.589,265.694
2024-08-19 11:00:00,267.204,265.696
2024-08-19 12:00:00,267.637,264.848
2024-08-19 13:00:00,267.976,263.198
2024-08-19 14:00:00,266.638,262.723
2024-08-19 15:00:00,263.169,262.239
2024-08-19 16:00:00,263.898,262.208
2024-08-19 17:00:00,264.261,262.19
2024-08-19 18:00:00,265.025,262.58
2024-08-19 19:00:00,265.805,261.803
2024-08-19 20:00:00,266.222,261.835
2024-08-19 21:00:00,267.44,262.716
2024-08-19 22:00:00,270.438,263.602
2024-08-19 23:00:00,275.351,264.462
2024-08-20 00:00:00,276.639,265.663
2024-08-20 01:00:00,277.889,265.672
2024-08-20 02:00:00,277.337,265.642
2024-08-20 03:00:00,277.589,265.622
2024-08-20 04:00:00,277.854,265.593
2024-08-20 05:00:00,272.587,265.174
2024-08-20 06:00:00,272.947,265.965
2024-08-20 07:00:00,268.762,265.991
2024-08-20 08:00:00,275.674,266.406
2024-08-20 09:00:00,272.409,265.658
2024-08-20 10:00:00,279.196,264.905
2024-08-20 11:00:00,281.446,264.541
2024-08-20 12:00:00,280.672,264.134
2024-08-20 13:00:00,278.58,264.893
2024-08-20 14:00:00,276.548,264.817
2024-08-20 15:00:00,277.311,263.573
2024-08-20 16:00:00,273.1,263.103
2024-08-20 17:00:00,266.138,262.658
2024-08-20 18:00:00,261.702,263.417
2024-08-20 19:00:00,261.69,263.785
2024-08-20 20:00:00,262.495,263.023
2024-08-20 21:00:00,264.133,265.431
2024-08-20 22:00:00,265.018,266.303
2024-08-20 23:00:00,267.16,266.815
2024-08-21 00:00:00,267.171,268.104
2024-08-21 01:00:00,267.484,269.192
2024-08-21 02:00:00,269.391,269.537
2024-08-21 03:00:00,271.008,267.939
2024-08-21 04:00:00,270.268,267.525
2024-08-21 05:00:00,267.91,267.097
2024-08-21 06:00:00,268.61,269.398
2024-08-21 07:00:00,264.962,266.652
2024-08-21 08:00:00,265.039,266.716
2024-08-21 09:00:00,265.492,266.759
2024-08-21 10:00:00,266.801,266.755
2024-08-21 11:00:00,266.473,267.173
2024-08-21 12:00:00,265.368,267.306
2024-08-21 13:00:00,264.612,267.278
2024-08-21 14:00:00,265.062,266.941
2024-08-21 15:00:00,266.777,266.865
2024-08-21 16:00:00,267.783,265.934
2024-08-21 17:00:00,268.419,265.476
2024-08-21 18:00:00,266.695,265.427
2024-08-21 19:00:00,265.703,265.403
2024-08-21 20:00:00,264.487,265.407
2024-08-21 21:00:00,264.52,265.038
2024-08-21 22:00:00,266.617,265.496
2024-08-21 23:00:00,272.422,265.496
2024-08-22 00:00:00,275.059,266.269
2024-08-22 01:00:00,278.258,266.283
2024-08-22 02:00:00,277.187,266.703
2024-08-22 03:00:00,272.228,267.519
2024-08-22 04:00:00,268.63,267.141
2024-08-22 05:00:00,267.853,267.551
2024-08-22 06:00:00,267.112,267.554
2024-08-22 07:00:00,266.659,267.084
2024-08-22 08:00:00,272.995,266.659
2024-08-22 09:00:00,270.746,266.278
2024-08-22 10:00:00,271.417,265.564
2024-08-22 11:00:00,269.885,266.049
2024-08-22 12:00:00,269.118,267.245
2024-08-22 13:00:00,272.017,267.645
2024-08-22 14:00:00,271.632,267.232
2024-08-22 15:00:00,271.95,267.179
2024-08-22 16:00:00,273.096,266.757
2024-08-22 17:00:00,272.183,267.561
2024-08-22 18:00:00,273.192,267.969
2024-08-22 19:00:00,274.011,268.325
2024-08-22 20:00:00,275.273,267.923
2024-08-22 21:00:00,275.3,267.547
2024-08-22 22:00:00,274.99,266.791
2024-08-22 23:00:00,275.103,266.401
2024-08-23 00:00:00,275.536,266.813
2024-08-23 01:00:00,276.348,267.228
2024-08-23 02:00:00,277.486,267.635
2024-08-23 03:00:00,276.653,267.643
2024-08-23 04:00:00,275.092,268.037
2024-08-23 05:00:00,275.877,268.417
2024-08-23 06:00:00,277.086,268.398
2024-08-23 07:00:00,276.047,267.601
2024-08-23 08:00:00,278.842,267.223
2024-08-23 09:00:00,278.144,266.07
2024-08-23 10:00:00,276.711,265.73
2024-08-23 11:00:00,274.729,265.816
2024-08-23 12:00:00,273.522,266.313
2024-08-23 13:00:00,271.545,266.731
2024-08-23 14:00:00,270.822,267.874
2024-08-23 15:00:00,274.831,266.979
2024-08-23 16:00:00,275.667,266.995
2024-08-23 17:00:00,275.627,267.709
2024-08-23 18:00:00,274.94,267.308
2024-08-23 19:00:00,276.873,266.864
2024-08-23 20:00:00,278.358,266.84
2024-08-23 21:00:00,278.883,266.473
2024-08-23 22:00:00,279.248,266.117
2024-08-23 23:00:00,280.984,266.185
2024-08-24 00:00:00,281.081,266.274
2024-08-24 01:00:00,275.934,267.125
2024-08-24 02:00:00,276.794,267.569
2024-08-24 03:00:00,277.645,267.592
2024-08-24 04:00:00,278.495,267.553
2024-08-24 05:00:00,282.462,266.704
2024-08-24 06:00:00,281.971,265.851
2024-08-24 07:00:00,280.403,265.413
2024-08-24 08:00:00,281.22,264.982
2024-08-24 09:00:00,282.779,263.785
2024-08-24 10:00:00,282.623,262.676
2024-08-24 11:00:00,281.883,263.109
2024-08-24 12:00:00,278.728,263.891
2024-08-24 13:00:00,277.553,265.599
2024-08-24 14:00:00,274.824,267.714
2024-08-24 15:00:00,273.281,268.544
2024-08-24 16:00:00,272.527,265.992
2024-08-24 17:00:00,277.332,265.124
2024-08-24 18:00:00,274.168,265.11
2024-08-24 19:00:00,274.229,265.061
2024-08-24 20:00:00,276.24,264.988
2024-08-24 21:00:00,279.414,264.96
2024-08-24 22:00:00,280.931,265.363
2024-08-24 23:00:00,280.418,264.662
2024-08-25 00:00:00,281.916,264.362
2024-08-25 01:00:00,277.981,265.605
2024-08-25 02:00:00,277.568,266.852
2024-08-25 03:00:00,281.368,269.689
2024-08-25 04:00:00,280.197,268.508
2024-08-25 05:00:00,278.957,266.866
2024-08-25 06:00:00,277.683,265.985
2024-08-25 07:00:00,276.42,268.043
2024-08-25 08:00:00,278.835,265.852
2024-08-25 09:00:00,280.399,263.024
2024-08-25 10:00:00,279.553,262.599
2024-08-25 11:00:00,279.522,262.967
2024-08-25 12:00:00,277.151,263.332
2024-08-25 13:00:00,275.506,264.177
2024-08-25 14:00:00,273.526,265.059
2024-08-25 15:00:00,276.416,265.993
2024-08-25 16:00:00,278.163,266.846
2024-08-25 17:00:00,278.618,266.528
2024-08-25 18:00:00,278.649,266.541
2024-08-25 19:00:00,278.659,266.533
2024-08-25 20:00:00,279.017,265.315
2024-08-25 21:00:00,278.474,263.663
2024-08-25 22:00:00,280.446,264.02
2024-08-25 23:00:00,283.956,263.616
2024-08-26 00:00:00,286.387,263.958
2024-08-26 01:00:00,286.312,265.156
2024-08-26 02:00:00,284.27,265.623
2024-08-26 03:00:00,285.07,266.409
2024-08-26 04:00:00,283.727,266.431
2024-08-26 05:00:00,283.342,266.01
2024-08-26 06:00:00,282.997,265.988
2024-08-26 07:00:00,282.06,265.167
2024-08-26 08:00:00,281.143,263.159
2024-08-26 09:00:00,278.303,263.895
2024-08-26 10:00:00,280.242,262.138
2024-08-26 11:00:00,278.229,263.675
2024-08-26 12:00:00,278.179,267.271
2024-08-26 13:00:00,276.501,269.732
2024-08-26 14:00:00,274.882,271.823
2024-08-26 15:00:00,271.768,273.478
2024-08-26 16:00:00,273.423,273.154
2024-08-26 17:00:00,273.51,274.413
2024-08-26 18:00:00,273.578,274.096
2024-08-26 19:00:00,274.894,275.364
2024-08-26 20:00:00,274.132,274.613
2024-08-26 21:00:00,271.669,272.214
2024-08-26 22:00:00,270.357,270.899
2024-08-26 23:00:00,269.077,270.409
2024-08-27 00:00:00,277.844,269.564
2024-08-27 01:00:00,272.744,273.662
2024-08-27 02:00:00,274.604,275.932
2024-08-27 03:00:00,273.309,274.627
2024-08-27 04:00:00,273.946,275.646
2024-08-27 05:00:00,271.995,274.851
2024-08-27 06:00:00,272.951,274.882
2024-08-27 07:00:00,272.932,275.262
2024-08-27 08:00:00,272.555,274.991
2024-08-27 09:00:00,272.921,274.218
2024-08-27 10:00:00,272.273,274.335
2024-08-27 11:00:00,271.065,272.751
2024-08-27 12:00:00,269.85,271.179
2024-08-27 13:00:00,268.659,268.353
2024-08-27 14:00:00,268.664,267.502
2024-08-27 15:00:00,269.848,266.621
2024-08-27 16:00:00,270.29,267.003
2024-08-27 17:00:00,269.951,269.0
2024-08-27 18:00:00,269.924,270.607
2024-08-27 19:00:00,270.661,269.584
2024-08-27 20:00:00,271.499,268.901
2024-08-27 21:00:00,272.639,268.499
2024-08-27 22:00:00,274.538,267.985
2024-08-27 23:00:00,269.732,268.267
2024-08-28 00:00:00,269.274,268.621
2024-08-28 01:00:00,267.682,268.601
2024-08-28 02:00:00,270.4,270.54
2024-08-28 03:00:00,275.266,269.359
2024-08-28 04:00:00,271.471,268.193
2024-08-28 05:00:00,269.166,268.267
2024-08-28 06:00:00,270.362,268.338
2024-08-28 07:00:00,269.61,268.782
2024-08-28 08:00:00,268.535,268.012
2024-08-28 09:00:00,270.991,267.774
2024-08-28 10:00:00,271.422,268.544
2024-08-28 11:00:00,272.134,270.096
2024-08-28 12:00:00,272.81,270.074
2024-08-28 13:00:00,272.687,270.046
2024-08-28 14:00:00,273.025,270.007
2024-08-28 15:00:00,272.635,270.003
2024-08-28 16:00:00,272.703,269.977
2024-08-28 17:00:00,273.622,269.594
2024-08-28 18:00:00,273.253,269.979
2024-08-28 19:00:00,274.521,270.421
2024-08-28 20:00:00,276.117,270.851
2024-08-28 21:00:00,277.463,271.308
2024-08-28 22:00:00,277.701,271.733
2024-08-28 23:00:00,276.433,272.142
2024-08-29 00:00:00,277.229,271.734
2024-08-29 01:00:00,278.357,271.7
2024-08-29 02:00:00,276.338,270.472
2024-08-29 03:00:00,279.979,270.836
2024-08-29 04:00:00,284.597,270.081
2024-08-29 05:00:00,279.582,267.071
2024-08-29 06:00:00,283.497,267.974
2024-08-29 07:00:00,282.347,267.976
2024-08-29 08:00:00,282.352,267.567
2024-08-29 09:00:00,281.945,267.548
2024-08-29 10:00:00,275.058,267.522
2024-08-29 11:00:00,280.534,267.46
2024-08-29 12:00:00,283.078,267.244
2024-08-29 13:00:00,278.055,267.923
2024-08-29 14:00:00,275.453,268.292
2024-08-29 15:00:00,271.001,268.713
2024-08-29 16:00:00,269.777,269.14
2024-08-29 17:00:00,269.437,269.168
2024-08-29 18:00:00,273.067,270.009
2024-08-29 19:00:00,275.121,270.855
2024-08-29 20:00:00,274.399,272.097
2024-08-29 21:00:00,277.743,272.144
2024-08-29 22:00:00,277.905,272.601
2024-08-29 23:00:00,278.792,272.639
2024-08-30 00:00:00,274.704,272.273
2024-08-30 01:00:00,277.052,271.884
2024-08-30 02:00:00,276.993,272.259
2024-08-30 03:00:00,277.802,272.175
2024-08-30 04:00:00,279.8,272.939
2024-08-30 05:00:00,282.508,274.499
2024-08-30 06:00:00,282.751,273.718
2024-08-30 07:00:00,279.98,274.52
2024-08-30 08:00:00,275.199,274.178
2024-08-30 09:00:00,273.678,275.774
2024-08-30 10:00:00,273.191,276.564
2024-08-30 11:00:00,273.813,273.732
2024-08-30 12:00:00,278.958,274.078
2024-08-30 13:00:00,278.214,272.063
2024-08-30 14:00:00,276.2,270.854
2024-08-30 15:00:00,272.589,270.057
2024-08-30 16:00:00,272.529,270.079
2024-08-30 17:00:00,272.512,270.91
2024-08-30 18:00:00,273.699,272.581
2024-08-30 19:00:00,274.539,272.664
2024-08-30 20:00:00,275.418,272.733
2024-08-30 21:00:00,277.039,272.774
2024-08-30 22:00:00,278.696,272.813
2024-08-30 23:00:00,280.267,272.435
2024-08-31 00:00:00,279.117,272.455
2024-08-31 01:00:00,280.776,272.058
2024-08-31 02:00:00,282.016,271.59
2024-08-31 03:00:00,281.618,273.851
2024-08-31 04:00:00,282.027,274.607
2024-08-31 05:00:00,281.229,274.268
2024-08-31 06:00:00,282.8,273.499
2024-08-31 07:00:00,281.917,274.638
2024-08-31 08:00:00,284.252,274.616
2024-08-31 09:00:00,280.647,275.02
2024-08-31 10:00:00,279.878,274.626
2024-08-31 11:00:00,280.342,274.216
2024-08-31 12:00:00,279.892,274.229
2024-08-31 13:00:00,276.192,272.268
2024-08-31 14:00:00,277.536,271.879
2024-08-31 15:00:00,274.35,272.636
2024-08-31 16:00:00,278.937,274.844
2024-08-31 17:00:00,279.263,273.201
2024-08-31 18:00:00,278.874,272.002
2024-08-31 19:00:00,277.704,272.793
2024-08-31 20:00:00,276.189,273.684
2024-08-31 21:00:00,277.97,272.24
2024-08-31 22:00:00,279.187,271.528
2024-08-31 23:00:00,279.2,271.604
2024-09-01 00:00:00,278.821,271.222
2024-09-01 01:00:00,280.455,271.582
2024-09-01 02:00:00,281.291,271.889
2024-09-01 03:00:00,282.932,272.613
2024-09-01 04:00:00,283.946,272.955
2024-09-01 05:00:00,283.88,272.547
2024-09-01 06:00:00,283.515,273.769
2024-09-01 07:00:00,283.168,272.64
2024-09-01 08:00:00,281.152,271.545
2024-09-01 09:00:00,282.281,271.98
2024-09-01 10:00:00,276.219,273.142
2024-09-01 11:00:00,278.215,273.548
2024-09-01 12:00:00,275.836,271.142
2024-09-01 13:00:00,277.042,271.379
2024-09-01 14:00:00,275.124,270.044
2024-09-01 15:00:00,276.395,269.23
2024-09-01 16:00:00,276.752,267.658
2024-09-01 17:00:00,278.199,266.845
2024-09-01 18:00:00,279.276,266.844
2024-09-01 19:00:00,279.632,266.861
2024-09-01 20:00:00,278.939,268.485
2024-09-01 21:00:00,280.403,270.914
2024-09-01 22:00:00,280.929,270.983
2024-09-01 23:00:00,279.754,271.042
2024-09-02 00:00:00,280.234,271.078
2024-09-02 01:00:00,280.243,271.835
2024-09-02 02:00:00,280.791,271.421
2024-09-02 03:00:00,282.298,271.387
2024-09-02 04:00:00,283.064,270.179
2024-09-02 05:00:00,283.029,269.361
2024-09-02 06:00:00,283.092,270.528
2024-09-02 07:00:00,282.147,268.982
2024-09-02 08:00:00,281.016,269.424
2024-09-02 09:00:00,280.921,269.902
2024-09-02 10:00:00,279.171,269.956
2024-09-02 11:00:00,276.673,270.002
2024-09-02 12:00:00,275.083,269.954
2024-09-02 13:00:00,277.119,270.727
2024-09-02 14:00:00,274.35,268.951
2024-09-02 15:00:00,276.896,266.13
2024-09-02 16:00:00,278.709,265.299
2024-09-02 17:00:00,278.188,263.71
2024-09-02 18:00:00,276.704,262.907
2024-09-02 19:00:00,277.364,263.316
2024-09-02 20:00:00,277.779,263.731
2024-09-02 21:00:00,279.597,265.35
2024-09-02 22:00:00,281.071,266.956
2024-09-02 23:00:00,280.45,268.189
2024-09-03 00:00:00,280.275,269.398
2024-09-03 01:00:00,279.985,270.218
2024-09-03 02:00:00,280.514,270.241
2024-09-03 03:00:00,280.548,270.25
2024-09-03 04:00:00,280.916,269.84
2024-09-03 05:00:00,282.273,269.04
2024-09-03 06:00:00,281.681,267.804
2024-09-03 07:00:00,283.739,265.785
2024-09-03 08:00:00,282.984,267.361
2024-09-03 09:00:00,281.638,266.994
2024-09-03 10:00:00,281.499,266.292
2024-09-03 11:00:00,279.662,268.026
2024-09-03 12:00:00,279.616,268.464
2024-09-03 13:00:00,279.219,268.438
2024-09-03 14:00:00,278.908,265.48
2024-09-03 15:00:00,278.531,264.584
2024-09-03 16:00:00,281.279,264.189
2024-09-03 17:00:00,280.359,265.791
2024-09-03 18:00:00,280.15,263.411
2024-09-03 19:00:00,281.078,262.213
2024-09-03 20:00:00,281.121,262.621
2024-09-03 21:00:00,283.319,264.227
2024-09-03 22:00:00,283.367,266.62
2024-09-03 23:00:00,283.119,268.23
2024-09-04 00:00:00,281.838,270.258
2024-09-04 01:00:00,281.278,270.7
2024-09-04 02:00:00,280.068,271.154
2024-09-04 03:00:00,277.355,269.96
2024-09-04 04:00:00,275.303,268.379
2024-09-04 05:00:00,279.892,267.581
2024-09-04 06:00:00,280.283,268.349
2024-09-04 07:00:00,281.649,267.084
2024-09-04 08:00:00,278.906,265.46
2024-09-04 09:00:00,278.753,264.652
2024-09-04 10:00:00,281.081,265.031
2024-09-04 11:00:00,281.287,265.036
2024-09-04 12:00:00,279.993,266.254
2024-09-04 13:00:00,279.544,267.048
2024-09-04 14:00:00,273.826,267.863
2024-09-04 15:00:00,273.398,268.659
2024-09-04 16:00:00,274.228,266.656
2024-09-04 17:00:00,274.798,265.484
2024-09-04 18:00:00,281.322,265.489
2024-09-04 19:00:00,280.447,265.102
2024-09-04 20:00:00,279.208,263.494
2024-09-04 21:00:00,276.861,262.698
2024-09-04 22:00:00,276.438,262.699
2024-09-04 23:00:00,278.052,263.082
2024-09-05 00:00:00,280.15,267.922
2024-09-05 01:00:00,275.8,267.993
2024-09-05 02:00:00,276.987,266.125
2024-09-05 03:00:00,274.098,265.31
2024-09-05 04:00:00,275.127,264.802
2024-09-05 05:00:00,273.117,264.35
2024-09-05 06:00:00,281.518,265.115
2024-09-05 07:00:00,281.946,265.142
2024-09-05 08:00:00,280.774,261.944
2024-09-05 09:00:00,279.4,260.744
2024-09-05 10:00:00,275.862,259.936
2024-09-05 11:00:00,271.203,260.74
2024-09-05 12:00:00,269.69,265.493
2024-09-05 13:00:00,267.693,265.686
2024-09-05 14:00:00,270.962,263.989
2024-09-05 15:00:00,271.179,260.017
2024-09-05 16:00:00,272.826,259.959
2024-09-05 17:00:00,273.764,254.304
2024-09-05 18:00:00,275.145,253.424
2024-09-05 19:00:00,279.556,247.417
2024-09-05 20:00:00,281.139,250.128
2024-09-05 21:00:00,280.783,250.157
2024-09-05 22:00:00,281.174,248.237
2024-09-05 23:00:00,278.834,249.85
2024-09-06 00:00:00,273.691,251.062
2024-09-06 01:00:00,276.051,251.475
2024-09-06 02:00:00,275.782,251.845
2024-09-06 03:00:00,277.663,253.011
2024-09-06 04:00:00,278.408,249.324
2024-09-06 05:00:00,280.426,247.046
2024-09-06 06:00:00,282.675,247.842
2024-09-06 07:00:00,281.244,247.34
2024-09-06 08:00:00,281.292,248.463
2024-09-06 09:00:00,280.491,246.373
2024-09-06 10:00:00,279.662,246.783
2024-09-06 11:00:00,279.626,248.046
2024-09-06 12:00:00,279.621,250.839
2024-09-06 13:00:00,279.211,250.893
2024-09-06 14:00:00,279.225,247.84
2024-09-06 15:00:00,280.118,249.162
2024-09-06 16:00:00,280.929,249.851
2024-09-06 17:00:00,280.913,247.908
2024-09-06 18:00:00,279.259,245.805
2024-09-06 19:00:00,278.008,243.751
2024-09-06 20:00:00,276.794,244.823
2024-09-06 21:00:00,277.174,242.704
2024-09-06 22:00:00,277.55,242.269
2024-09-06 23:00:00,277.561,242.669
2024-09-07 00:00:00,277.575,243.939
2024-09-07 01:00:00,277.597,243.633
2024-09-07 02:00:00,278.402,244.854
2024-09-07 03:00:00,278.002,249.719
2024-09-07 04:00:00,277.581,247.497
2024-09-07 05:00:00,275.724,245.837
2024-09-07 06:00:00,276.669,245.841
2024-09-07 07:00:00,276.645,244.113
2024-09-07 08:00:00,276.24,240.21
2024-09-07 09:00:00,276.623,240.168
2024-09-07 10:00:00,276.625,241.742
2024-09-07 11:00:00,276.242,240.184
2024-09-07 12:00:00,275.848,242.624
2024-09-07 13:00:00,275.856,242.803
2024-09-07 14:00:00,277.955,243.368
2024-09-07 15:00:00,278.03,238.612
2024-09-07 16:00:00,278.078,228.634
2024-09-07 17:00:00,278.213,233.426
2024-09-07 18:00:00,277.859,237.421
2024-09-07 19:00:00,277.871,241.027
2024-09-07 20:00:00,278.513,240.494
2024-09-07 21:00:00,276.998,240.023
2024-09-07 22:00:00,277.751,240.456
2024-09-07 23:00:00,278.511,240.485
2024-09-08 00:00:00,278.517,242.441
