time,24kum2a_s37_0002m,24kum2a_s37_0030m
2024-05-16 18:00:00,31.276,31.289
2024-05-16 19:00:00,31.268,31.288
2024-05-16 20:00:00,31.265,31.289
2024-05-16 21:00:00,31.262,31.294
2024-05-16 22:00:00,31.274,31.298
2024-05-16 23:00:00,31.292,31.303
2024-05-17 00:00:00,31.298,31.308
2024-05-17 01:00:00,31.31,31.312
2024-05-17 02:00:00,31.315,31.312
2024-05-17 03:00:00,31.302,31.311
2024-05-17 04:00:00,31.299,31.303
2024-05-17 05:00:00,31.286,31.297
2024-05-17 06:00:00,31.28,31.288
2024-05-17 07:00:00,31.269,31.283
2024-05-17 08:00:00,31.263,31.28
2024-05-17 09:00:00,31.261,31.279
2024-05-17 10:00:00,31.264,31.284
2024-05-17 11:00:00,31.27,31.288
2024-05-17 12:00:00,31.278,31.296
2024-05-17 13:00:00,31.288,31.303
2024-05-17 14:00:00,31.298,31.309
2024-05-17 15:00:00,31.306,31.31
2024-05-17 16:00:00,31.304,31.306
2024-05-17 17:00:00,31.295,31.307
2024-05-17 18:00:00,31.287,31.299
2024-05-17 19:00:00,31.278,31.294
2024-05-17 20:00:00,31.274,31.29
2024-05-17 21:00:00,31.27,31.291
2024-05-17 22:00:00,31.276,31.292
2024-05-17 23:00:00,31.28,31.296
2024-05-18 00:00:00,31.287,31.299
2024-05-18 01:00:00,31.293,31.304
2024-05-18 02:00:00,31.302,31.31
2024-05-18 03:00:00,31.304,31.313
2024-05-18 04:00:00,31.303,31.313
2024-05-18 05:00:00,31.299,31.309
2024-05-18 06:00:00,31.291,31.302
2024-05-18 07:00:00,31.284,31.295
2024-05-18 08:00:00,31.276,31.289
2024-05-18 09:00:00,31.274,31.286
2024-05-18 10:00:00,31.275,31.288
2024-05-18 11:00:00,31.28,31.291
2024-05-18 12:00:00,31.286,31.298
2024-05-18 13:00:00,31.294,31.305
2024-05-18 14:00:00,31.302,31.313
2024-05-18 15:00:00,31.302,31.32
2024-05-18 16:00:00,31.308,31.323
2024-05-18 17:00:00,31.306,31.322
2024-05-18 18:00:00,31.3,31.318
2024-05-18 19:00:00,31.296,31.313
2024-05-18 20:00:00,31.288,31.306
2024-05-18 21:00:00,31.282,31.3
2024-05-18 22:00:00,31.273,31.296
2024-05-18 23:00:00,31.281,31.296
2024-05-19 00:00:00,31.277,31.3
2024-05-19 01:00:00,31.289,31.303
2024-05-19 02:00:00,31.313,31.307
2024-05-19 03:00:00,31.299,31.31
2024-05-19 04:00:00,31.302,31.31
2024-05-19 05:00:00,31.3,31.31
2024-05-19 06:00:00,31.294,31.306
2024-05-19 07:00:00,31.288,31.3
2024-05-19 08:00:00,31.279,31.295
2024-05-19 09:00:00,31.273,31.292
2024-05-19 10:00:00,31.273,31.291
2024-05-19 11:00:00,31.276,31.294
2024-05-19 12:00:00,31.281,31.299
2024-05-19 13:00:00,31.286,31.303
2024-05-19 14:00:00,31.292,31.307
2024-05-19 15:00:00,31.297,31.311
2024-05-19 16:00:00,31.3,31.312
2024-05-19 17:00:00,31.299,31.311
2024-05-19 18:00:00,31.299,31.308
2024-05-19 19:00:00,31.291,31.304
2024-05-19 20:00:00,31.287,31.302
2024-05-19 21:00:00,31.283,31.296
2024-05-19 22:00:00,31.279,31.29
2024-05-19 23:00:00,31.273,31.29
2024-05-20 00:00:00,31.275,31.29
2024-05-20 01:00:00,31.28,31.292
2024-05-20 02:00:00,31.297,31.296
2024-05-20 03:00:00,31.296,31.301
2024-05-20 04:00:00,31.298,31.303
2024-05-20 05:00:00,31.305,31.303
2024-05-20 06:00:00,31.294,31.301
2024-05-20 07:00:00,31.29,31.298
2024-05-20 08:00:00,31.288,31.293
2024-05-20 09:00:00,31.286,31.292
2024-05-20 10:00:00,31.278,31.29
2024-05-20 11:00:00,31.277,31.29
2024-05-20 12:00:00,31.277,31.294
2024-05-20 13:00:00,31.28,31.298
2024-05-20 14:00:00,31.286,31.303
2024-05-20 15:00:00,31.295,31.308
2024-05-20 16:00:00,31.298,31.312
2024-05-20 17:00:00,31.306,31.314
2024-05-20 18:00:00,31.304,31.311
2024-05-20 19:00:00,31.299,31.308
2024-05-20 20:00:00,31.292,31.301
2024-05-20 21:00:00,31.285,31.295
2024-05-20 22:00:00,31.278,31.289
2024-05-20 23:00:00,31.275,31.286
2024-05-21 00:00:00,31.275,31.286
2024-05-21 01:00:00,31.273,31.287
2024-05-21 02:00:00,31.279,31.291
2024-05-21 03:00:00,31.287,31.299
2024-05-21 04:00:00,31.293,31.306
2024-05-21 05:00:00,31.301,31.31
2024-05-21 06:00:00,31.305,31.314
2024-05-21 07:00:00,31.3,31.31
2024-05-21 08:00:00,31.291,31.302
2024-05-21 09:00:00,31.286,31.297
2024-05-21 10:00:00,31.284,31.295
2024-05-21 11:00:00,31.283,31.295
2024-05-21 12:00:00,31.283,31.297
2024-05-21 13:00:00,31.29,31.309
2024-05-21 14:00:00,31.304,31.321
2024-05-21 15:00:00,31.318,31.33
2024-05-21 16:00:00,31.325,31.333
2024-05-21 17:00:00,31.326,31.336
2024-05-21 18:00:00,31.327,31.337
2024-05-21 19:00:00,31.321,31.334
2024-05-21 20:00:00,31.314,31.328
2024-05-21 21:00:00,31.306,31.32
2024-05-21 22:00:00,31.299,31.312
2024-05-21 23:00:00,31.298,31.307
2024-05-22 00:00:00,31.296,31.31
2024-05-22 01:00:00,31.298,31.308
2024-05-22 02:00:00,31.294,31.308
2024-05-22 03:00:00,31.299,31.309
2024-05-22 04:00:00,31.302,31.312
2024-05-22 05:00:00,31.306,31.316
2024-05-22 06:00:00,31.314,31.323
2024-05-22 07:00:00,31.321,31.331
2024-05-22 08:00:00,31.317,31.328
2024-05-22 09:00:00,31.313,31.324
2024-05-22 10:00:00,31.312,31.322
2024-05-22 11:00:00,31.31,31.321
2024-05-22 12:00:00,31.31,31.321
2024-05-22 13:00:00,31.315,31.326
2024-05-22 14:00:00,31.325,31.335
2024-05-22 15:00:00,31.335,31.346
2024-05-22 16:00:00,31.339,31.35
2024-05-22 17:00:00,31.34,31.351
2024-05-22 18:00:00,31.339,31.349
2024-05-22 19:00:00,31.331,31.342
2024-05-22 20:00:00,31.323,31.335
2024-05-22 21:00:00,31.323,31.332
2024-05-22 22:00:00,31.317,31.326
2024-05-22 23:00:00,31.276,31.305
2024-05-23 00:00:00,31.261,31.28
2024-05-23 01:00:00,31.258,31.278
2024-05-23 02:00:00,31.268,31.288
2024-05-23 03:00:00,31.275,31.293
2024-05-23 04:00:00,31.275,31.292
2024-05-23 05:00:00,31.273,31.284
2024-05-23 06:00:00,31.28,31.289
2024-05-23 07:00:00,31.299,31.306
2024-05-23 08:00:00,31.311,31.321
2024-05-23 09:00:00,31.308,31.32
2024-05-23 10:00:00,31.309,31.32
2024-05-23 11:00:00,31.31,31.321
2024-05-23 12:00:00,31.31,31.321
2024-05-23 13:00:00,31.307,31.32
2024-05-23 14:00:00,31.303,31.321
2024-05-23 15:00:00,31.302,31.324
2024-05-23 16:00:00,31.309,31.329
2024-05-23 17:00:00,31.317,31.334
2024-05-23 18:00:00,31.325,31.336
2024-05-23 19:00:00,31.328,31.338
2024-05-23 20:00:00,31.326,31.337
2024-05-23 21:00:00,31.306,31.32
2024-05-23 22:00:00,31.281,31.292
2024-05-23 23:00:00,31.277,31.286
2024-05-24 00:00:00,31.282,31.292
2024-05-24 01:00:00,31.286,31.298
2024-05-24 02:00:00,31.294,31.302
2024-05-24 03:00:00,31.296,31.307
2024-05-24 04:00:00,31.295,31.305
2024-05-24 05:00:00,31.294,31.306
2024-05-24 06:00:00,31.287,31.3
2024-05-24 07:00:00,31.279,31.291
2024-05-24 08:00:00,31.294,31.306
2024-05-24 09:00:00,31.306,31.314
2024-05-24 10:00:00,31.306,31.319
2024-05-24 11:00:00,31.306,31.318
2024-05-24 12:00:00,31.306,31.318
2024-05-24 13:00:00,31.306,31.318
2024-05-24 14:00:00,31.307,31.321
2024-05-24 15:00:00,31.309,31.325
2024-05-24 16:00:00,31.318,31.337
2024-05-24 17:00:00,31.332,31.347
2024-05-24 18:00:00,31.342,31.354
2024-05-24 19:00:00,31.346,31.356
2024-05-24 20:00:00,31.339,31.351
2024-05-24 21:00:00,31.328,31.341
2024-05-24 22:00:00,31.315,31.328
2024-05-24 23:00:00,31.29,31.311
2024-05-25 00:00:00,31.275,31.299
2024-05-25 01:00:00,31.262,31.291
2024-05-25 02:00:00,31.235,31.278
2024-05-25 03:00:00,31.234,31.267
2024-05-25 04:00:00,31.233,31.261
2024-05-25 05:00:00,31.241,31.264
2024-05-25 06:00:00,31.261,31.273
2024-05-25 07:00:00,31.277,31.284
2024-05-25 08:00:00,31.287,31.294
2024-05-25 09:00:00,31.297,31.307
2024-05-25 10:00:00,31.299,31.312
2024-05-25 11:00:00,31.297,31.312
2024-05-25 12:00:00,31.293,31.313
2024-05-25 13:00:00,31.288,31.314
2024-05-25 14:00:00,31.287,31.313
2024-05-25 15:00:00,31.291,31.315
2024-05-25 16:00:00,31.297,31.318
2024-05-25 17:00:00,31.302,31.329
2024-05-25 18:00:00,31.303,31.338
2024-05-25 19:00:00,31.317,31.342
2024-05-25 20:00:00,31.33,31.346
2024-05-25 21:00:00,31.326,31.349
2024-05-25 22:00:00,31.3,31.339
2024-05-25 23:00:00,31.272,31.315
2024-05-26 00:00:00,31.248,31.289
2024-05-26 01:00:00,31.238,31.269
2024-05-26 02:00:00,31.256,31.274
2024-05-26 03:00:00,31.253,31.277
2024-05-26 04:00:00,31.251,31.277
2024-05-26 05:00:00,31.254,31.281
2024-05-26 06:00:00,31.264,31.285
2024-05-26 07:00:00,31.269,31.283
2024-05-26 08:00:00,31.258,31.274
2024-05-26 09:00:00,31.249,31.27
2024-05-26 10:00:00,31.262,31.274
2024-05-26 11:00:00,31.274,31.285
2024-05-26 12:00:00,31.284,31.295
2024-05-26 13:00:00,31.285,31.296
2024-05-26 14:00:00,31.284,31.295
2024-05-26 15:00:00,31.284,31.295
2024-05-26 16:00:00,31.277,31.289
2024-05-26 17:00:00,31.279,31.29
2024-05-26 18:00:00,31.284,31.295
2024-05-26 19:00:00,31.288,31.298
2024-05-26 20:00:00,31.294,31.304
2024-05-26 21:00:00,31.292,31.305
2024-05-26 22:00:00,31.284,31.298
2024-05-26 23:00:00,31.282,31.293
2024-05-27 00:00:00,31.281,31.295
2024-05-27 01:00:00,31.272,31.287
2024-05-27 02:00:00,31.246,31.274
2024-05-27 03:00:00,31.23,31.26
2024-05-27 04:00:00,31.221,31.251
2024-05-27 05:00:00,31.223,31.25
2024-05-27 06:00:00,31.23,31.256
2024-05-27 07:00:00,31.24,31.265
2024-05-27 08:00:00,31.252,31.276
2024-05-27 09:00:00,31.26,31.28
2024-05-27 10:00:00,31.247,31.266
2024-05-27 11:00:00,31.239,31.253
2024-05-27 12:00:00,31.251,31.262
2024-05-27 13:00:00,31.264,31.275
2024-05-27 14:00:00,31.268,31.28
2024-05-27 15:00:00,31.266,31.279
2024-05-27 16:00:00,31.259,31.274
2024-05-27 17:00:00,31.25,31.266
2024-05-27 18:00:00,31.25,31.269
2024-05-27 19:00:00,31.269,31.28
2024-05-27 20:00:00,31.28,31.291
2024-05-27 21:00:00,31.288,31.298
2024-05-27 22:00:00,31.314,31.301
2024-05-27 23:00:00,31.292,31.301
2024-05-28 00:00:00,31.293,31.3
2024-05-28 01:00:00,31.26,31.29
2024-05-28 02:00:00,31.284,31.274
2024-05-28 03:00:00,31.216,31.259
2024-05-28 04:00:00,31.245,31.246
2024-05-28 05:00:00,31.206,31.243
2024-05-28 06:00:00,31.208,31.245
2024-05-28 07:00:00,31.244,31.25
2024-05-28 08:00:00,31.241,31.26
2024-05-28 09:00:00,31.255,31.27
2024-05-28 10:00:00,31.303,31.279
2024-05-28 11:00:00,31.264,31.277
2024-05-28 12:00:00,31.25,31.263
2024-05-28 13:00:00,31.245,31.257
2024-05-28 14:00:00,31.247,31.26
2024-05-28 15:00:00,31.248,31.26
2024-05-28 16:00:00,31.243,31.258
2024-05-28 17:00:00,31.242,31.257
2024-05-28 18:00:00,31.253,31.265
2024-05-28 19:00:00,31.268,31.277
2024-05-28 20:00:00,31.281,31.293
2024-05-28 21:00:00,31.295,31.306
2024-05-28 22:00:00,31.3,31.309
2024-05-28 23:00:00,31.299,31.312
2024-05-29 00:00:00,31.295,31.31
2024-05-29 01:00:00,31.288,31.301
2024-05-29 02:00:00,31.271,31.289
2024-05-29 03:00:00,31.256,31.276
2024-05-29 04:00:00,31.244,31.259
2024-05-29 05:00:00,31.241,31.254
2024-05-29 06:00:00,31.24,31.252
2024-05-29 07:00:00,31.24,31.252
2024-05-29 08:00:00,31.243,31.257
2024-05-29 09:00:00,31.253,31.265
2024-05-29 10:00:00,31.264,31.276
2024-05-29 11:00:00,31.274,31.286
2024-05-29 12:00:00,31.277,31.29
2024-05-29 13:00:00,31.264,31.283
2024-05-29 14:00:00,31.251,31.273
2024-05-29 15:00:00,31.243,31.264
2024-05-29 16:00:00,31.242,31.261
2024-05-29 17:00:00,31.248,31.267
2024-05-29 18:00:00,31.261,31.277
2024-05-29 19:00:00,31.273,31.286
2024-05-29 20:00:00,31.28,31.291
2024-05-29 21:00:00,31.287,31.296
2024-05-29 22:00:00,31.291,31.304
2024-05-29 23:00:00,31.298,31.309
2024-05-30 00:00:00,31.291,31.305
2024-05-30 01:00:00,31.282,31.296
2024-05-30 02:00:00,31.26,31.28
2024-05-30 03:00:00,31.245,31.265
2024-05-30 04:00:00,31.232,31.255
2024-05-30 05:00:00,31.224,31.243
2024-05-30 06:00:00,31.211,31.237
2024-05-30 07:00:00,31.199,31.231
2024-05-30 08:00:00,31.206,31.232
2024-05-30 09:00:00,31.223,31.24
2024-05-30 10:00:00,31.242,31.247
2024-05-30 11:00:00,31.252,31.259
2024-05-30 12:00:00,31.268,31.275
2024-05-30 13:00:00,31.271,31.281
2024-05-30 14:00:00,31.27,31.283
2024-05-30 15:00:00,31.267,31.281
2024-05-30 16:00:00,31.259,31.276
2024-05-30 17:00:00,31.251,31.272
2024-05-30 18:00:00,31.248,31.27
2024-05-30 19:00:00,31.244,31.27
2024-05-30 20:00:00,31.25,31.271
2024-05-30 21:00:00,31.25,31.271
2024-05-30 22:00:00,31.257,31.275
2024-05-30 23:00:00,31.266,31.278
2024-05-31 00:00:00,31.271,31.277
2024-05-31 01:00:00,31.274,31.275
2024-05-31 02:00:00,31.261,31.27
2024-05-31 03:00:00,31.259,31.26
2024-05-31 04:00:00,31.253,31.252
2024-05-31 05:00:00,31.237,31.243
2024-05-31 06:00:00,31.21,31.235
2024-05-31 07:00:00,31.224,31.23
2024-05-31 08:00:00,31.215,31.228
2024-05-31 09:00:00,31.178,31.234
2024-05-31 10:00:00,31.218,31.243
2024-05-31 11:00:00,31.231,31.254
2024-05-31 12:00:00,31.257,31.262
2024-05-31 13:00:00,31.259,31.272
2024-05-31 14:00:00,31.267,31.282
2024-05-31 15:00:00,31.234,31.283
2024-05-31 16:00:00,31.259,31.279
2024-05-31 17:00:00,31.252,31.273
2024-05-31 18:00:00,31.239,31.268
2024-05-31 19:00:00,31.237,31.264
2024-05-31 20:00:00,31.232,31.257
2024-05-31 21:00:00,31.236,31.254
2024-05-31 22:00:00,31.236,31.257
2024-05-31 23:00:00,31.242,31.256
2024-06-01 00:00:00,31.245,31.258
2024-06-01 01:00:00,31.248,31.26
2024-06-01 02:00:00,31.25,31.259
2024-06-01 03:00:00,31.248,31.258
2024-06-01 04:00:00,31.244,31.256
2024-06-01 05:00:00,31.236,31.249
2024-06-01 06:00:00,31.228,31.243
2024-06-01 07:00:00,31.218,31.237
2024-06-01 08:00:00,31.211,31.234
2024-06-01 09:00:00,31.205,31.234
2024-06-01 10:00:00,31.208,31.239
2024-06-01 11:00:00,31.212,31.244
2024-06-01 12:00:00,31.225,31.25
2024-06-01 13:00:00,31.241,31.259
2024-06-01 14:00:00,31.257,31.268
2024-06-01 15:00:00,31.263,31.279
2024-06-01 16:00:00,31.271,31.283
2024-06-01 17:00:00,31.261,31.276
2024-06-01 18:00:00,31.241,31.263
2024-06-01 19:00:00,31.232,31.254
2024-06-01 20:00:00,31.226,31.249
2024-06-01 21:00:00,31.212,31.24
2024-06-01 22:00:00,31.202,31.228
2024-06-01 23:00:00,31.146,31.223
2024-06-02 00:00:00,31.191,31.228
2024-06-02 01:00:00,31.254,31.239
2024-06-02 02:00:00,31.243,31.246
2024-06-02 03:00:00,31.242,31.243
2024-06-02 04:00:00,31.216,31.242
2024-06-02 05:00:00,31.271,31.249
2024-06-02 06:00:00,31.119,31.249
2024-06-02 07:00:00,31.278,31.246
2024-06-02 08:00:00,31.237,31.242
2024-06-02 09:00:00,31.282,31.241
2024-06-02 10:00:00,31.179,31.241
2024-06-02 11:00:00,31.206,31.24
2024-06-02 12:00:00,31.229,31.24
2024-06-02 13:00:00,31.174,31.245
2024-06-02 14:00:00,31.26,31.251
2024-06-02 15:00:00,31.253,31.257
2024-06-02 16:00:00,31.296,31.266
2024-06-02 17:00:00,31.256,31.27
2024-06-02 18:00:00,31.272,31.265
2024-06-02 19:00:00,31.264,31.256
2024-06-02 20:00:00,31.24,31.246
2024-06-02 21:00:00,31.187,31.234
2024-06-02 22:00:00,31.22,31.215
2024-06-02 23:00:00,31.109,31.197
2024-06-03 00:00:00,31.226,31.193
2024-06-03 01:00:00,31.141,31.198
2024-06-03 02:00:00,31.187,31.21
2024-06-03 03:00:00,31.199,31.223
2024-06-03 04:00:00,31.203,31.232
2024-06-03 05:00:00,31.21,31.237
2024-06-03 06:00:00,31.238,31.249
2024-06-03 07:00:00,31.188,31.253
2024-06-03 08:00:00,31.207,31.248
2024-06-03 09:00:00,31.202,31.246
2024-06-03 10:00:00,31.208,31.248
2024-06-03 11:00:00,31.204,31.249
2024-06-03 12:00:00,31.201,31.244
2024-06-03 13:00:00,31.2,31.244
2024-06-03 14:00:00,31.194,31.252
2024-06-03 15:00:00,31.202,31.259
2024-06-03 16:00:00,31.209,31.259
2024-06-03 17:00:00,31.205,31.253
2024-06-03 18:00:00,31.2,31.243
2024-06-03 19:00:00,31.191,31.229
2024-06-03 20:00:00,31.177,31.212
2024-06-03 21:00:00,31.149,31.191
2024-06-03 22:00:00,31.15,31.17
2024-06-03 23:00:00,31.176,31.189
2024-06-04 00:00:00,31.173,31.204
2024-06-04 01:00:00,31.16,31.214
2024-06-04 02:00:00,31.167,31.229
2024-06-04 03:00:00,31.184,31.24
2024-06-04 04:00:00,31.208,31.227
2024-06-04 05:00:00,31.187,31.202
2024-06-04 06:00:00,31.174,31.185
2024-06-04 07:00:00,31.175,31.186
2024-06-04 08:00:00,31.182,31.193
2024-06-04 09:00:00,31.181,31.193
2024-06-04 10:00:00,31.178,31.189
2024-06-04 11:00:00,31.17,31.181
2024-06-04 12:00:00,31.166,31.177
2024-06-04 13:00:00,31.174,31.185
2024-06-04 14:00:00,31.195,31.207
2024-06-04 15:00:00,31.215,31.227
2024-06-04 16:00:00,31.224,31.238
2024-06-04 17:00:00,31.226,31.24
2024-06-04 18:00:00,31.228,31.241
2024-06-04 19:00:00,31.231,31.243
2024-06-04 20:00:00,31.223,31.237
2024-06-04 21:00:00,31.188,31.207
2024-06-04 22:00:00,31.16,31.178
2024-06-04 23:00:00,31.145,31.161
2024-06-05 00:00:00,31.144,31.156
2024-06-05 01:00:00,31.147,31.159
2024-06-05 02:00:00,31.149,31.161
2024-06-05 03:00:00,31.156,31.167
2024-06-05 04:00:00,31.165,31.177
2024-06-05 05:00:00,31.182,31.195
2024-06-05 06:00:00,31.207,31.218
2024-06-05 07:00:00,31.196,31.221
2024-06-05 08:00:00,31.177,31.201
2024-06-05 09:00:00,31.169,31.183
2024-06-05 10:00:00,31.166,31.178
2024-06-05 11:00:00,31.165,31.178
2024-06-05 12:00:00,31.169,31.19
2024-06-05 13:00:00,31.183,31.207
2024-06-05 14:00:00,31.198,31.22
2024-06-05 15:00:00,31.222,31.234
2024-06-05 16:00:00,31.237,31.252
2024-06-05 17:00:00,31.251,31.264
2024-06-05 18:00:00,31.254,31.268
2024-06-05 19:00:00,31.252,31.262
2024-06-05 20:00:00,31.208,31.238
2024-06-05 21:00:00,31.181,31.208
2024-06-05 22:00:00,31.165,31.181
2024-06-05 23:00:00,31.181,31.164
2024-06-06 00:00:00,31.168,31.158
2024-06-06 01:00:00,31.131,31.153
2024-06-06 02:00:00,31.137,31.155
2024-06-06 03:00:00,31.144,31.159
2024-06-06 04:00:00,31.182,31.168
2024-06-06 05:00:00,31.195,31.182
2024-06-06 06:00:00,31.186,31.192
2024-06-06 07:00:00,31.193,31.196
2024-06-06 08:00:00,31.177,31.206
2024-06-06 09:00:00,31.216,31.209
2024-06-06 10:00:00,31.18,31.2
2024-06-06 11:00:00,31.175,31.196
2024-06-06 12:00:00,31.173,31.2
2024-06-06 13:00:00,31.182,31.208
2024-06-06 14:00:00,31.188,31.218
2024-06-06 15:00:00,31.19,31.228
2024-06-06 16:00:00,31.208,31.236
2024-06-06 17:00:00,31.232,31.244
2024-06-06 18:00:00,31.238,31.248
2024-06-06 19:00:00,31.233,31.246
2024-06-06 20:00:00,31.229,31.237
2024-06-06 21:00:00,31.201,31.225
2024-06-06 22:00:00,31.181,31.202
2024-06-06 23:00:00,31.153,31.177
2024-06-07 00:00:00,31.135,31.158
2024-06-07 01:00:00,31.146,31.153
2024-06-07 02:00:00,31.153,31.158
2024-06-07 03:00:00,31.157,31.168
2024-06-07 04:00:00,31.169,31.175
2024-06-07 05:00:00,31.164,31.172
2024-06-07 06:00:00,31.174,31.179
2024-06-07 07:00:00,31.18,31.189
2024-06-07 08:00:00,31.172,31.186
2024-06-07 09:00:00,31.174,31.183
2024-06-07 10:00:00,31.175,31.187
2024-06-07 11:00:00,31.179,31.19
2024-06-07 12:00:00,31.177,31.191
2024-06-07 13:00:00,31.174,31.188
2024-06-07 14:00:00,31.17,31.186
2024-06-07 15:00:00,31.175,31.193
2024-06-07 16:00:00,31.201,31.212
2024-06-07 17:00:00,31.234,31.247
2024-06-07 18:00:00,31.258,31.272
2024-06-07 19:00:00,31.264,31.277
2024-06-07 20:00:00,31.254,31.27
2024-06-07 21:00:00,31.238,31.255
2024-06-07 22:00:00,31.209,31.231
2024-06-07 23:00:00,31.179,31.201
2024-06-08 00:00:00,31.181,31.189
2024-06-08 01:00:00,31.176,31.187
2024-06-08 02:00:00,31.171,31.183
2024-06-08 03:00:00,31.187,31.197
2024-06-08 04:00:00,31.195,31.206
2024-06-08 05:00:00,31.197,31.208
2024-06-08 06:00:00,31.194,31.207
2024-06-08 07:00:00,31.194,31.207
2024-06-08 08:00:00,31.174,31.188
2024-06-08 09:00:00,31.193,31.202
2024-06-08 10:00:00,31.203,31.22
2024-06-08 11:00:00,31.175,31.208
2024-06-08 12:00:00,31.165,31.19
2024-06-08 13:00:00,31.162,31.184
2024-06-08 14:00:00,31.166,31.198
2024-06-08 15:00:00,31.183,31.222
2024-06-08 16:00:00,31.21,31.243
2024-06-08 17:00:00,31.21,31.247
2024-06-08 18:00:00,31.207,31.247
2024-06-08 19:00:00,31.232,31.25
2024-06-08 20:00:00,31.231,31.25
2024-06-08 21:00:00,31.223,31.239
2024-06-08 22:00:00,31.206,31.218
2024-06-08 23:00:00,31.198,31.209
2024-06-09 00:00:00,31.191,31.212
2024-06-09 01:00:00,31.179,31.201
2024-06-09 02:00:00,31.186,31.194
2024-06-09 03:00:00,31.203,31.215
2024-06-09 04:00:00,31.219,31.23
2024-06-09 05:00:00,31.226,31.236
2024-06-09 06:00:00,31.212,31.228
2024-06-09 07:00:00,31.193,31.207
2024-06-09 08:00:00,31.185,31.2
2024-06-09 09:00:00,31.174,31.192
2024-06-09 10:00:00,31.17,31.194
2024-06-09 11:00:00,31.176,31.212
2024-06-09 12:00:00,31.176,31.217
2024-06-09 13:00:00,31.174,31.211
2024-06-09 14:00:00,31.165,31.21
2024-06-09 15:00:00,31.162,31.216
2024-06-09 16:00:00,31.161,31.223
2024-06-09 17:00:00,31.158,31.218
2024-06-09 18:00:00,31.173,31.208
2024-06-09 19:00:00,31.199,31.207
2024-06-09 20:00:00,31.207,31.215
2024-06-09 21:00:00,31.214,31.226
2024-06-09 22:00:00,31.219,31.23
2024-06-09 23:00:00,31.217,31.227
2024-06-10 00:00:00,31.206,31.214
2024-06-10 01:00:00,31.202,31.209
2024-06-10 02:00:00,31.219,31.228
2024-06-10 03:00:00,31.209,31.239
2024-06-10 04:00:00,31.2,31.235
2024-06-10 05:00:00,31.199,31.233
2024-06-10 06:00:00,31.216,31.241
2024-06-10 07:00:00,31.231,31.251
2024-06-10 08:00:00,31.241,31.256
2024-06-10 09:00:00,31.196,31.232
2024-06-10 10:00:00,31.16,31.187
2024-06-10 11:00:00,31.147,31.169
2024-06-10 12:00:00,31.138,31.16
2024-06-10 13:00:00,31.132,31.156
2024-06-10 14:00:00,31.13,31.152
2024-06-10 15:00:00,31.127,31.148
2024-06-10 16:00:00,31.127,31.146
2024-06-10 17:00:00,31.135,31.154
2024-06-10 18:00:00,31.154,31.168
2024-06-10 19:00:00,31.182,31.191
2024-06-10 20:00:00,31.2,31.218
2024-06-10 21:00:00,31.226,31.239
2024-06-10 22:00:00,31.232,31.246
2024-06-10 23:00:00,31.24,31.247
2024-06-11 00:00:00,31.227,31.25
2024-06-11 01:00:00,31.235,31.257
2024-06-11 02:00:00,31.225,31.253
2024-06-11 03:00:00,31.21,31.239
2024-06-11 04:00:00,31.191,31.229
2024-06-11 05:00:00,31.189,31.225
2024-06-11 06:00:00,31.189,31.229
2024-06-11 07:00:00,31.216,31.237
2024-06-11 08:00:00,31.219,31.246
2024-06-11 09:00:00,31.239,31.254
2024-06-11 10:00:00,31.229,31.251
2024-06-11 11:00:00,31.168,31.22
2024-06-11 12:00:00,31.138,31.171
2024-06-11 13:00:00,31.127,31.147
2024-06-11 14:00:00,31.125,31.141
2024-06-11 15:00:00,31.121,31.137
2024-06-11 16:00:00,31.118,31.137
2024-06-11 17:00:00,31.122,31.142
2024-06-11 18:00:00,31.148,31.155
2024-06-11 19:00:00,31.172,31.186
2024-06-11 20:00:00,31.203,31.218
2024-06-11 21:00:00,31.244,31.245
2024-06-11 22:00:00,31.242,31.264
2024-06-11 23:00:00,31.263,31.271
2024-06-12 00:00:00,31.262,31.272
2024-06-12 01:00:00,31.253,31.267
2024-06-12 02:00:00,31.24,31.26
2024-06-12 03:00:00,31.222,31.252
2024-06-12 04:00:00,31.209,31.243
2024-06-12 05:00:00,31.199,31.237
2024-06-12 06:00:00,31.196,31.236
2024-06-12 07:00:00,31.196,31.24
2024-06-12 08:00:00,31.204,31.247
2024-06-12 09:00:00,31.222,31.253
2024-06-12 10:00:00,31.233,31.254
2024-06-12 11:00:00,31.224,31.248
2024-06-12 12:00:00,31.198,31.232
2024-06-12 13:00:00,31.161,31.203
2024-06-12 14:00:00,31.137,31.175
2024-06-12 15:00:00,31.13,31.16
2024-06-12 16:00:00,31.127,31.154
2024-06-12 17:00:00,31.128,31.159
2024-06-12 18:00:00,31.15,31.176
2024-06-12 19:00:00,31.17,31.2
2024-06-12 20:00:00,31.139,31.204
2024-06-12 21:00:00,31.214,31.226
2024-06-12 22:00:00,31.25,31.254
2024-06-12 23:00:00,31.252,31.261
2024-06-13 00:00:00,31.254,31.261
2024-06-13 01:00:00,31.227,31.253
2024-06-13 02:00:00,31.213,31.244
2024-06-13 03:00:00,31.196,31.233
2024-06-13 04:00:00,31.167,31.222
2024-06-13 05:00:00,31.129,31.216
2024-06-13 06:00:00,31.125,31.213
2024-06-13 07:00:00,31.128,31.212
2024-06-13 08:00:00,31.185,31.216
2024-06-13 09:00:00,31.21,31.22
2024-06-13 10:00:00,31.21,31.221
2024-06-13 11:00:00,31.2,31.206
2024-06-13 12:00:00,31.176,31.187
2024-06-13 13:00:00,31.145,31.185
2024-06-13 14:00:00,31.136,31.168
2024-06-13 15:00:00,31.123,31.152
2024-06-13 16:00:00,31.112,31.142
2024-06-13 17:00:00,31.106,31.143
2024-06-13 18:00:00,31.107,31.148
2024-06-13 19:00:00,31.129,31.166
2024-06-13 20:00:00,31.098,31.172
2024-06-13 21:00:00,31.119,31.175
2024-06-13 22:00:00,31.207,31.204
2024-06-13 23:00:00,31.214,31.233
2024-06-14 00:00:00,31.235,31.239
2024-06-14 01:00:00,31.217,31.236
2024-06-14 02:00:00,31.177,31.222
2024-06-14 03:00:00,31.152,31.197
2024-06-14 04:00:00,31.128,31.168
2024-06-14 05:00:00,31.107,31.148
2024-06-14 06:00:00,31.173,31.134
2024-06-14 07:00:00,31.145,31.131
2024-06-14 08:00:00,31.094,31.135
2024-06-14 09:00:00,31.08,31.14
2024-06-14 10:00:00,31.103,31.146
2024-06-14 11:00:00,31.109,31.154
2024-06-14 12:00:00,31.12,31.16
2024-06-14 13:00:00,31.133,31.164
2024-06-14 14:00:00,31.151,31.158
2024-06-14 15:00:00,31.125,31.141
2024-06-14 16:00:00,31.107,31.131
2024-06-14 17:00:00,31.102,31.126
2024-06-14 18:00:00,31.113,31.128
2024-06-14 19:00:00,31.103,31.137
2024-06-14 20:00:00,31.121,31.15
2024-06-14 21:00:00,31.08,31.145
2024-06-14 22:00:00,31.159,31.154
2024-06-14 23:00:00,31.189,31.186
2024-06-15 00:00:00,31.181,31.223
2024-06-15 01:00:00,31.167,31.219
2024-06-15 02:00:00,31.135,31.19
2024-06-15 03:00:00,31.094,31.143
2024-06-15 04:00:00,31.1,31.143
2024-06-15 05:00:00,31.125,31.141
2024-06-15 06:00:00,31.13,31.14
2024-06-15 07:00:00,31.042,31.139
2024-06-15 08:00:00,31.124,31.139
2024-06-15 09:00:00,31.119,31.139
2024-06-15 10:00:00,31.093,31.142
2024-06-15 11:00:00,31.11,31.143
2024-06-15 12:00:00,31.156,31.141
2024-06-15 13:00:00,31.086,31.132
2024-06-15 14:00:00,31.121,31.127
2024-06-15 15:00:00,31.128,31.138
2024-06-15 16:00:00,31.101,31.143
2024-06-15 17:00:00,31.118,31.141
2024-06-15 18:00:00,31.094,31.134
2024-06-15 19:00:00,31.1,31.121
2024-06-15 20:00:00,31.097,31.108
2024-06-15 21:00:00,31.11,31.121
2024-06-15 22:00:00,31.113,31.141
2024-06-15 23:00:00,31.097,31.138
2024-06-16 00:00:00,31.121,31.14
2024-06-16 01:00:00,31.093,31.144
2024-06-16 02:00:00,31.102,31.147
2024-06-16 03:00:00,31.097,31.145
2024-06-16 04:00:00,31.094,31.13
2024-06-16 05:00:00,31.127,31.109
2024-06-16 06:00:00,31.136,31.114
2024-06-16 07:00:00,30.936,31.121
2024-06-16 08:00:00,31.112,31.124
2024-06-16 09:00:00,31.13,31.123
2024-06-16 10:00:00,31.175,31.123
2024-06-16 11:00:00,31.112,31.124
2024-06-16 12:00:00,31.03,31.129
2024-06-16 13:00:00,31.281,31.149
2024-06-16 14:00:00,31.15,31.173
2024-06-16 15:00:00,31.152,31.191
2024-06-16 16:00:00,31.092,31.187
2024-06-16 17:00:00,31.095,31.167
2024-06-16 18:00:00,31.106,31.156
2024-06-16 19:00:00,31.096,31.148
2024-06-16 20:00:00,31.094,31.131
2024-06-16 21:00:00,31.063,31.108
2024-06-16 22:00:00,31.07,31.111
2024-06-16 23:00:00,31.151,31.128
2024-06-17 00:00:00,31.088,31.126
2024-06-17 01:00:00,31.071,31.126
2024-06-17 02:00:00,31.055,31.131
2024-06-17 03:00:00,31.05,31.129
2024-06-17 04:00:00,31.068,31.115
2024-06-17 05:00:00,31.13,31.126
2024-06-17 06:00:00,31.081,31.144
2024-06-17 07:00:00,31.075,31.155
2024-06-17 08:00:00,30.962,31.159
2024-06-17 09:00:00,31.093,31.158
2024-06-17 10:00:00,31.118,31.153
2024-06-17 11:00:00,31.081,31.143
2024-06-17 12:00:00,31.148,31.17
2024-06-17 13:00:00,31.11,31.22
2024-06-17 14:00:00,31.092,31.248
2024-06-17 15:00:00,31.102,31.251
2024-06-17 16:00:00,31.173,31.244
2024-06-17 17:00:00,31.115,31.199
2024-06-17 18:00:00,31.085,31.121
2024-06-17 19:00:00,31.073,31.11
2024-06-17 20:00:00,31.047,31.109
2024-06-17 21:00:00,31.027,31.115
2024-06-17 22:00:00,31.116,31.128
2024-06-17 23:00:00,31.146,31.162
2024-06-18 00:00:00,31.092,31.17
2024-06-18 01:00:00,31.151,31.189
2024-06-18 02:00:00,31.136,31.218
2024-06-18 03:00:00,31.137,31.224
2024-06-18 04:00:00,31.14,31.214
2024-06-18 05:00:00,31.127,31.154
2024-06-18 06:00:00,31.092,31.112
2024-06-18 07:00:00,31.063,31.114
2024-06-18 08:00:00,31.074,31.133
2024-06-18 09:00:00,31.078,31.145
2024-06-18 10:00:00,31.073,31.143
2024-06-18 11:00:00,31.058,31.132
2024-06-18 12:00:00,31.068,31.116
2024-06-18 13:00:00,31.101,31.122
2024-06-18 14:00:00,31.134,31.137
2024-06-18 15:00:00,31.127,31.135
2024-06-18 16:00:00,31.159,31.139
2024-06-18 17:00:00,31.133,31.173
2024-06-18 18:00:00,31.138,31.193
2024-06-18 19:00:00,31.153,31.175
2024-06-18 20:00:00,31.16,31.13
2024-06-18 21:00:00,31.136,31.112
2024-06-18 22:00:00,31.145,31.115
2024-06-18 23:00:00,31.175,31.141
2024-06-19 00:00:00,31.217,31.152
2024-06-19 01:00:00,31.216,31.158
2024-06-19 02:00:00,31.198,31.163
2024-06-19 03:00:00,31.167,31.163
2024-06-19 04:00:00,31.171,31.154
2024-06-19 05:00:00,31.188,31.125
2024-06-19 06:00:00,31.196,31.111
2024-06-19 07:00:00,31.152,31.104
2024-06-19 08:00:00,31.127,31.098
2024-06-19 09:00:00,31.133,31.095
2024-06-19 10:00:00,31.12,31.097
2024-06-19 11:00:00,31.11,31.105
2024-06-19 12:00:00,31.109,31.149
2024-06-19 13:00:00,31.147,31.195
2024-06-19 14:00:00,31.175,31.201
2024-06-19 15:00:00,31.172,31.207
2024-06-19 16:00:00,31.244,31.207
2024-06-19 17:00:00,31.184,31.194
2024-06-19 18:00:00,31.177,31.193
2024-06-19 19:00:00,31.169,31.205
2024-06-19 20:00:00,31.166,31.214
2024-06-19 21:00:00,31.145,31.235
2024-06-19 22:00:00,31.175,31.239
2024-06-19 23:00:00,31.167,31.23
2024-06-20 00:00:00,31.165,31.216
2024-06-20 01:00:00,31.165,31.208
2024-06-20 02:00:00,31.164,31.219
2024-06-20 03:00:00,31.15,31.233
2024-06-20 04:00:00,31.147,31.239
2024-06-20 05:00:00,31.148,31.243
2024-06-20 06:00:00,31.172,31.227
2024-06-20 07:00:00,31.227,31.186
2024-06-20 08:00:00,31.171,31.146
2024-06-20 09:00:00,31.145,31.13
2024-06-20 10:00:00,31.119,31.127
2024-06-20 11:00:00,31.106,31.133
2024-06-20 12:00:00,31.139,31.137
2024-06-20 13:00:00,31.161,31.142
2024-06-20 14:00:00,31.162,31.165
2024-06-20 15:00:00,31.165,31.194
2024-06-20 16:00:00,31.214,31.24
2024-06-20 17:00:00,31.214,31.257
2024-06-20 18:00:00,31.205,31.253
2024-06-20 19:00:00,31.219,31.251
2024-06-20 20:00:00,31.203,31.246
2024-06-20 21:00:00,31.168,31.231
2024-06-20 22:00:00,31.155,31.217
2024-06-20 23:00:00,31.137,31.183
2024-06-21 00:00:00,31.112,31.152
2024-06-21 01:00:00,31.086,31.144
2024-06-21 02:00:00,31.087,31.153
2024-06-21 03:00:00,31.108,31.168
2024-06-21 04:00:00,31.091,31.182
2024-06-21 05:00:00,31.127,31.206
2024-06-21 06:00:00,31.155,31.227
2024-06-21 07:00:00,31.158,31.234
2024-06-21 08:00:00,31.162,31.214
2024-06-21 09:00:00,31.156,31.179
2024-06-21 10:00:00,31.14,31.155
2024-06-21 11:00:00,31.114,31.141
2024-06-21 12:00:00,31.109,31.127
2024-06-21 13:00:00,31.142,31.16
2024-06-21 14:00:00,31.153,31.187
2024-06-21 15:00:00,31.148,31.221
2024-06-21 16:00:00,31.168,31.24
2024-06-21 17:00:00,31.171,31.244
2024-06-21 18:00:00,31.168,31.248
2024-06-21 19:00:00,31.158,31.245
2024-06-21 20:00:00,31.143,31.233
2024-06-21 21:00:00,31.125,31.216
2024-06-21 22:00:00,31.128,31.194
2024-06-21 23:00:00,31.082,31.17
2024-06-22 00:00:00,31.062,31.153
2024-06-22 01:00:00,31.048,31.138
2024-06-22 02:00:00,31.041,31.133
2024-06-22 03:00:00,31.043,31.136
2024-06-22 04:00:00,31.055,31.144
2024-06-22 05:00:00,31.062,31.157
2024-06-22 06:00:00,31.067,31.173
2024-06-22 07:00:00,31.073,31.197
2024-06-22 08:00:00,31.064,31.215
2024-06-22 09:00:00,31.07,31.218
2024-06-22 10:00:00,31.101,31.203
2024-06-22 11:00:00,31.062,31.199
2024-06-22 12:00:00,31.058,31.194
2024-06-22 13:00:00,31.073,31.181
2024-06-22 14:00:00,31.095,31.176
2024-06-22 15:00:00,31.067,31.197
2024-06-22 16:00:00,31.063,31.216
2024-06-22 17:00:00,31.1,31.232
2024-06-22 18:00:00,31.097,31.24
2024-06-22 19:00:00,31.096,31.239
2024-06-22 20:00:00,31.101,31.23
2024-06-22 21:00:00,31.093,31.21
2024-06-22 22:00:00,31.104,31.184
2024-06-22 23:00:00,31.082,31.16
2024-06-23 00:00:00,31.041,31.136
2024-06-23 01:00:00,31.025,31.127
2024-06-23 02:00:00,31.042,31.125
2024-06-23 03:00:00,31.041,31.127
2024-06-23 04:00:00,31.038,31.13
2024-06-23 05:00:00,31.055,31.133
2024-06-23 06:00:00,31.06,31.141
2024-06-23 07:00:00,31.051,31.156
2024-06-23 08:00:00,31.038,31.176
2024-06-23 09:00:00,31.037,31.197
2024-06-23 10:00:00,31.058,31.202
2024-06-23 11:00:00,31.053,31.197
2024-06-23 12:00:00,31.069,31.19
2024-06-23 13:00:00,31.067,31.185
2024-06-23 14:00:00,31.061,31.181
2024-06-23 15:00:00,31.044,31.178
2024-06-23 16:00:00,31.047,31.201
2024-06-23 17:00:00,31.058,31.217
2024-06-23 18:00:00,31.031,31.229
2024-06-23 19:00:00,31.055,31.233
2024-06-23 20:00:00,31.08,31.229
2024-06-23 21:00:00,31.09,31.212
2024-06-23 22:00:00,31.069,31.187
2024-06-23 23:00:00,31.069,31.159
2024-06-24 00:00:00,31.067,31.141
2024-06-24 01:00:00,31.066,31.136
2024-06-24 02:00:00,31.063,31.132
2024-06-24 03:00:00,31.041,31.125
2024-06-24 04:00:00,31.034,31.128
2024-06-24 05:00:00,31.037,31.138
2024-06-24 06:00:00,31.058,31.146
2024-06-24 07:00:00,31.082,31.141
2024-06-24 08:00:00,31.081,31.135
2024-06-24 09:00:00,31.056,31.156
2024-06-24 10:00:00,31.06,31.179
2024-06-24 11:00:00,31.077,31.185
2024-06-24 12:00:00,31.067,31.176
2024-06-24 13:00:00,31.062,31.166
2024-06-24 14:00:00,31.062,31.164
2024-06-24 15:00:00,31.074,31.171
2024-06-24 16:00:00,31.056,31.184
2024-06-24 17:00:00,31.048,31.197
2024-06-24 18:00:00,31.067,31.211
2024-06-24 19:00:00,31.086,31.214
2024-06-24 20:00:00,31.101,31.212
2024-06-24 21:00:00,31.102,31.208
2024-06-24 22:00:00,31.105,31.188
2024-06-24 23:00:00,31.099,31.166
2024-06-25 00:00:00,31.078,31.151
2024-06-25 01:00:00,31.072,31.144
2024-06-25 02:00:00,31.074,31.125
2024-06-25 03:00:00,31.077,31.108
2024-06-25 04:00:00,31.038,31.094
2024-06-25 05:00:00,31.043,31.096
2024-06-25 06:00:00,31.047,31.105
2024-06-25 07:00:00,31.045,31.125
2024-06-25 08:00:00,31.076,31.14
2024-06-25 09:00:00,31.082,31.135
2024-06-25 10:00:00,31.099,31.122
2024-06-25 11:00:00,31.108,31.131
2024-06-25 12:00:00,31.06,31.14
2024-06-25 13:00:00,31.047,31.143
2024-06-25 14:00:00,31.046,31.144
2024-06-25 15:00:00,31.055,31.148
2024-06-25 16:00:00,31.074,31.152
2024-06-25 17:00:00,31.098,31.159
2024-06-25 18:00:00,31.106,31.166
2024-06-25 19:00:00,31.127,31.176
2024-06-25 20:00:00,31.151,31.181
2024-06-25 21:00:00,31.132,31.181
2024-06-25 22:00:00,31.143,31.175
2024-06-25 23:00:00,31.135,31.162
2024-06-26 00:00:00,31.128,31.142
2024-06-26 01:00:00,31.11,31.124
2024-06-26 02:00:00,31.103,31.106
2024-06-26 03:00:00,31.067,31.089
2024-06-26 04:00:00,31.043,31.066
2024-06-26 05:00:00,31.041,31.059
2024-06-26 06:00:00,31.049,31.062
2024-06-26 07:00:00,31.071,31.082
2024-06-26 08:00:00,31.094,31.103
2024-06-26 09:00:00,31.114,31.125
2024-06-26 10:00:00,31.125,31.138
2024-06-26 11:00:00,31.138,31.149
2024-06-26 12:00:00,31.127,31.141
2024-06-26 13:00:00,31.112,31.125
2024-06-26 14:00:00,31.106,31.118
2024-06-26 15:00:00,31.105,31.115
2024-06-26 16:00:00,31.121,31.132
2024-06-26 17:00:00,31.125,31.136
2024-06-26 18:00:00,31.124,31.134
2024-06-26 19:00:00,31.126,31.137
2024-06-26 20:00:00,31.118,31.131
2024-06-26 21:00:00,31.108,31.121
2024-06-26 22:00:00,31.104,31.116
2024-06-26 23:00:00,31.097,31.113
2024-06-27 00:00:00,31.09,31.104
2024-06-27 01:00:00,31.079,31.099
2024-06-27 02:00:00,31.052,31.079
2024-06-27 03:00:00,31.022,31.054
2024-06-27 04:00:00,30.999,31.027
2024-06-27 05:00:00,30.988,31.011
2024-06-27 06:00:00,30.987,31.003
2024-06-27 07:00:00,30.991,31.004
2024-06-27 08:00:00,31.003,31.014
2024-06-27 09:00:00,31.022,31.03
2024-06-27 10:00:00,31.042,31.05
2024-06-27 11:00:00,31.056,31.069
2024-06-27 12:00:00,31.077,31.088
2024-06-27 13:00:00,31.092,31.102
2024-06-27 14:00:00,31.092,31.107
2024-06-27 15:00:00,31.083,31.101
2024-06-27 16:00:00,31.072,31.088
2024-06-27 17:00:00,31.057,31.076
2024-06-27 18:00:00,31.044,31.062
2024-06-27 19:00:00,31.034,31.048
2024-06-27 20:00:00,31.023,31.035
2024-06-27 21:00:00,31.015,31.028
2024-06-27 22:00:00,31.016,31.026
2024-06-27 23:00:00,31.018,31.029
2024-06-28 00:00:00,31.015,31.028
2024-06-28 01:00:00,31.013,31.026
2024-06-28 02:00:00,31.009,31.023
2024-06-28 03:00:00,30.992,31.009
2024-06-28 04:00:00,30.979,30.999
2024-06-28 05:00:00,30.975,30.99
2024-06-28 06:00:00,30.975,30.989
2024-06-28 07:00:00,30.976,30.99
2024-06-28 08:00:00,30.977,30.994
2024-06-28 09:00:00,30.982,30.997
2024-06-28 10:00:00,30.998,31.009
2024-06-28 11:00:00,31.016,31.026
2024-06-28 12:00:00,31.033,31.043
2024-06-28 13:00:00,31.047,31.056
2024-06-28 14:00:00,31.056,31.069
2024-06-28 15:00:00,31.059,31.072
2024-06-28 16:00:00,31.053,31.068
2024-06-28 17:00:00,31.04,31.058
2024-06-28 18:00:00,31.018,31.043
2024-06-28 19:00:00,30.998,31.026
2024-06-28 20:00:00,30.995,31.018
2024-06-28 21:00:00,30.996,31.015
2024-06-28 22:00:00,30.995,31.016
2024-06-28 23:00:00,31.0,31.018
2024-06-29 00:00:00,31.006,31.021
2024-06-29 01:00:00,31.014,31.027
2024-06-29 02:00:00,31.022,31.028
2024-06-29 03:00:00,31.02,31.027
2024-06-29 04:00:00,31.005,31.021
2024-06-29 05:00:00,30.977,31.013
2024-06-29 06:00:00,30.97,31.006
2024-06-29 07:00:00,30.967,31.004
2024-06-29 08:00:00,30.976,31.007
2024-06-29 09:00:00,30.984,31.017
2024-06-29 10:00:00,31.0,31.026
2024-06-29 11:00:00,31.011,31.036
2024-06-29 12:00:00,31.025,31.046
2024-06-29 13:00:00,31.053,31.062
2024-06-29 14:00:00,31.068,31.078
2024-06-29 15:00:00,31.071,31.082
2024-06-29 16:00:00,31.062,31.079
2024-06-29 17:00:00,31.043,31.068
2024-06-29 18:00:00,31.024,31.05
2024-06-29 19:00:00,30.996,31.033
2024-06-29 20:00:00,30.988,31.02
2024-06-29 21:00:00,30.987,31.013
2024-06-29 22:00:00,30.98,31.011
2024-06-29 23:00:00,30.963,31.013
2024-06-30 00:00:00,30.967,31.015
2024-06-30 01:00:00,30.995,31.021
2024-06-30 02:00:00,31.008,31.028
2024-06-30 03:00:00,31.015,31.032
2024-06-30 04:00:00,31.023,31.035
2024-06-30 05:00:00,31.017,31.033
2024-06-30 06:00:00,31.005,31.029
2024-06-30 07:00:00,30.991,31.024
2024-06-30 08:00:00,30.984,31.022
2024-06-30 09:00:00,30.989,31.024
2024-06-30 10:00:00,31.001,31.029
2024-06-30 11:00:00,31.003,31.034
2024-06-30 12:00:00,31.004,31.041
2024-06-30 13:00:00,31.01,31.048
2024-06-30 14:00:00,31.027,31.058
2024-06-30 15:00:00,31.042,31.062
2024-06-30 16:00:00,31.038,31.056
2024-06-30 17:00:00,31.024,31.043
2024-06-30 18:00:00,31.006,31.028
2024-06-30 19:00:00,30.982,31.011
2024-06-30 20:00:00,30.936,30.999
2024-06-30 21:00:00,30.888,30.992
2024-06-30 22:00:00,30.809,30.982
2024-06-30 23:00:00,30.772,30.971
2024-07-01 00:00:00,30.772,30.96
2024-07-01 01:00:00,30.782,30.97
2024-07-01 02:00:00,30.851,30.99
2024-07-01 03:00:00,30.932,31.002
2024-07-01 04:00:00,30.949,31.009
2024-07-01 05:00:00,30.973,31.008
2024-07-01 06:00:00,30.967,31.007
2024-07-01 07:00:00,30.993,31.004
2024-07-01 08:00:00,30.977,31.003
2024-07-01 09:00:00,30.972,31.005
2024-07-01 10:00:00,30.959,31.011
2024-07-01 11:00:00,30.952,31.015
2024-07-01 12:00:00,30.958,31.016
2024-07-01 13:00:00,30.95,31.019
2024-07-01 14:00:00,30.948,31.02
2024-07-01 15:00:00,30.96,31.022
2024-07-01 16:00:00,30.959,31.022
2024-07-01 17:00:00,30.968,31.016
2024-07-01 18:00:00,30.974,31.006
2024-07-01 19:00:00,30.939,30.99
2024-07-01 20:00:00,30.881,30.973
2024-07-01 21:00:00,30.761,30.944
2024-07-01 22:00:00,30.709,30.908
2024-07-01 23:00:00,30.701,30.873
2024-07-02 00:00:00,30.692,30.865
2024-07-02 01:00:00,30.69,30.874
2024-07-02 02:00:00,30.704,30.915
2024-07-02 03:00:00,30.735,30.945
2024-07-02 04:00:00,30.788,30.969
2024-07-02 05:00:00,30.888,30.986
2024-07-02 06:00:00,30.931,30.987
2024-07-02 07:00:00,30.938,30.983
2024-07-02 08:00:00,30.928,30.982
2024-07-02 09:00:00,30.941,30.984
2024-07-02 10:00:00,30.938,30.992
2024-07-02 11:00:00,30.934,31.001
2024-07-02 12:00:00,30.936,31.005
2024-07-02 13:00:00,30.907,31.001
2024-07-02 14:00:00,30.925,30.995
2024-07-02 15:00:00,30.882,30.99
2024-07-02 16:00:00,30.844,30.989
2024-07-02 17:00:00,30.872,30.988
2024-07-02 18:00:00,30.887,30.985
2024-07-02 19:00:00,30.891,30.977
2024-07-02 20:00:00,30.884,30.952
2024-07-02 21:00:00,30.808,30.92
2024-07-02 22:00:00,30.737,30.886
2024-07-02 23:00:00,30.75,30.885
2024-07-03 00:00:00,30.753,30.886
2024-07-03 01:00:00,30.732,30.881
2024-07-03 02:00:00,30.722,30.877
2024-07-03 03:00:00,30.715,30.891
2024-07-03 04:00:00,30.77,30.93
2024-07-03 05:00:00,30.844,30.956
2024-07-03 06:00:00,30.954,30.981
2024-07-03 07:00:00,30.957,30.98
2024-07-03 08:00:00,30.96,30.974
2024-07-03 09:00:00,30.948,30.976
2024-07-03 10:00:00,30.942,30.981
2024-07-03 11:00:00,30.944,30.99
2024-07-03 12:00:00,30.95,31.001
2024-07-03 13:00:00,30.97,31.0
2024-07-03 14:00:00,30.889,30.976
2024-07-03 15:00:00,30.847,30.952
2024-07-03 16:00:00,30.815,30.926
2024-07-03 17:00:00,30.802,30.907
2024-07-03 18:00:00,30.807,30.89
2024-07-03 19:00:00,30.829,30.88
2024-07-03 20:00:00,30.821,30.908
2024-07-03 21:00:00,30.83,30.902
2024-07-03 22:00:00,30.829,30.902
2024-07-03 23:00:00,30.835,30.881
2024-07-04 00:00:00,30.773,30.869
2024-07-04 01:00:00,30.763,30.858
2024-07-04 02:00:00,30.761,30.852
2024-07-04 03:00:00,30.743,30.865
2024-07-04 04:00:00,30.803,30.887
2024-07-04 05:00:00,30.806,30.904
2024-07-04 06:00:00,30.854,30.918
2024-07-04 07:00:00,30.936,30.961
2024-07-04 08:00:00,30.976,30.99
2024-07-04 09:00:00,30.959,30.981
2024-07-04 10:00:00,30.954,30.978
2024-07-04 11:00:00,30.954,30.984
2024-07-04 12:00:00,30.966,30.993
2024-07-04 13:00:00,30.984,30.998
2024-07-04 14:00:00,30.932,30.982
2024-07-04 15:00:00,30.89,30.945
2024-07-04 16:00:00,30.899,30.915
2024-07-04 17:00:00,30.906,30.919
2024-07-04 18:00:00,30.898,30.917
2024-07-04 19:00:00,30.876,30.893
2024-07-04 20:00:00,30.843,30.86
2024-07-04 21:00:00,30.844,30.868
2024-07-04 22:00:00,30.85,30.878
2024-07-04 23:00:00,30.844,30.875
2024-07-05 00:00:00,30.817,30.868
2024-07-05 01:00:00,30.787,30.845
2024-07-05 02:00:00,30.739,30.83
2024-07-05 03:00:00,30.738,30.821
2024-07-05 04:00:00,30.775,30.837
2024-07-05 05:00:00,30.832,30.867
2024-07-05 06:00:00,30.851,30.872
2024-07-05 07:00:00,30.871,30.886
2024-07-05 08:00:00,30.931,30.933
2024-07-05 09:00:00,30.97,30.983
2024-07-05 10:00:00,30.939,30.986
2024-07-05 11:00:00,30.934,30.986
2024-07-05 12:00:00,30.931,30.988
2024-07-05 13:00:00,30.945,30.984
2024-07-05 14:00:00,30.934,30.964
2024-07-05 15:00:00,30.909,30.998
2024-07-05 16:00:00,30.98,31.019
2024-07-05 17:00:00,30.954,30.995
2024-07-05 18:00:00,30.926,30.963
2024-07-05 19:00:00,30.918,30.948
2024-07-05 20:00:00,30.926,30.947
2024-07-05 21:00:00,30.885,30.918
2024-07-05 22:00:00,30.859,30.872
2024-07-05 23:00:00,30.838,30.856
2024-07-06 00:00:00,30.763,30.844
2024-07-06 01:00:00,30.682,30.82
2024-07-06 02:00:00,30.586,30.788
2024-07-06 03:00:00,30.496,30.751
2024-07-06 04:00:00,30.447,30.727
2024-07-06 05:00:00,30.583,30.781
2024-07-06 06:00:00,30.735,30.828
2024-07-06 07:00:00,30.852,30.859
2024-07-06 08:00:00,30.902,30.926
2024-07-06 09:00:00,30.948,30.954
2024-07-06 10:00:00,30.917,30.989
2024-07-06 11:00:00,30.931,30.991
2024-07-06 12:00:00,30.933,30.995
2024-07-06 13:00:00,30.923,31.015
2024-07-06 14:00:00,30.884,31.034
2024-07-06 15:00:00,30.905,31.038
2024-07-06 16:00:00,30.932,30.982
2024-07-06 17:00:00,30.898,30.939
2024-07-06 18:00:00,30.877,30.905
2024-07-06 19:00:00,30.87,30.891
2024-07-06 20:00:00,30.861,30.879
2024-07-06 21:00:00,30.855,30.874
2024-07-06 22:00:00,30.856,30.871
2024-07-06 23:00:00,30.696,30.858
2024-07-07 00:00:00,30.545,30.815
2024-07-07 01:00:00,30.398,30.764
2024-07-07 02:00:00,30.474,30.712
2024-07-07 03:00:00,30.358,30.7
2024-07-07 04:00:00,30.201,30.696
2024-07-07 05:00:00,30.298,30.705
2024-07-07 06:00:00,30.407,30.766
2024-07-07 07:00:00,30.53,30.835
2024-07-07 08:00:00,30.848,30.878
2024-07-07 09:00:00,30.883,30.911
2024-07-07 10:00:00,30.904,30.935
2024-07-07 11:00:00,30.939,30.953
2024-07-07 12:00:00,30.921,30.964
2024-07-07 13:00:00,30.899,30.968
2024-07-07 14:00:00,30.87,30.963
2024-07-07 15:00:00,30.882,30.964
2024-07-07 16:00:00,30.886,30.917
2024-07-07 17:00:00,30.866,30.904
2024-07-07 18:00:00,30.848,30.881
2024-07-07 19:00:00,30.562,30.86
2024-07-07 20:00:00,30.306,30.851
2024-07-07 21:00:00,30.316,30.85
2024-07-07 22:00:00,30.349,30.857
2024-07-07 23:00:00,30.344,30.865
2024-07-08 00:00:00,30.347,30.853
2024-07-08 01:00:00,30.4,30.811
2024-07-08 02:00:00,30.462,30.754
2024-07-08 03:00:00,30.39,30.719
2024-07-08 04:00:00,30.278,30.702
2024-07-08 05:00:00,30.205,30.697
2024-07-08 06:00:00,30.258,30.731
2024-07-08 07:00:00,30.429,30.844
2024-07-08 08:00:00,30.37,30.869
2024-07-08 09:00:00,30.431,30.875
2024-07-08 10:00:00,30.471,30.888
2024-07-08 11:00:00,30.904,30.975
2024-07-08 12:00:00,30.894,31.027
2024-07-08 13:00:00,30.9,31.006
2024-07-08 14:00:00,30.932,31.005
2024-07-08 15:00:00,30.86,31.027
2024-07-08 16:00:00,30.823,31.04
2024-07-08 17:00:00,30.815,31.012
2024-07-08 18:00:00,30.431,30.95
2024-07-08 19:00:00,30.384,30.866
2024-07-08 20:00:00,30.277,30.846
2024-07-08 21:00:00,30.22,30.845
2024-07-08 22:00:00,30.216,30.832
2024-07-08 23:00:00,30.268,30.833
2024-07-09 00:00:00,30.362,30.845
2024-07-09 01:00:00,30.378,30.847
2024-07-09 02:00:00,30.271,30.823
2024-07-09 03:00:00,30.292,30.794
2024-07-09 04:00:00,30.301,30.773
2024-07-09 05:00:00,30.333,30.745
2024-07-09 06:00:00,30.303,30.789
2024-07-09 07:00:00,30.333,30.824
2024-07-09 08:00:00,30.405,30.838
2024-07-09 09:00:00,30.488,30.829
2024-07-09 10:00:00,30.492,30.85
2024-07-09 11:00:00,30.603,30.906
2024-07-09 12:00:00,30.862,31.026
2024-07-09 13:00:00,30.941,31.024
2024-07-09 14:00:00,30.969,31.024
2024-07-09 15:00:00,30.988,31.031
2024-07-09 16:00:00,30.935,31.018
2024-07-09 17:00:00,30.815,30.972
2024-07-09 18:00:00,30.665,30.887
2024-07-09 19:00:00,30.644,30.868
2024-07-09 20:00:00,30.664,30.892
2024-07-09 21:00:00,30.714,30.901
2024-07-09 22:00:00,30.722,30.899
2024-07-09 23:00:00,30.677,30.874
2024-07-10 00:00:00,30.608,30.805
2024-07-10 01:00:00,30.525,30.805
2024-07-10 02:00:00,30.512,30.802
2024-07-10 03:00:00,30.527,30.784
2024-07-10 04:00:00,30.485,30.772
2024-07-10 05:00:00,30.405,30.77
2024-07-10 06:00:00,30.368,30.788
2024-07-10 07:00:00,30.355,30.8
2024-07-10 08:00:00,30.364,30.793
2024-07-10 09:00:00,30.484,30.808
2024-07-10 10:00:00,30.5,30.838
2024-07-10 11:00:00,30.498,30.865
2024-07-10 12:00:00,30.581,30.883
2024-07-10 13:00:00,30.625,30.902
2024-07-10 14:00:00,30.656,30.909
2024-07-10 15:00:00,30.657,30.893
2024-07-10 16:00:00,30.603,30.872
2024-07-10 17:00:00,30.534,30.878
2024-07-10 18:00:00,30.54,30.874
2024-07-10 19:00:00,30.499,30.87
2024-07-10 20:00:00,30.478,30.883
2024-07-10 21:00:00,30.516,30.888
2024-07-10 22:00:00,30.536,30.888
2024-07-10 23:00:00,30.537,30.881
2024-07-11 00:00:00,30.531,30.861
2024-07-11 01:00:00,30.519,30.836
2024-07-11 02:00:00,30.484,30.82
2024-07-11 03:00:00,30.479,30.819
2024-07-11 04:00:00,30.463,30.809
2024-07-11 05:00:00,30.432,30.801
2024-07-11 06:00:00,30.446,30.797
2024-07-11 07:00:00,30.557,30.799
2024-07-11 08:00:00,30.574,30.817
2024-07-11 09:00:00,30.584,30.829
2024-07-11 10:00:00,30.626,30.833
2024-07-11 11:00:00,30.596,30.831
2024-07-11 12:00:00,30.494,30.826
2024-07-11 13:00:00,30.479,30.827
2024-07-11 14:00:00,30.494,30.825
2024-07-11 15:00:00,30.498,30.812
2024-07-11 16:00:00,30.507,30.802
2024-07-11 17:00:00,30.512,30.8
2024-07-11 18:00:00,30.479,30.799
2024-07-11 19:00:00,30.471,30.83
2024-07-11 20:00:00,30.55,30.846
2024-07-11 21:00:00,30.544,30.851
2024-07-11 22:00:00,30.614,30.865
2024-07-11 23:00:00,30.551,30.869
2024-07-12 00:00:00,30.549,30.853
2024-07-12 01:00:00,30.578,30.815
2024-07-12 02:00:00,30.622,30.793
2024-07-12 03:00:00,30.625,30.787
2024-07-12 04:00:00,30.6,30.77
2024-07-12 05:00:00,30.555,30.751
2024-07-12 06:00:00,30.456,30.751
2024-07-12 07:00:00,30.452,30.754
2024-07-12 08:00:00,30.558,30.761
2024-07-12 09:00:00,30.481,30.788
2024-07-12 10:00:00,30.489,30.819
2024-07-12 11:00:00,30.511,30.841
2024-07-12 12:00:00,30.508,30.846
2024-07-12 13:00:00,30.531,30.842
2024-07-12 14:00:00,30.56,30.819
2024-07-12 15:00:00,30.585,30.798
2024-07-12 16:00:00,30.596,30.801
2024-07-12 17:00:00,30.582,30.815
2024-07-12 18:00:00,30.54,30.806
2024-07-12 19:00:00,30.568,30.794
2024-07-12 20:00:00,30.595,30.823
2024-07-12 21:00:00,30.605,30.832
2024-07-12 22:00:00,30.591,30.839
2024-07-12 23:00:00,30.593,30.84
2024-07-13 00:00:00,30.603,30.836
2024-07-13 01:00:00,30.623,30.836
2024-07-13 02:00:00,30.629,30.832
2024-07-13 03:00:00,30.617,30.778
2024-07-13 04:00:00,30.596,30.763
2024-07-13 05:00:00,30.574,30.754
2024-07-13 06:00:00,30.574,30.741
2024-07-13 07:00:00,30.582,30.752
2024-07-13 08:00:00,30.575,30.782
2024-07-13 09:00:00,30.572,30.827
2024-07-13 10:00:00,30.597,30.833
2024-07-13 11:00:00,30.627,30.827
2024-07-13 12:00:00,30.646,30.829
2024-07-13 13:00:00,30.651,30.838
2024-07-13 14:00:00,30.646,30.825
2024-07-13 15:00:00,30.616,30.832
2024-07-13 16:00:00,30.596,30.838
2024-07-13 17:00:00,30.585,30.852
2024-07-13 18:00:00,30.581,30.848
2024-07-13 19:00:00,30.576,30.829
2024-07-13 20:00:00,30.575,30.791
2024-07-13 21:00:00,30.577,30.807
2024-07-13 22:00:00,30.583,30.823
2024-07-13 23:00:00,30.597,30.821
2024-07-14 00:00:00,30.606,30.819
2024-07-14 01:00:00,30.617,30.822
2024-07-14 02:00:00,30.666,30.829
2024-07-14 03:00:00,30.649,30.831
2024-07-14 04:00:00,30.627,30.829
2024-07-14 05:00:00,30.607,30.804
2024-07-14 06:00:00,30.584,30.81
2024-07-14 07:00:00,30.58,30.815
2024-07-14 08:00:00,30.581,30.815
2024-07-14 09:00:00,30.592,30.819
2024-07-14 10:00:00,30.629,30.821
2024-07-14 11:00:00,30.645,30.825
2024-07-14 12:00:00,30.616,30.82
2024-07-14 13:00:00,30.6,30.819
2024-07-14 14:00:00,30.574,30.824
2024-07-14 15:00:00,30.62,30.822
2024-07-14 16:00:00,30.642,30.818
2024-07-14 17:00:00,30.622,30.767
2024-07-14 18:00:00,30.541,30.74
2024-07-14 19:00:00,30.531,30.754
2024-07-14 20:00:00,30.439,30.755
2024-07-14 21:00:00,30.394,30.76
2024-07-14 22:00:00,30.308,30.884
2024-07-14 23:00:00,30.216,30.94
2024-07-15 00:00:00,30.196,30.945
2024-07-15 01:00:00,30.19,30.938
2024-07-15 02:00:00,30.193,30.934
2024-07-15 03:00:00,30.222,30.882
2024-07-15 04:00:00,30.301,30.861
2024-07-15 05:00:00,30.371,30.832
2024-07-15 06:00:00,30.384,30.808
2024-07-15 07:00:00,30.399,30.823
2024-07-15 08:00:00,30.394,30.847
2024-07-15 09:00:00,30.339,30.931
2024-07-15 10:00:00,30.301,30.937
2024-07-15 11:00:00,30.309,30.911
2024-07-15 12:00:00,30.262,30.857
2024-07-15 13:00:00,30.224,30.828
2024-07-15 14:00:00,30.209,30.815
2024-07-15 15:00:00,30.205,30.84
2024-07-15 16:00:00,30.227,30.886
2024-07-15 17:00:00,30.258,30.895
2024-07-15 18:00:00,30.226,30.888
2024-07-15 19:00:00,30.252,30.893
2024-07-15 20:00:00,30.246,30.885
2024-07-15 21:00:00,30.243,30.822
2024-07-15 22:00:00,30.252,30.729
2024-07-15 23:00:00,30.194,30.736
2024-07-16 00:00:00,30.186,30.82
2024-07-16 01:00:00,30.143,30.838
2024-07-16 02:00:00,30.245,30.846
2024-07-16 03:00:00,30.26,30.832
2024-07-16 04:00:00,30.265,30.846
2024-07-16 05:00:00,30.221,30.855
2024-07-16 06:00:00,30.171,30.856
2024-07-16 07:00:00,30.18,30.866
2024-07-16 08:00:00,30.191,30.864
2024-07-16 09:00:00,30.185,30.849
2024-07-16 10:00:00,30.19,30.825
2024-07-16 11:00:00,30.277,30.805
2024-07-16 12:00:00,30.263,30.829
2024-07-16 13:00:00,30.199,30.846
2024-07-16 14:00:00,30.068,30.853
2024-07-16 15:00:00,30.084,30.841
2024-07-16 16:00:00,30.11,30.852
2024-07-16 17:00:00,30.175,30.843
2024-07-16 18:00:00,30.265,30.828
2024-07-16 19:00:00,30.268,30.835
2024-07-16 20:00:00,30.272,30.778
2024-07-16 21:00:00,30.191,30.65
2024-07-16 22:00:00,30.083,30.671
2024-07-16 23:00:00,29.959,30.614
2024-07-17 00:00:00,29.991,30.654
2024-07-17 01:00:00,30.076,30.634
2024-07-17 02:00:00,30.121,30.697
2024-07-17 03:00:00,30.194,30.762
2024-07-17 04:00:00,30.12,30.817
2024-07-17 05:00:00,30.16,30.824
2024-07-17 06:00:00,30.224,30.822
2024-07-17 07:00:00,30.217,30.81
2024-07-17 08:00:00,30.208,30.8
2024-07-17 09:00:00,30.22,30.784
2024-07-17 10:00:00,30.216,30.789
2024-07-17 11:00:00,30.373,30.81
2024-07-17 12:00:00,30.266,30.814
2024-07-17 13:00:00,30.268,30.834
2024-07-17 14:00:00,30.121,30.84
2024-07-17 15:00:00,30.105,30.834
2024-07-17 16:00:00,30.094,30.823
2024-07-17 17:00:00,30.098,30.817
2024-07-17 18:00:00,30.108,30.789
2024-07-17 19:00:00,30.13,30.753
2024-07-17 20:00:00,30.089,30.668
2024-07-17 21:00:00,29.604,30.609
2024-07-17 22:00:00,29.184,30.591
2024-07-17 23:00:00,29.148,30.574
2024-07-18 00:00:00,29.149,30.546
2024-07-18 01:00:00,29.16,30.564
2024-07-18 02:00:00,29.173,30.607
2024-07-18 03:00:00,29.188,30.679
2024-07-18 04:00:00,29.203,30.742
2024-07-18 05:00:00,29.48,30.749
2024-07-18 06:00:00,30.22,30.786
2024-07-18 07:00:00,29.933,30.798
2024-07-18 08:00:00,29.76,30.787
2024-07-18 09:00:00,29.707,30.777
2024-07-18 10:00:00,29.702,30.774
2024-07-18 11:00:00,29.801,30.792
2024-07-18 12:00:00,29.961,30.807
2024-07-18 13:00:00,29.764,30.807
2024-07-18 14:00:00,29.652,30.828
2024-07-18 15:00:00,29.432,30.831
2024-07-18 16:00:00,29.36,30.839
2024-07-18 17:00:00,29.293,30.824
2024-07-18 18:00:00,29.264,30.796
2024-07-18 19:00:00,29.259,30.753
2024-07-18 20:00:00,29.286,30.718
2024-07-18 21:00:00,29.371,30.648
2024-07-18 22:00:00,29.428,30.596
2024-07-18 23:00:00,29.377,30.568
2024-07-19 00:00:00,29.255,30.568
2024-07-19 01:00:00,29.246,30.576
2024-07-19 02:00:00,29.248,30.579
2024-07-19 03:00:00,29.245,30.582
2024-07-19 04:00:00,29.34,30.678
2024-07-19 05:00:00,29.424,30.737
2024-07-19 06:00:00,29.3,30.754
2024-07-19 07:00:00,29.301,30.775
2024-07-19 08:00:00,29.44,30.763
2024-07-19 09:00:00,29.454,30.746
2024-07-19 10:00:00,29.434,30.739
2024-07-19 11:00:00,29.435,30.748
2024-07-19 12:00:00,29.463,30.795
2024-07-19 13:00:00,29.395,30.798
2024-07-19 14:00:00,29.297,30.819
2024-07-19 15:00:00,29.363,30.806
2024-07-19 16:00:00,29.43,30.853
2024-07-19 17:00:00,29.269,30.825
2024-07-19 18:00:00,29.268,30.699
2024-07-19 19:00:00,29.276,30.723
2024-07-19 20:00:00,29.304,30.698
2024-07-19 21:00:00,29.313,30.688
2024-07-19 22:00:00,29.338,30.716
2024-07-19 23:00:00,29.333,30.809
2024-07-20 00:00:00,29.327,30.855
2024-07-20 01:00:00,29.317,30.875
2024-07-20 02:00:00,29.322,30.883
2024-07-20 03:00:00,29.32,30.888
2024-07-20 04:00:00,29.323,30.774
2024-07-20 05:00:00,29.251,30.662
2024-07-20 06:00:00,29.279,30.694
2024-07-20 07:00:00,29.33,30.737
2024-07-20 08:00:00,29.286,30.741
2024-07-20 09:00:00,29.347,30.724
2024-07-20 10:00:00,29.368,30.718
2024-07-20 11:00:00,29.369,30.72
2024-07-20 12:00:00,29.52,30.734
2024-07-20 13:00:00,29.368,30.739
2024-07-20 14:00:00,29.294,30.753
2024-07-20 15:00:00,29.298,30.767
2024-07-20 16:00:00,29.331,30.725
2024-07-20 17:00:00,29.257,30.716
2024-07-20 18:00:00,29.19,30.715
2024-07-20 19:00:00,29.177,30.724
2024-07-20 20:00:00,29.201,30.761
2024-07-20 21:00:00,29.239,30.792
2024-07-20 22:00:00,29.373,30.839
2024-07-20 23:00:00,29.384,30.864
2024-07-21 00:00:00,29.422,30.852
2024-07-21 01:00:00,29.477,30.832
2024-07-21 02:00:00,29.439,30.831
2024-07-21 03:00:00,29.343,30.845
2024-07-21 04:00:00,29.312,30.864
2024-07-21 05:00:00,29.301,30.809
2024-07-21 06:00:00,29.262,30.715
2024-07-21 07:00:00,29.216,30.669
2024-07-21 08:00:00,29.182,30.68
2024-07-21 09:00:00,29.227,30.697
2024-07-21 10:00:00,29.317,30.703
2024-07-21 11:00:00,29.31,30.699
2024-07-21 12:00:00,29.305,30.696
2024-07-21 13:00:00,29.308,30.7
2024-07-21 14:00:00,29.215,30.705
2024-07-21 15:00:00,29.176,30.709
2024-07-21 16:00:00,29.181,30.71
2024-07-21 17:00:00,29.183,30.707
2024-07-21 18:00:00,29.2,30.7
2024-07-21 19:00:00,29.193,30.71
2024-07-21 20:00:00,29.22,30.736
2024-07-21 21:00:00,29.19,30.755
2024-07-21 22:00:00,29.182,30.753
2024-07-21 23:00:00,29.188,30.756
2024-07-22 00:00:00,29.232,30.769
2024-07-22 01:00:00,29.272,30.772
2024-07-22 02:00:00,29.231,30.755
2024-07-22 03:00:00,29.22,30.751
2024-07-22 04:00:00,29.215,30.769
2024-07-22 05:00:00,29.214,30.757
2024-07-22 06:00:00,29.195,30.712
2024-07-22 07:00:00,29.19,30.65
2024-07-22 08:00:00,29.207,30.632
2024-07-22 09:00:00,29.227,30.643
2024-07-22 10:00:00,29.211,30.655
2024-07-22 11:00:00,29.208,30.663
2024-07-22 12:00:00,29.208,30.664
2024-07-22 13:00:00,29.206,30.667
2024-07-22 14:00:00,29.218,30.666
2024-07-22 15:00:00,29.226,30.674
2024-07-22 16:00:00,29.195,30.682
2024-07-22 17:00:00,29.132,30.714
2024-07-22 18:00:00,29.048,30.806
2024-07-22 19:00:00,29.003,30.88
2024-07-22 20:00:00,28.875,30.9
2024-07-22 21:00:00,28.876,30.828
2024-07-22 22:00:00,28.853,30.751
2024-07-22 23:00:00,28.884,30.712
2024-07-23 00:00:00,28.877,30.699
2024-07-23 01:00:00,28.893,30.685
2024-07-23 02:00:00,28.886,30.682
2024-07-23 03:00:00,28.944,30.684
2024-07-23 04:00:00,29.066,30.695
2024-07-23 05:00:00,29.077,30.714
2024-07-23 06:00:00,29.036,30.723
2024-07-23 07:00:00,28.887,30.703
2024-07-23 08:00:00,28.857,30.656
2024-07-23 09:00:00,28.857,30.605
2024-07-23 10:00:00,28.831,30.608
2024-07-23 11:00:00,29.174,30.614
2024-07-23 12:00:00,29.223,30.623
2024-07-23 13:00:00,29.121,30.623
2024-07-23 14:00:00,29.071,30.628
2024-07-23 15:00:00,29.018,30.686
2024-07-23 16:00:00,28.851,30.79
2024-07-23 17:00:00,28.859,31.033
2024-07-23 18:00:00,28.834,31.072
2024-07-23 19:00:00,28.854,31.082
2024-07-23 20:00:00,28.841,31.07
2024-07-23 21:00:00,28.845,31.035
2024-07-23 22:00:00,28.844,30.938
2024-07-23 23:00:00,28.934,30.82
2024-07-24 00:00:00,28.915,30.689
2024-07-24 01:00:00,29.015,30.652
2024-07-24 02:00:00,29.21,30.62
2024-07-24 03:00:00,29.303,30.592
2024-07-24 04:00:00,29.227,30.585
2024-07-24 05:00:00,29.25,30.636
2024-07-24 06:00:00,29.296,30.691
2024-07-24 07:00:00,29.328,30.761
2024-07-24 08:00:00,29.213,30.807
2024-07-24 09:00:00,29.312,30.826
2024-07-24 10:00:00,29.001,30.803
2024-07-24 11:00:00,28.897,30.775
2024-07-24 12:00:00,28.888,30.759
2024-07-24 13:00:00,28.906,30.763
2024-07-24 14:00:00,28.898,30.77
2024-07-24 15:00:00,28.94,30.853
2024-07-24 16:00:00,29.03,30.917
2024-07-24 17:00:00,29.155,30.938
2024-07-24 18:00:00,29.038,30.989
2024-07-24 19:00:00,29.129,31.001
2024-07-24 20:00:00,28.818,31.007
2024-07-24 21:00:00,28.755,30.985
2024-07-24 22:00:00,28.761,30.922
2024-07-24 23:00:00,28.778,30.817
2024-07-25 00:00:00,28.758,30.729
2024-07-25 01:00:00,28.79,30.638
2024-07-25 02:00:00,29.063,30.575
2024-07-25 03:00:00,29.139,30.547
2024-07-25 04:00:00,29.122,30.545
2024-07-25 05:00:00,28.969,30.569
2024-07-25 06:00:00,28.767,30.622
2024-07-25 07:00:00,28.722,30.675
2024-07-25 08:00:00,28.817,30.74
2024-07-25 09:00:00,28.784,30.827
2024-07-25 10:00:00,28.735,30.869
2024-07-25 11:00:00,28.75,30.928
2024-07-25 12:00:00,28.878,30.944
2024-07-25 13:00:00,29.025,30.932
2024-07-25 14:00:00,28.971,30.781
2024-07-25 15:00:00,28.874,30.77
2024-07-25 16:00:00,28.795,30.668
2024-07-25 17:00:00,28.682,30.781
2024-07-25 18:00:00,28.563,30.82
2024-07-25 19:00:00,28.291,30.853
2024-07-25 20:00:00,28.172,30.858
2024-07-25 21:00:00,28.175,30.842
2024-07-25 22:00:00,28.21,30.811
2024-07-25 23:00:00,28.231,30.702
2024-07-26 00:00:00,28.215,30.734
2024-07-26 01:00:00,28.285,30.707
2024-07-26 02:00:00,28.419,30.645
2024-07-26 03:00:00,28.508,30.623
2024-07-26 04:00:00,28.572,30.607
2024-07-26 05:00:00,28.648,30.528
2024-07-26 06:00:00,28.71,30.475
2024-07-26 07:00:00,28.716,30.392
2024-07-26 08:00:00,28.781,30.386
2024-07-26 09:00:00,28.874,30.515
2024-07-26 10:00:00,29.044,30.473
2024-07-26 11:00:00,29.273,30.793
2024-07-26 12:00:00,29.364,30.895
2024-07-26 13:00:00,29.346,30.887
2024-07-26 14:00:00,29.344,30.854
2024-07-26 15:00:00,29.292,30.789
2024-07-26 16:00:00,29.23,30.68
2024-07-26 17:00:00,29.164,30.593
2024-07-26 18:00:00,29.091,30.58
2024-07-26 19:00:00,29.028,30.538
2024-07-26 20:00:00,28.986,30.538
2024-07-26 21:00:00,29.06,30.562
2024-07-26 22:00:00,29.163,30.64
2024-07-26 23:00:00,29.269,30.669
2024-07-27 00:00:00,29.361,30.693
2024-07-27 01:00:00,29.367,30.689
2024-07-27 02:00:00,29.329,30.675
2024-07-27 03:00:00,29.375,30.672
2024-07-27 04:00:00,29.317,30.64
2024-07-27 05:00:00,29.261,30.643
2024-07-27 06:00:00,29.134,30.633
2024-07-27 07:00:00,29.029,30.666
2024-07-27 08:00:00,29.053,30.686
2024-07-27 09:00:00,29.067,30.765
2024-07-27 10:00:00,29.084,30.841
2024-07-27 11:00:00,29.064,30.869
2024-07-27 12:00:00,29.026,30.886
2024-07-27 13:00:00,29.005,30.893
2024-07-27 14:00:00,29.022,30.896
2024-07-27 15:00:00,29.101,30.884
2024-07-27 16:00:00,29.192,30.86
2024-07-27 17:00:00,29.234,30.834
2024-07-27 18:00:00,29.223,30.763
2024-07-27 19:00:00,29.068,30.684
2024-07-27 20:00:00,28.964,30.587
2024-07-27 21:00:00,28.956,30.535
2024-07-27 22:00:00,28.94,30.56
2024-07-27 23:00:00,28.958,30.591
2024-07-28 00:00:00,28.946,30.676
2024-07-28 01:00:00,28.959,30.802
2024-07-28 02:00:00,28.946,30.813
2024-07-28 03:00:00,28.948,30.811
2024-07-28 04:00:00,28.959,30.826
2024-07-28 05:00:00,28.992,30.817
2024-07-28 06:00:00,29.05,30.791
2024-07-28 07:00:00,29.005,30.754
2024-07-28 08:00:00,28.971,30.68
2024-07-28 09:00:00,29.007,30.696
2024-07-28 10:00:00,29.069,30.631
2024-07-28 11:00:00,29.063,30.658
2024-07-28 12:00:00,29.029,30.754
2024-07-28 13:00:00,29.078,30.797
2024-07-28 14:00:00,29.105,30.724
2024-07-28 15:00:00,29.106,30.733
2024-07-28 16:00:00,29.061,30.707
2024-07-28 17:00:00,29.029,30.686
2024-07-28 18:00:00,29.006,30.675
2024-07-28 19:00:00,28.999,30.598
2024-07-28 20:00:00,29.076,30.561
2024-07-28 21:00:00,29.221,30.528
2024-07-28 22:00:00,29.318,30.534
2024-07-28 23:00:00,29.335,30.542
2024-07-29 00:00:00,29.314,30.562
2024-07-29 01:00:00,29.281,30.593
2024-07-29 02:00:00,29.315,30.636
2024-07-29 03:00:00,29.323,30.657
2024-07-29 04:00:00,29.389,30.696
2024-07-29 05:00:00,29.536,30.704
2024-07-29 06:00:00,29.63,30.682
2024-07-29 07:00:00,29.675,30.647
2024-07-29 08:00:00,29.672,30.616
2024-07-29 09:00:00,29.593,30.585
2024-07-29 10:00:00,29.538,30.637
2024-07-29 11:00:00,29.508,30.891
2024-07-29 12:00:00,29.493,31.091
2024-07-29 13:00:00,29.499,31.112
2024-07-29 14:00:00,29.641,31.065
2024-07-29 15:00:00,29.772,30.847
2024-07-29 16:00:00,29.794,30.618
2024-07-29 17:00:00,29.894,30.708
2024-07-29 18:00:00,30.005,30.742
2024-07-29 19:00:00,30.032,30.934
2024-07-29 20:00:00,29.993,30.947
2024-07-29 21:00:00,29.94,30.955
2024-07-29 22:00:00,29.917,30.972
2024-07-29 23:00:00,29.93,30.976
2024-07-30 00:00:00,29.968,30.976
2024-07-30 01:00:00,30.04,30.972
2024-07-30 02:00:00,30.08,31.011
2024-07-30 03:00:00,30.029,31.063
2024-07-30 04:00:00,29.935,31.117
2024-07-30 05:00:00,29.893,31.137
2024-07-30 06:00:00,29.864,31.153
2024-07-30 07:00:00,29.877,31.184
2024-07-30 08:00:00,29.874,31.209
2024-07-30 09:00:00,29.863,31.217
2024-07-30 10:00:00,29.875,31.226
2024-07-30 11:00:00,29.902,31.234
2024-07-30 12:00:00,29.911,31.242
2024-07-30 13:00:00,29.976,31.246
2024-07-30 14:00:00,30.037,31.243
2024-07-30 15:00:00,30.058,31.23
2024-07-30 16:00:00,30.014,31.205
2024-07-30 17:00:00,29.934,31.177
2024-07-30 18:00:00,29.908,31.135
2024-07-30 19:00:00,29.89,31.063
2024-07-30 20:00:00,29.863,31.013
2024-07-30 21:00:00,29.825,30.974
2024-07-30 22:00:00,29.794,30.967
2024-07-30 23:00:00,29.701,30.984
2024-07-31 00:00:00,29.643,31.021
2024-07-31 01:00:00,29.648,31.072
2024-07-31 02:00:00,29.705,31.112
2024-07-31 03:00:00,29.788,31.145
2024-07-31 04:00:00,29.87,31.162
2024-07-31 05:00:00,29.919,31.187
2024-07-31 06:00:00,29.945,31.203
2024-07-31 07:00:00,30.111,31.192
2024-07-31 08:00:00,30.084,31.191
2024-07-31 09:00:00,30.044,31.2
2024-07-31 10:00:00,30.004,31.211
2024-07-31 11:00:00,29.935,31.216
2024-07-31 12:00:00,29.931,31.215
2024-07-31 13:00:00,29.912,31.223
2024-07-31 14:00:00,29.872,31.223
2024-07-31 15:00:00,29.853,31.223
2024-07-31 16:00:00,29.853,31.219
2024-07-31 17:00:00,29.846,31.207
2024-07-31 18:00:00,29.838,31.188
2024-07-31 19:00:00,29.819,31.156
2024-07-31 20:00:00,29.79,31.115
2024-07-31 21:00:00,29.823,31.065
2024-07-31 22:00:00,29.846,31.033
2024-07-31 23:00:00,29.79,31.016
2024-08-01 00:00:00,29.715,31.027
2024-08-01 01:00:00,29.662,31.065
2024-08-01 02:00:00,29.642,31.096
2024-08-01 03:00:00,29.661,31.128
2024-08-01 04:00:00,29.7,31.146
2024-08-01 05:00:00,29.788,31.152
2024-08-01 06:00:00,29.94,31.128
2024-08-01 07:00:00,29.996,31.093
2024-08-01 08:00:00,29.979,31.087
2024-08-01 09:00:00,29.976,31.08
2024-08-01 10:00:00,29.97,31.082
2024-08-01 11:00:00,29.997,31.103
2024-08-01 12:00:00,30.006,31.129
2024-08-01 13:00:00,29.923,31.153
2024-08-01 14:00:00,29.792,31.17
2024-08-01 15:00:00,29.781,31.176
2024-08-01 16:00:00,29.828,31.176
2024-08-01 17:00:00,29.842,31.173
2024-08-01 18:00:00,29.818,31.167
2024-08-01 19:00:00,29.811,31.142
2024-08-01 20:00:00,29.784,31.109
2024-08-01 21:00:00,29.813,31.074
2024-08-01 22:00:00,29.752,31.031
2024-08-01 23:00:00,29.696,30.998
2024-08-02 00:00:00,29.719,30.984
2024-08-02 01:00:00,29.678,30.993
2024-08-02 02:00:00,29.664,31.019
2024-08-02 03:00:00,29.657,31.053
2024-08-02 04:00:00,29.676,31.078
2024-08-02 05:00:00,29.706,31.097
2024-08-02 06:00:00,29.779,31.089
2024-08-02 07:00:00,29.801,31.063
2024-08-02 08:00:00,29.951,31.041
2024-08-02 09:00:00,29.989,31.025
2024-08-02 10:00:00,29.986,31.026
2024-08-02 11:00:00,29.982,31.024
2024-08-02 12:00:00,29.984,31.054
2024-08-02 13:00:00,29.836,31.087
2024-08-02 14:00:00,29.785,31.119
2024-08-02 15:00:00,29.804,31.133
2024-08-02 16:00:00,30.05,31.14
2024-08-02 17:00:00,30.125,31.143
2024-08-02 18:00:00,30.138,31.135
2024-08-02 19:00:00,30.071,31.12
2024-08-02 20:00:00,29.984,31.088
2024-08-02 21:00:00,30.029,31.054
2024-08-02 22:00:00,29.886,31.015
2024-08-02 23:00:00,29.721,30.981
2024-08-03 00:00:00,29.695,30.952
2024-08-03 01:00:00,29.745,30.949
2024-08-03 02:00:00,29.762,30.959
2024-08-03 03:00:00,29.719,30.983
2024-08-03 04:00:00,29.746,31.014
2024-08-03 05:00:00,30.099,31.035
2024-08-03 06:00:00,30.064,31.049
2024-08-03 07:00:00,29.824,31.051
2024-08-03 08:00:00,29.816,31.039
2024-08-03 09:00:00,29.962,31.02
2024-08-03 10:00:00,30.093,31.009
2024-08-03 11:00:00,30.113,31.001
2024-08-03 12:00:00,30.054,31.005
2024-08-03 13:00:00,29.996,31.02
2024-08-03 14:00:00,29.874,31.053
2024-08-03 15:00:00,29.807,31.088
2024-08-03 16:00:00,29.943,31.107
2024-08-03 17:00:00,30.079,31.113
2024-08-03 18:00:00,30.109,31.111
2024-08-03 19:00:00,30.086,31.102
2024-08-03 20:00:00,30.086,31.08
2024-08-03 21:00:00,30.104,31.049
2024-08-03 22:00:00,30.09,31.006
2024-08-03 23:00:00,30.088,30.975
2024-08-04 00:00:00,29.964,30.952
2024-08-04 01:00:00,29.882,30.932
2024-08-04 02:00:00,29.814,30.93
2024-08-04 03:00:00,29.75,30.942
2024-08-04 04:00:00,29.725,30.969
2024-08-04 05:00:00,29.73,31.002
2024-08-04 06:00:00,29.744,31.017
2024-08-04 07:00:00,29.912,31.016
2024-08-04 08:00:00,30.017,31.018
2024-08-04 09:00:00,30.083,31.007
2024-08-04 10:00:00,30.064,30.981
2024-08-04 11:00:00,30.012,30.975
2024-08-04 12:00:00,30.026,30.971
2024-08-04 13:00:00,30.085,30.984
2024-08-04 14:00:00,30.102,31.013
2024-08-04 15:00:00,30.031,31.056
2024-08-04 16:00:00,29.983,31.065
2024-08-04 17:00:00,30.098,31.074
2024-08-04 18:00:00,30.124,31.067
2024-08-04 19:00:00,30.099,31.049
2024-08-04 20:00:00,30.08,31.027
2024-08-04 21:00:00,30.097,30.994
2024-08-04 22:00:00,30.122,30.948
2024-08-04 23:00:00,30.122,30.91
2024-08-05 00:00:00,30.071,30.87
2024-08-05 01:00:00,30.027,30.831
2024-08-05 02:00:00,30.018,30.814
2024-08-05 03:00:00,29.9,30.809
2024-08-05 04:00:00,29.872,30.821
2024-08-05 05:00:00,29.882,30.841
2024-08-05 06:00:00,29.917,30.871
2024-08-05 07:00:00,29.966,30.898
2024-08-05 08:00:00,29.976,30.922
2024-08-05 09:00:00,29.992,30.94
2024-08-05 10:00:00,29.999,30.947
2024-08-05 11:00:00,29.965,30.949
2024-08-05 12:00:00,29.888,30.949
2024-08-05 13:00:00,29.857,30.953
2024-08-05 14:00:00,29.929,30.962
2024-08-05 15:00:00,30.008,30.969
2024-08-05 16:00:00,30.005,30.97
2024-08-05 17:00:00,29.957,30.964
2024-08-05 18:00:00,29.939,30.953
2024-08-05 19:00:00,29.909,30.94
2024-08-05 20:00:00,29.893,30.924
2024-08-05 21:00:00,29.892,30.907
2024-08-05 22:00:00,29.9,30.877
2024-08-05 23:00:00,29.911,30.838
2024-08-06 00:00:00,29.909,30.803
2024-08-06 01:00:00,29.847,30.769
2024-08-06 02:00:00,29.784,30.752
2024-08-06 03:00:00,29.849,30.742
2024-08-06 04:00:00,29.616,30.749
2024-08-06 05:00:00,29.557,30.766
2024-08-06 06:00:00,29.563,30.792
2024-08-06 07:00:00,29.563,30.823
2024-08-06 08:00:00,29.541,30.856
2024-08-06 09:00:00,29.6,30.886
2024-08-06 10:00:00,29.809,30.9
2024-08-06 11:00:00,29.897,30.9
2024-08-06 12:00:00,29.9,30.898
2024-08-06 13:00:00,29.885,30.893
2024-08-06 14:00:00,29.899,30.889
2024-08-06 15:00:00,29.93,30.886
2024-08-06 16:00:00,29.924,30.869
2024-08-06 17:00:00,29.835,30.852
2024-08-06 18:00:00,29.778,30.839
2024-08-06 19:00:00,29.709,30.828
2024-08-06 20:00:00,29.678,30.822
2024-08-06 21:00:00,29.667,30.812
2024-08-06 22:00:00,29.666,30.794
2024-08-06 23:00:00,29.661,30.766
2024-08-07 00:00:00,29.645,30.729
2024-08-07 01:00:00,29.639,30.702
2024-08-07 02:00:00,29.629,30.69
2024-08-07 03:00:00,29.617,30.679
2024-08-07 04:00:00,29.604,30.682
2024-08-07 05:00:00,29.6,30.689
2024-08-07 06:00:00,29.599,30.701
2024-08-07 07:00:00,29.6,30.718
2024-08-07 08:00:00,29.608,30.743
2024-08-07 09:00:00,29.619,30.776
2024-08-07 10:00:00,29.626,30.806
2024-08-07 11:00:00,29.634,30.829
2024-08-07 12:00:00,29.655,30.835
2024-08-07 13:00:00,29.663,30.828
2024-08-07 14:00:00,29.669,30.816
2024-08-07 15:00:00,29.659,30.8
2024-08-07 16:00:00,29.64,30.789
2024-08-07 17:00:00,29.625,30.782
2024-08-07 18:00:00,29.616,30.775
2024-08-07 19:00:00,29.596,30.771
2024-08-07 20:00:00,29.595,30.774
2024-08-07 21:00:00,29.619,30.774
2024-08-07 22:00:00,29.647,30.764
2024-08-07 23:00:00,29.659,30.747
2024-08-08 00:00:00,29.665,30.725
2024-08-08 01:00:00,29.63,30.704
2024-08-08 02:00:00,29.618,30.688
2024-08-08 03:00:00,29.649,30.678
2024-08-08 04:00:00,29.681,30.677
2024-08-08 05:00:00,29.694,30.683
2024-08-08 06:00:00,29.714,30.694
2024-08-08 07:00:00,29.722,30.707
2024-08-08 08:00:00,29.721,30.722
2024-08-08 09:00:00,29.693,30.738
2024-08-08 10:00:00,29.668,30.755
2024-08-08 11:00:00,29.648,30.775
2024-08-08 12:00:00,29.639,30.796
2024-08-08 13:00:00,29.66,30.798
2024-08-08 14:00:00,29.724,30.786
2024-08-08 15:00:00,29.766,30.764
2024-08-08 16:00:00,29.736,30.743
2024-08-08 17:00:00,29.668,30.736
2024-08-08 18:00:00,29.663,30.725
2024-08-08 19:00:00,29.682,30.723
2024-08-08 20:00:00,29.692,30.733
2024-08-08 21:00:00,29.705,30.745
2024-08-08 22:00:00,29.711,30.745
2024-08-08 23:00:00,29.705,30.732
2024-08-09 00:00:00,29.705,30.715
2024-08-09 01:00:00,29.709,30.704
2024-08-09 02:00:00,29.695,30.691
2024-08-09 03:00:00,29.685,30.681
2024-08-09 04:00:00,29.698,30.673
2024-08-09 05:00:00,29.734,30.672
2024-08-09 06:00:00,29.775,30.676
2024-08-09 07:00:00,29.776,30.684
2024-08-09 08:00:00,29.764,30.697
2024-08-09 09:00:00,29.751,30.71
2024-08-09 10:00:00,29.725,30.721
2024-08-09 11:00:00,29.716,30.742
2024-08-09 12:00:00,29.73,30.772
2024-08-09 13:00:00,29.803,30.805
2024-08-09 14:00:00,29.845,30.8
2024-08-09 15:00:00,29.849,30.762
2024-08-09 16:00:00,29.843,30.734
2024-08-09 17:00:00,29.808,30.704
2024-08-09 18:00:00,29.763,30.688
2024-08-09 19:00:00,29.785,30.684
2024-08-09 20:00:00,29.793,30.709
2024-08-09 21:00:00,29.795,30.724
2024-08-09 22:00:00,29.813,30.736
2024-08-09 23:00:00,29.822,30.739
2024-08-10 00:00:00,29.812,30.727
2024-08-10 01:00:00,29.81,30.692
2024-08-10 02:00:00,29.827,30.692
2024-08-10 03:00:00,29.843,30.691
2024-08-10 04:00:00,29.854,30.685
2024-08-10 05:00:00,29.9,30.674
2024-08-10 06:00:00,30.121,30.664
2024-08-10 07:00:00,30.248,30.652
2024-08-10 08:00:00,30.243,30.669
2024-08-10 09:00:00,30.349,30.715
2024-08-10 10:00:00,30.415,30.722
2024-08-10 11:00:00,30.41,30.73
2024-08-10 12:00:00,30.4,30.725
2024-08-10 13:00:00,30.399,30.709
2024-08-10 14:00:00,30.404,30.678
2024-08-10 15:00:00,30.41,30.656
2024-08-10 16:00:00,30.417,30.64
2024-08-10 17:00:00,30.434,30.62
2024-08-10 18:00:00,30.322,30.661
2024-08-10 19:00:00,30.178,30.686
2024-08-10 20:00:00,30.158,30.672
2024-08-10 21:00:00,30.164,30.655
2024-08-10 22:00:00,30.198,30.652
2024-08-10 23:00:00,30.224,30.648
2024-08-11 00:00:00,30.288,30.648
2024-08-11 01:00:00,30.396,30.654
2024-08-11 02:00:00,30.426,30.659
2024-08-11 03:00:00,30.422,30.664
2024-08-11 04:00:00,30.402,30.659
2024-08-11 05:00:00,30.354,30.645
2024-08-11 06:00:00,30.277,30.623
2024-08-11 07:00:00,30.23,30.598
2024-08-11 08:00:00,30.205,30.686
2024-08-11 09:00:00,30.189,30.867
2024-08-11 10:00:00,30.19,30.926
2024-08-11 11:00:00,30.206,30.959
2024-08-11 12:00:00,30.215,30.964
2024-08-11 13:00:00,30.209,30.936
2024-08-11 14:00:00,30.192,30.831
2024-08-11 15:00:00,30.2,30.635
2024-08-11 16:00:00,30.198,30.563
2024-08-11 17:00:00,30.196,30.549
2024-08-11 18:00:00,30.182,30.541
2024-08-11 19:00:00,30.153,30.559
2024-08-11 20:00:00,30.144,30.59
2024-08-11 21:00:00,30.073,30.645
2024-08-11 22:00:00,29.981,30.672
2024-08-11 23:00:00,30.063,30.703
2024-08-12 00:00:00,30.137,30.635
2024-08-12 01:00:00,30.152,30.637
2024-08-12 02:00:00,30.179,30.586
2024-08-12 03:00:00,30.222,30.567
2024-08-12 04:00:00,30.255,30.571
2024-08-12 05:00:00,30.3,30.571
2024-08-12 06:00:00,30.328,30.566
2024-08-12 07:00:00,30.31,30.562
2024-08-12 08:00:00,30.323,30.596
2024-08-12 09:00:00,30.294,30.695
2024-08-12 10:00:00,30.269,30.91
2024-08-12 11:00:00,30.252,30.994
2024-08-12 12:00:00,30.246,30.992
2024-08-12 13:00:00,30.249,30.992
2024-08-12 14:00:00,30.263,30.994
2024-08-12 15:00:00,30.291,30.998
2024-08-12 16:00:00,30.264,30.966
2024-08-12 17:00:00,30.264,30.719
2024-08-12 18:00:00,30.309,30.646
2024-08-12 19:00:00,30.212,30.665
2024-08-12 20:00:00,30.165,30.617
2024-08-12 21:00:00,30.164,30.644
2024-08-12 22:00:00,30.187,30.683
2024-08-12 23:00:00,30.225,30.702
2024-08-13 00:00:00,30.237,30.744
2024-08-13 01:00:00,30.238,30.895
2024-08-13 02:00:00,30.251,31.002
2024-08-13 03:00:00,30.194,31.02
2024-08-13 04:00:00,30.147,31.027
2024-08-13 05:00:00,30.099,31.032
2024-08-13 06:00:00,30.094,31.046
2024-08-13 07:00:00,30.096,31.05
2024-08-13 08:00:00,30.101,31.035
2024-08-13 09:00:00,30.112,31.021
2024-08-13 10:00:00,30.125,31.04
2024-08-13 11:00:00,30.141,31.038
2024-08-13 12:00:00,30.165,31.037
2024-08-13 13:00:00,30.179,31.035
2024-08-13 14:00:00,30.171,
2024-08-13 15:00:00,30.15,
2024-08-13 16:00:00,30.146,
2024-08-13 17:00:00,30.164,
2024-08-13 18:00:00,30.154,
2024-08-13 19:00:00,30.143,
2024-08-13 20:00:00,30.122,
2024-08-13 21:00:00,30.08,
2024-08-13 22:00:00,30.054,
2024-08-13 23:00:00,30.051,
2024-08-14 00:00:00,30.068,
2024-08-14 01:00:00,30.09,
2024-08-14 02:00:00,30.125,
2024-08-14 03:00:00,30.146,
2024-08-14 04:00:00,30.208,
2024-08-14 05:00:00,30.226,
2024-08-14 06:00:00,30.201,
2024-08-14 07:00:00,30.178,
2024-08-14 08:00:00,30.178,
2024-08-14 09:00:00,30.189,
2024-08-14 10:00:00,30.2,
2024-08-14 11:00:00,30.167,
2024-08-14 12:00:00,30.163,
2024-08-14 13:00:00,30.147,
2024-08-14 14:00:00,30.131,
2024-08-14 15:00:00,30.127,
2024-08-14 16:00:00,30.139,
2024-08-14 17:00:00,30.124,
2024-08-14 18:00:00,30.083,
2024-08-14 19:00:00,30.066,
2024-08-14 20:00:00,30.021,
2024-08-14 21:00:00,30.008,
2024-08-14 22:00:00,30.015,
2024-08-14 23:00:00,30.022,
2024-08-15 00:00:00,30.03,
2024-08-15 01:00:00,30.044,
2024-08-15 02:00:00,30.052,
2024-08-15 03:00:00,30.079,
2024-08-15 04:00:00,30.101,
2024-08-15 05:00:00,30.119,
2024-08-15 06:00:00,30.147,
2024-08-15 07:00:00,30.153,
2024-08-15 08:00:00,30.157,
2024-08-15 09:00:00,30.15,
2024-08-15 10:00:00,30.157,
2024-08-15 11:00:00,30.161,
2024-08-15 12:00:00,30.07,
2024-08-15 13:00:00,30.041,
2024-08-15 14:00:00,30.063,
2024-08-15 15:00:00,30.106,
2024-08-15 16:00:00,30.121,
2024-08-15 17:00:00,30.124,
2024-08-15 18:00:00,30.13,
2024-08-15 19:00:00,30.137,
2024-08-15 20:00:00,30.202,
2024-08-15 21:00:00,30.295,
2024-08-15 22:00:00,30.243,
2024-08-15 23:00:00,30.206,
2024-08-16 00:00:00,30.246,
2024-08-16 01:00:00,30.349,
2024-08-16 02:00:00,30.299,
2024-08-16 03:00:00,30.283,
2024-08-16 04:00:00,30.366,
2024-08-16 05:00:00,30.476,
2024-08-16 06:00:00,30.478,
2024-08-16 07:00:00,30.508,
2024-08-16 08:00:00,30.504,
2024-08-16 09:00:00,30.502,
2024-08-16 10:00:00,30.532,
2024-08-16 11:00:00,30.574,
2024-08-16 12:00:00,30.589,
2024-08-16 13:00:00,30.586,
2024-08-16 14:00:00,30.587,
2024-08-16 15:00:00,30.58,
2024-08-16 16:00:00,30.564,
2024-08-16 17:00:00,30.54,
2024-08-16 18:00:00,30.498,
2024-08-16 19:00:00,30.381,
2024-08-16 20:00:00,30.282,
2024-08-16 21:00:00,30.213,
2024-08-16 22:00:00,30.204,
2024-08-16 23:00:00,30.216,
2024-08-17 00:00:00,30.283,
2024-08-17 01:00:00,30.309,
2024-08-17 02:00:00,30.334,
2024-08-17 03:00:00,30.332,
2024-08-17 04:00:00,30.315,
2024-08-17 05:00:00,30.291,
2024-08-17 06:00:00,30.254,
2024-08-17 07:00:00,30.255,
2024-08-17 08:00:00,30.238,
2024-08-17 09:00:00,30.248,
2024-08-17 10:00:00,30.253,
2024-08-17 11:00:00,30.307,
2024-08-17 12:00:00,30.505,
2024-08-17 13:00:00,30.529,
2024-08-17 14:00:00,30.612,
2024-08-17 15:00:00,30.631,
2024-08-17 16:00:00,30.619,
2024-08-17 17:00:00,30.61,
2024-08-17 18:00:00,30.604,
2024-08-17 19:00:00,30.591,
2024-08-17 20:00:00,30.55,
2024-08-17 21:00:00,30.537,
2024-08-17 22:00:00,30.546,
2024-08-17 23:00:00,30.513,
2024-08-18 00:00:00,30.541,
2024-08-18 01:00:00,30.586,
2024-08-18 02:00:00,30.613,
2024-08-18 03:00:00,30.626,
2024-08-18 04:00:00,30.632,
2024-08-18 05:00:00,30.649,
2024-08-18 06:00:00,30.584,
2024-08-18 07:00:00,30.592,
2024-08-18 08:00:00,30.614,
2024-08-18 09:00:00,30.613,
2024-08-18 10:00:00,30.603,
2024-08-18 11:00:00,30.618,
2024-08-18 12:00:00,30.604,
2024-08-18 13:00:00,30.595,
2024-08-18 14:00:00,30.648,
2024-08-18 15:00:00,30.748,30.824
2024-08-18 16:00:00,30.78,30.826
2024-08-18 17:00:00,30.79,30.808
2024-08-18 18:00:00,30.789,30.821
2024-08-18 19:00:00,30.782,30.816
2024-08-18 20:00:00,30.772,30.803
2024-08-18 21:00:00,30.74,30.773
2024-08-18 22:00:00,30.709,30.756
2024-08-18 23:00:00,30.669,30.705
2024-08-19 00:00:00,30.669,30.698
2024-08-19 01:00:00,30.688,30.715
2024-08-19 02:00:00,30.63,30.725
2024-08-19 03:00:00,30.636,30.738
2024-08-19 04:00:00,30.744,30.774
2024-08-19 05:00:00,30.724,30.766
2024-08-19 06:00:00,30.714,30.749
2024-08-19 07:00:00,30.646,30.724
2024-08-19 08:00:00,30.593,30.663
2024-08-19 09:00:00,30.58,30.615
2024-08-19 10:00:00,30.486,30.609
2024-08-19 11:00:00,30.338,30.609
2024-08-19 12:00:00,30.334,30.643
2024-08-19 13:00:00,30.367,30.68
2024-08-19 14:00:00,30.484,30.732
2024-08-19 15:00:00,30.581,30.768
2024-08-19 16:00:00,30.63,30.782
2024-08-19 17:00:00,30.647,30.791
2024-08-19 18:00:00,30.654,30.794
2024-08-19 19:00:00,30.652,30.783
2024-08-19 20:00:00,30.644,30.766
2024-08-19 21:00:00,30.624,30.719
2024-08-19 22:00:00,30.483,30.686
2024-08-19 23:00:00,30.409,30.66
2024-08-20 00:00:00,30.36,30.653
2024-08-20 01:00:00,30.363,30.654
2024-08-20 02:00:00,30.424,30.667
2024-08-20 03:00:00,30.525,30.678
2024-08-20 04:00:00,30.583,30.693
2024-08-20 05:00:00,30.644,30.699
2024-08-20 06:00:00,30.647,30.689
2024-08-20 07:00:00,30.529,30.677
2024-08-20 08:00:00,30.456,30.657
2024-08-20 09:00:00,30.535,30.627
2024-08-20 10:00:00,30.418,30.603
2024-08-20 11:00:00,30.327,30.596
2024-08-20 12:00:00,30.338,30.606
2024-08-20 13:00:00,30.382,30.629
2024-08-20 14:00:00,30.402,30.668
2024-08-20 15:00:00,30.459,30.711
2024-08-20 16:00:00,30.603,30.744
2024-08-20 17:00:00,30.71,30.761
2024-08-20 18:00:00,30.753,30.782
2024-08-20 19:00:00,30.754,30.787
2024-08-20 20:00:00,30.737,30.774
2024-08-20 21:00:00,30.708,30.743
2024-08-20 22:00:00,30.643,30.697
2024-08-20 23:00:00,30.573,30.635
2024-08-21 00:00:00,30.587,30.617
2024-08-21 01:00:00,30.633,30.666
2024-08-21 02:00:00,30.624,30.67
2024-08-21 03:00:00,30.597,30.68
2024-08-21 04:00:00,30.581,30.687
2024-08-21 05:00:00,30.59,30.715
2024-08-21 06:00:00,30.674,30.745
2024-08-21 07:00:00,30.687,30.732
2024-08-21 08:00:00,30.661,30.705
2024-08-21 09:00:00,30.608,30.695
2024-08-21 10:00:00,30.549,30.692
2024-08-21 11:00:00,30.511,30.671
2024-08-21 12:00:00,30.482,30.604
2024-08-21 13:00:00,30.471,30.613
2024-08-21 14:00:00,30.415,30.598
2024-08-21 15:00:00,30.397,30.665
2024-08-21 16:00:00,30.486,30.718
2024-08-21 17:00:00,30.554,30.748
2024-08-21 18:00:00,30.648,30.769
2024-08-21 19:00:00,30.731,30.777
2024-08-21 20:00:00,30.738,30.772
2024-08-21 21:00:00,30.714,30.758
2024-08-21 22:00:00,30.61,30.732
2024-08-21 23:00:00,30.473,30.735
2024-08-22 00:00:00,30.364,30.738
2024-08-22 01:00:00,30.41,30.721
2024-08-22 02:00:00,30.538,30.701
2024-08-22 03:00:00,30.608,30.692
2024-08-22 04:00:00,30.621,30.681
2024-08-22 05:00:00,30.602,30.673
2024-08-22 06:00:00,30.589,30.684
2024-08-22 07:00:00,30.638,30.715
2024-08-22 08:00:00,30.609,30.736
2024-08-22 09:00:00,30.526,30.727
2024-08-22 10:00:00,30.427,30.689
2024-08-22 11:00:00,30.41,30.655
2024-08-22 12:00:00,30.387,30.637
2024-08-22 13:00:00,30.342,30.64
2024-08-22 14:00:00,30.355,30.657
2024-08-22 15:00:00,30.38,30.688
2024-08-22 16:00:00,30.402,30.685
2024-08-22 17:00:00,30.463,30.683
2024-08-22 18:00:00,30.522,30.681
2024-08-22 19:00:00,30.501,30.695
2024-08-22 20:00:00,30.469,30.698
2024-08-22 21:00:00,30.453,30.688
2024-08-22 22:00:00,30.405,30.679
2024-08-22 23:00:00,30.37,30.673
2024-08-23 00:00:00,30.35,30.662
2024-08-23 01:00:00,30.349,30.65
2024-08-23 02:00:00,30.378,30.643
2024-08-23 03:00:00,30.385,30.641
2024-08-23 04:00:00,30.387,30.639
2024-08-23 05:00:00,30.378,30.651
2024-08-23 06:00:00,30.408,30.657
2024-08-23 07:00:00,30.469,30.66
2024-08-23 08:00:00,30.457,30.656
2024-08-23 09:00:00,30.4,30.641
2024-08-23 10:00:00,30.359,30.616
2024-08-23 11:00:00,30.369,30.57
2024-08-23 12:00:00,30.38,30.538
2024-08-23 13:00:00,30.374,30.539
2024-08-23 14:00:00,30.346,30.559
2024-08-23 15:00:00,30.325,30.595
2024-08-23 16:00:00,30.313,30.596
2024-08-23 17:00:00,30.33,30.62
2024-08-23 18:00:00,30.298,30.627
2024-08-23 19:00:00,30.316,30.642
2024-08-23 20:00:00,30.363,30.651
2024-08-23 21:00:00,30.454,30.641
2024-08-23 22:00:00,30.43,30.621
2024-08-23 23:00:00,30.373,30.587
2024-08-24 00:00:00,30.349,30.547
2024-08-24 01:00:00,30.358,30.508
2024-08-24 02:00:00,30.329,30.504
2024-08-24 03:00:00,30.304,30.496
2024-08-24 04:00:00,30.281,30.52
2024-08-24 05:00:00,30.285,30.552
2024-08-24 06:00:00,30.322,30.577
2024-08-24 07:00:00,30.314,30.596
2024-08-24 08:00:00,30.309,30.615
2024-08-24 09:00:00,30.32,30.613
2024-08-24 10:00:00,30.367,30.584
2024-08-24 11:00:00,30.347,30.572
2024-08-24 12:00:00,30.354,30.559
2024-08-24 13:00:00,30.346,30.49
2024-08-24 14:00:00,30.331,30.437
2024-08-24 15:00:00,30.323,30.423
2024-08-24 16:00:00,30.295,30.522
2024-08-24 17:00:00,30.287,30.55
2024-08-24 18:00:00,30.285,30.563
2024-08-24 19:00:00,30.265,30.582
2024-08-24 20:00:00,30.244,30.613
2024-08-24 21:00:00,30.246,30.624
2024-08-24 22:00:00,30.272,30.61
2024-08-24 23:00:00,30.327,30.566
2024-08-25 00:00:00,30.337,30.535
2024-08-25 01:00:00,30.345,30.499
2024-08-25 02:00:00,30.35,30.467
2024-08-25 03:00:00,30.252,30.442
2024-08-25 04:00:00,30.245,30.448
2024-08-25 05:00:00,30.274,30.487
2024-08-25 06:00:00,30.31,30.51
2024-08-25 07:00:00,30.335,30.526
2024-08-25 08:00:00,30.309,30.588
2024-08-25 09:00:00,30.327,30.616
2024-08-25 10:00:00,30.349,30.632
2024-08-25 11:00:00,30.354,30.642
2024-08-25 12:00:00,30.36,30.647
2024-08-25 13:00:00,30.381,30.611
2024-08-25 14:00:00,30.357,30.564
2024-08-25 15:00:00,30.327,30.509
2024-08-25 16:00:00,30.263,30.487
2024-08-25 17:00:00,30.215,30.454
2024-08-25 18:00:00,30.221,30.456
2024-08-25 19:00:00,30.231,30.458
2024-08-25 20:00:00,30.262,30.48
2024-08-25 21:00:00,30.299,30.513
2024-08-25 22:00:00,30.298,30.524
2024-08-25 23:00:00,30.304,30.534
2024-08-26 00:00:00,30.3,30.551
2024-08-26 01:00:00,30.338,30.529
2024-08-26 02:00:00,30.346,30.507
2024-08-26 03:00:00,30.306,30.498
2024-08-26 04:00:00,30.248,30.5
2024-08-26 05:00:00,30.235,30.512
2024-08-26 06:00:00,30.22,30.522
2024-08-26 07:00:00,30.293,30.54
2024-08-26 08:00:00,30.345,30.556
2024-08-26 09:00:00,30.364,30.608
2024-08-26 10:00:00,30.399,30.673
2024-08-26 11:00:00,30.407,30.682
2024-08-26 12:00:00,30.436,30.645
2024-08-26 13:00:00,30.474,30.594
2024-08-26 14:00:00,30.492,30.539
2024-08-26 15:00:00,30.465,30.501
2024-08-26 16:00:00,30.437,30.475
2024-08-26 17:00:00,30.395,30.441
2024-08-26 18:00:00,30.358,30.413
2024-08-26 19:00:00,30.318,30.38
2024-08-26 20:00:00,30.321,30.365
2024-08-26 21:00:00,30.371,30.401
2024-08-26 22:00:00,30.422,30.455
2024-08-26 23:00:00,30.452,30.496
2024-08-27 00:00:00,30.409,30.508
2024-08-27 01:00:00,30.406,30.441
2024-08-27 02:00:00,30.474,30.505
2024-08-27 03:00:00,30.511,30.546
2024-08-27 04:00:00,30.564,30.601
2024-08-27 05:00:00,30.525,30.602
2024-08-27 06:00:00,30.478,30.591
2024-08-27 07:00:00,30.487,30.586
2024-08-27 08:00:00,30.484,30.543
2024-08-27 09:00:00,30.472,30.532
2024-08-27 10:00:00,30.434,30.493
2024-08-27 11:00:00,30.453,30.494
2024-08-27 12:00:00,30.464,30.499
2024-08-27 13:00:00,30.471,30.532
2024-08-27 14:00:00,30.467,30.567
2024-08-27 15:00:00,30.459,30.608
2024-08-27 16:00:00,30.433,30.606
2024-08-27 17:00:00,30.425,30.588
2024-08-27 18:00:00,30.372,30.558
2024-08-27 19:00:00,30.275,30.496
2024-08-27 20:00:00,30.272,30.462
2024-08-27 21:00:00,30.291,30.478
2024-08-27 22:00:00,30.345,30.535
2024-08-27 23:00:00,30.523,30.571
2024-08-28 00:00:00,30.556,30.592
2024-08-28 01:00:00,30.564,30.597
2024-08-28 02:00:00,30.556,30.606
2024-08-28 03:00:00,30.504,30.61
2024-08-28 04:00:00,30.444,30.601
2024-08-28 05:00:00,30.425,30.556
2024-08-28 06:00:00,30.415,30.525
2024-08-28 07:00:00,30.397,30.518
2024-08-28 08:00:00,30.341,30.543
2024-08-28 09:00:00,30.314,30.621
2024-08-28 10:00:00,30.31,30.627
2024-08-28 11:00:00,30.347,30.632
2024-08-28 12:00:00,30.397,30.642
2024-08-28 13:00:00,30.443,30.655
2024-08-28 14:00:00,30.458,30.663
2024-08-28 15:00:00,30.448,30.672
2024-08-28 16:00:00,30.405,30.673
2024-08-28 17:00:00,30.365,30.674
2024-08-28 18:00:00,30.355,30.672
2024-08-28 19:00:00,30.308,30.65
2024-08-28 20:00:00,30.338,30.634
2024-08-28 21:00:00,30.43,30.611
2024-08-28 22:00:00,30.485,30.592
2024-08-28 23:00:00,30.511,30.589
2024-08-29 00:00:00,30.521,30.6
2024-08-29 01:00:00,30.547,30.616
2024-08-29 02:00:00,30.531,30.637
2024-08-29 03:00:00,30.465,30.643
2024-08-29 04:00:00,30.371,30.617
2024-08-29 05:00:00,30.307,30.57
2024-08-29 06:00:00,30.214,30.531
2024-08-29 07:00:00,30.205,30.531
2024-08-29 08:00:00,30.203,30.543
2024-08-29 09:00:00,30.211,30.551
2024-08-29 10:00:00,30.266,30.56
2024-08-29 11:00:00,30.32,30.604
2024-08-29 12:00:00,30.401,30.686
2024-08-29 13:00:00,30.53,30.726
2024-08-29 14:00:00,30.603,30.729
2024-08-29 15:00:00,30.663,30.714
2024-08-29 16:00:00,30.665,30.701
2024-08-29 17:00:00,30.632,30.686
2024-08-29 18:00:00,30.592,30.659
2024-08-29 19:00:00,30.568,30.633
2024-08-29 20:00:00,30.52,30.606
2024-08-29 21:00:00,30.448,30.583
2024-08-29 22:00:00,30.389,30.564
2024-08-29 23:00:00,30.395,30.548
2024-08-30 00:00:00,30.433,30.542
2024-08-30 01:00:00,30.444,30.543
2024-08-30 02:00:00,30.46,30.553
2024-08-30 03:00:00,30.45,30.585
2024-08-30 04:00:00,30.446,30.593
2024-08-30 05:00:00,30.479,30.595
2024-08-30 06:00:00,30.534,30.598
2024-08-30 07:00:00,30.485,30.591
2024-08-30 08:00:00,30.379,30.58
2024-08-30 09:00:00,30.372,30.562
2024-08-30 10:00:00,30.424,30.581
2024-08-30 11:00:00,30.483,30.602
2024-08-30 12:00:00,30.467,30.618
2024-08-30 13:00:00,30.452,30.635
2024-08-30 14:00:00,30.474,30.647
2024-08-30 15:00:00,30.492,30.65
2024-08-30 16:00:00,30.512,30.638
2024-08-30 17:00:00,30.513,30.61
2024-08-30 18:00:00,30.501,30.57
2024-08-30 19:00:00,30.479,30.542
2024-08-30 20:00:00,30.447,30.515
2024-08-30 21:00:00,30.426,30.502
2024-08-30 22:00:00,30.414,30.488
2024-08-30 23:00:00,30.406,30.48
2024-08-31 00:00:00,30.39,30.473
2024-08-31 01:00:00,30.378,30.482
2024-08-31 02:00:00,30.376,30.511
2024-08-31 03:00:00,30.399,30.54
2024-08-31 04:00:00,30.399,30.545
2024-08-31 05:00:00,30.41,30.525
2024-08-31 06:00:00,30.425,30.534
2024-08-31 07:00:00,30.455,30.55
2024-08-31 08:00:00,30.467,30.558
2024-08-31 09:00:00,30.453,30.557
2024-08-31 10:00:00,30.444,30.558
2024-08-31 11:00:00,30.438,30.562
2024-08-31 12:00:00,30.464,30.554
2024-08-31 13:00:00,30.469,30.552
2024-08-31 14:00:00,30.435,30.55
2024-08-31 15:00:00,30.438,30.565
2024-08-31 16:00:00,30.482,30.615
2024-08-31 17:00:00,30.498,30.631
2024-08-31 18:00:00,30.488,30.637
2024-08-31 19:00:00,30.471,30.623
2024-08-31 20:00:00,30.43,30.592
2024-08-31 21:00:00,30.394,30.546
2024-08-31 22:00:00,30.394,30.521
2024-08-31 23:00:00,30.385,30.496
2024-09-01 00:00:00,30.378,30.499
2024-09-01 01:00:00,30.35,30.51
2024-09-01 02:00:00,30.316,30.54
2024-09-01 03:00:00,30.327,30.562
2024-09-01 04:00:00,30.364,30.574
2024-09-01 05:00:00,30.413,30.578
2024-09-01 06:00:00,30.39,30.563
2024-09-01 07:00:00,30.38,30.545
2024-09-01 08:00:00,30.402,30.521
2024-09-01 09:00:00,30.437,30.517
2024-09-01 10:00:00,30.474,30.522
2024-09-01 11:00:00,30.463,30.518
2024-09-01 12:00:00,30.464,30.535
2024-09-01 13:00:00,30.452,30.589
2024-09-01 14:00:00,30.42,30.636
2024-09-01 15:00:00,30.381,30.643
2024-09-01 16:00:00,30.416,30.648
2024-09-01 17:00:00,30.455,30.657
2024-09-01 18:00:00,30.489,30.654
2024-09-01 19:00:00,30.487,30.643
2024-09-01 20:00:00,30.428,30.62
2024-09-01 21:00:00,30.346,30.594
2024-09-01 22:00:00,30.306,30.573
2024-09-01 23:00:00,30.302,30.557
2024-09-02 00:00:00,30.283,30.548
2024-09-02 01:00:00,30.276,30.556
2024-09-02 02:00:00,30.248,30.565
2024-09-02 03:00:00,30.298,30.575
2024-09-02 04:00:00,30.381,30.587
2024-09-02 05:00:00,30.404,30.598
2024-09-02 06:00:00,30.378,30.6
2024-09-02 07:00:00,30.317,30.592
2024-09-02 08:00:00,30.305,30.568
2024-09-02 09:00:00,30.35,30.544
2024-09-02 10:00:00,30.405,30.526
2024-09-02 11:00:00,30.448,30.517
2024-09-02 12:00:00,30.439,30.536
2024-09-02 13:00:00,30.434,30.549
2024-09-02 14:00:00,30.422,30.616
2024-09-02 15:00:00,30.339,30.637
2024-09-02 16:00:00,30.275,30.655
2024-09-02 17:00:00,30.338,30.665
2024-09-02 18:00:00,30.431,30.668
2024-09-02 19:00:00,30.466,30.663
2024-09-02 20:00:00,30.442,30.646
2024-09-02 21:00:00,30.365,30.626
2024-09-02 22:00:00,30.266,30.61
2024-09-02 23:00:00,30.22,30.593
2024-09-03 00:00:00,30.158,30.577
2024-09-03 01:00:00,30.11,30.567
2024-09-03 02:00:00,30.083,30.561
2024-09-03 03:00:00,30.074,30.559
2024-09-03 04:00:00,30.095,30.565
2024-09-03 05:00:00,30.154,30.575
2024-09-03 06:00:00,30.216,30.599
2024-09-03 07:00:00,30.269,30.614
2024-09-03 08:00:00,30.299,30.613
2024-09-03 09:00:00,30.215,30.598
2024-09-03 10:00:00,30.129,30.578
2024-09-03 11:00:00,30.109,30.519
2024-09-03 12:00:00,30.12,30.51
2024-09-03 13:00:00,30.105,30.535
2024-09-03 14:00:00,30.085,30.599
2024-09-03 15:00:00,30.084,30.629
2024-09-03 16:00:00,30.069,30.626
2024-09-03 17:00:00,30.148,30.617
2024-09-03 18:00:00,30.2,30.627
2024-09-03 19:00:00,30.264,30.633
2024-09-03 20:00:00,30.276,30.626
2024-09-03 21:00:00,30.318,30.61
2024-09-03 22:00:00,30.277,30.593
2024-09-03 23:00:00,30.228,30.576
2024-09-04 00:00:00,30.149,30.551
2024-09-04 01:00:00,30.059,30.531
2024-09-04 02:00:00,30.011,30.516
2024-09-04 03:00:00,29.987,30.519
2024-09-04 04:00:00,30.021,30.521
2024-09-04 05:00:00,29.988,30.523
2024-09-04 06:00:00,30.066,30.547
2024-09-04 07:00:00,30.107,30.573
2024-09-04 08:00:00,30.17,30.594
2024-09-04 09:00:00,30.248,30.606
2024-09-04 10:00:00,30.28,30.609
2024-09-04 11:00:00,30.194,30.602
2024-09-04 12:00:00,30.128,30.594
2024-09-04 13:00:00,30.147,30.589
2024-09-04 14:00:00,30.176,30.58
2024-09-04 15:00:00,30.176,30.579
2024-09-04 16:00:00,30.207,30.588
2024-09-04 17:00:00,30.278,30.581
2024-09-04 18:00:00,30.348,30.579
2024-09-04 19:00:00,30.37,30.58
2024-09-04 20:00:00,30.381,30.594
2024-09-04 21:00:00,30.373,30.6
2024-09-04 22:00:00,30.371,30.602
2024-09-04 23:00:00,30.368,30.6
2024-09-05 00:00:00,30.304,30.525
2024-09-05 01:00:00,30.156,30.39
2024-09-05 02:00:00,30.027,30.359
2024-09-05 03:00:00,30.088,30.387
2024-09-05 04:00:00,30.186,30.552
2024-09-05 05:00:00,30.338,30.573
2024-09-05 06:00:00,30.409,30.574
2024-09-05 07:00:00,30.37,30.575
2024-09-05 08:00:00,30.347,30.591
2024-09-05 09:00:00,30.311,30.603
2024-09-05 10:00:00,30.308,30.612
2024-09-05 11:00:00,30.269,30.603
2024-09-05 12:00:00,30.265,30.427
2024-09-05 13:00:00,30.255,30.408
2024-09-05 14:00:00,30.207,30.493
2024-09-05 15:00:00,30.133,30.586
2024-09-05 16:00:00,30.145,30.62
2024-09-05 17:00:00,30.227,30.679
2024-09-05 18:00:00,30.334,30.726
2024-09-05 19:00:00,30.398,30.777
2024-09-05 20:00:00,30.393,30.792
2024-09-05 21:00:00,30.384,30.774
2024-09-05 22:00:00,30.388,30.754
2024-09-05 23:00:00,30.357,30.723
2024-09-06 00:00:00,30.163,30.713
2024-09-06 01:00:00,30.071,30.71
2024-09-06 02:00:00,30.072,30.716
2024-09-06 03:00:00,30.084,30.752
2024-09-06 04:00:00,30.116,30.781
2024-09-06 05:00:00,30.285,30.761
2024-09-06 06:00:00,30.277,30.75
2024-09-06 07:00:00,30.224,30.808
2024-09-06 08:00:00,30.211,30.853
2024-09-06 09:00:00,30.215,30.89
2024-09-06 10:00:00,30.229,30.853
2024-09-06 11:00:00,30.242,30.821
2024-09-06 12:00:00,30.241,30.792
2024-09-06 13:00:00,30.248,30.77
2024-09-06 14:00:00,30.239,30.73
2024-09-06 15:00:00,30.207,30.635
2024-09-06 16:00:00,30.205,30.521
2024-09-06 17:00:00,30.212,30.547
2024-09-06 18:00:00,30.236,30.595
2024-09-06 19:00:00,30.25,30.65
2024-09-06 20:00:00,30.261,30.72
2024-09-06 21:00:00,30.264,30.782
2024-09-06 22:00:00,30.271,30.791
2024-09-06 23:00:00,30.268,30.779
2024-09-07 00:00:00,30.263,30.726
2024-09-07 01:00:00,30.257,30.693
2024-09-07 02:00:00,30.254,30.666
2024-09-07 03:00:00,30.259,30.58
2024-09-07 04:00:00,30.266,30.545
2024-09-07 05:00:00,30.189,30.579
2024-09-07 06:00:00,30.176,30.595
2024-09-07 07:00:00,30.188,30.684
2024-09-07 08:00:00,30.183,30.851
2024-09-07 09:00:00,30.182,30.866
2024-09-07 10:00:00,30.181,30.865
2024-09-07 11:00:00,30.176,30.857
2024-09-07 12:00:00,30.179,30.782
2024-09-07 13:00:00,30.174,30.706
2024-09-07 14:00:00,30.123,30.634
2024-09-07 15:00:00,30.085,30.688
2024-09-07 16:00:00,30.061,30.735
2024-09-07 17:00:00,30.025,30.692
2024-09-07 18:00:00,30.012,30.663
2024-09-07 19:00:00,30.02,30.658
2024-09-07 20:00:00,30.142,30.718
2024-09-07 21:00:00,30.214,30.739
2024-09-07 22:00:00,30.206,30.723
2024-09-07 23:00:00,30.209,30.703
2024-09-08 00:00:00,30.207,30.715
